url,price,address,area,energy,rooms,bedrooms,bathrooms,year
https://www.funda.nl//en/detail/koop/amsterdam/appartement-kempenlaan-61/44414963/,495000,1066 RA Amsterdam,117,120,5,3,1,1994
https://www.funda.nl//en/detail/koop/amsterdam/appartement-zomerdijkstraat-25-2/80860450/,675000,1079 WZ Amsterdam,84,275,4,3,1,1936
https://www.funda.nl//en/detail/koop/amsterdam/appartement-hebridenlaan-4-e/44411832/,270000,1060 LV Amsterdam,31,210,1,1,1,2003
https://www.funda.nl//en/detail/koop/amsterdam/appartement-driedistelstraat-33/44466295/,695000,1031 JT Amsterdam,91,30,3,2,1,2022
https://www.funda.nl//en/detail/koop/amsterdam/appartement-eendrachtstraat-8-2/44495242/,799000,1078 XX Amsterdam,96,275,5,3,1,1929
https://www.funda.nl//en/detail/koop/amsterdam/appartement-stadionweg-310-3/43323797/,780000,1076 PK Amsterdam,92,160,4,3,1,1930
https://www.funda.nl//en/detail/koop/amsterdam/appartement-janusz-korczakstraat-26/44429222/,499000,1102 JN Amsterdam,115,120,4,2,1,2002
https://www.funda.nl//en/detail/koop/amsterdam/appartement-amstelveenseweg-94-a/44486843/,645000,1075 XJ Amsterdam,68,90,2,1,1,2000
https://www.funda.nl//en/detail/koop/amsterdam/appartement-beethovenstraat-105-d/43324398/,1175000,1077 HX Amsterdam,122,90,3,2,1,1930
https://www.funda.nl//en/detail/koop/amsterdam/appartement-jh-hisgenpad-1084/43375807/,895000,1025 WK Amsterdam,137,30,3,2,1,2025
https://www.funda.nl//en/detail/koop/amsterdam/appartement-hoofdweg-370-3/44402124/,475000,1056 DD Amsterdam,55,275,3,2,1,1927
https://www.funda.nl//en/detail/koop/amsterdam/appartement-th-k-van-lohuizenlaan-234/44493650/,750000,1095 DW Amsterdam,105,90,3,2,1,2005
https://www.funda.nl//en/detail/koop/amsterdam/appartement-hemonylaan-19-h/44498956/,500000,1074 BH Amsterdam,50,350,2,1,1,1884
https://www.funda.nl//en/detail/koop/amsterdam/appartement-leuvenstraat-136/80821076/,545000,1066 HD Amsterdam,101,90,4,3,1,1993
https://www.funda.nl//en/detail/koop/amsterdam/appartement-tilanusstraat-45-2/44428216/,575000,1091 BE Amsterdam,68,160,3,1,1,1907
https://www.funda.nl//en/detail/koop/amsterdam/appartement-haardstee-29/80838370/,345000,1102 NB Amsterdam,91,120,4,3,1,1981
https://www.funda.nl//en/detail/koop/amsterdam/appartement-loenermark-68/43343852/,475000,1025 SH Amsterdam,96,210,3,2,1,1976
https://www.funda.nl//en/detail/koop/amsterdam/appartement-stadhouderskade-21-d/80833848/,1165000,1054 ES Amsterdam,139,160,3,2,1,1991
https://www.funda.nl//en/detail/koop/amsterdam/appartement-eerste-jacob-van-campenstraat-38-3/44414424/,622000,1072 BG Amsterdam,69,160,3,2,1,1876
https://www.funda.nl//en/detail/koop/amsterdam/appartement-venetiehof-206/44401258/,595000,1019 NE Amsterdam,88,90,3,2,1,1994
https://www.funda.nl//en/detail/koop/amsterdam/appartement-overhoeksparklaan-180/44410876/,900000,1031 KC Amsterdam,96,90,4,2,1,2011
https://www.funda.nl//en/detail/koop/amsterdam/appartement-eemsstraat-76-h/44493322/,800000,1079 TL Amsterdam,106,160,4,3,1,1934
https://www.funda.nl//en/detail/koop/amsterdam/appartement-van-mourik-broekmanstraat-7-h/44497866/,375000,1065 EP Amsterdam,54,275,3,1,1,1958
https://www.funda.nl//en/detail/koop/amsterdam/appartement-herenmarkt-7-b/80843773/,1225000,1013 EC Amsterdam,111,160,3,2,1,1769
https://www.funda.nl//en/detail/koop/amsterdam/appartement-galastraat-173/44425243/,625000,1036 LA Amsterdam,82,30,3,2,1,2024
https://www.funda.nl//en/detail/koop/amsterdam/appartement-jan-tooropstraat-613/80850118/,580000,1061 AE Amsterdam,87,70,3,2,1,2008
https://www.funda.nl//en/detail/koop/amsterdam/appartement-statenjachtstraat-404/44479212/,375000,1034 ES Amsterdam,72,160,4,2,1,1969
https://www.funda.nl//en/detail/koop/amsterdam/appartement-daniel-stalpertstraat-23-b/44419409/,899000,1072 XA Amsterdam,100,160,4,2,1,1880
https://www.funda.nl//en/detail/koop/amsterdam/appartement-jan-zwanenburghof-22-3/44405520/,375000,1063 JL Amsterdam,70,350,4,3,1,1954
https://www.funda.nl//en/detail/koop/amsterdam/appartement-pontsteiger-112/44416917/,3500000,1014 ZP Amsterdam,193,90,4,3,1,2018
https://www.funda.nl//en/detail/koop/amsterdam/appartement-tintorettostraat-5-1/44466125/,1200000,1077 RM Amsterdam,147,350,6,4,1,1940
https://www.funda.nl//en/detail/koop/amsterdam/appartement-wilhelminastraat-102-3/44406674/,900000,1054 WN Amsterdam,100,210,4,3,1,1904
https://www.funda.nl//en/detail/koop/amsterdam/appartement-rustenburgerstraat-323-2/43236610/,525000,1073 GG Amsterdam,58,210,2,1,1,1921
https://www.funda.nl//en/detail/koop/amsterdam/appartement-hendrik-de-bruynstraat-10-3/44403385/,350000,1065 ED Amsterdam,74,350,3,2,1,1960
https://www.funda.nl//en/detail/koop/amsterdam/appartement-amsteldijk-162-1/44401650/,995000,1079 LH Amsterdam,120,160,5,4,1,1927
https://www.funda.nl//en/detail/koop/amsterdam/appartement-tilanusstraat-57-h/43380868/,480000,1091 BE Amsterdam,76,275,3,2,1,1906
https://www.funda.nl//en/detail/koop/amsterdam/appartement-middenweg-456/44413868/,675000,1097 VC Amsterdam,99,160,4,3,1,1925
https://www.funda.nl//en/detail/koop/amsterdam/appartement-marnixkade-28-2/44413439/,500000,1015 XP Amsterdam,59,90,3,2,1,1905
https://www.funda.nl//en/detail/koop/amsterdam/appartement-bestevaerstraat-193-h/44426397/,500000,1055 TL Amsterdam,64,160,3,2,1,1925
https://www.funda.nl//en/detail/koop/amsterdam/appartement-van-hogendorpstraat-110-4/44482721/,400000,1051 BV Amsterdam,40,275,2,1,1,1900
https://www.funda.nl//en/detail/koop/amsterdam/appartement-westerdoksdijk-461/44405956/,865000,1013 BX Amsterdam,113,70,2,1,1,2008
https://www.funda.nl//en/detail/koop/amsterdam/appartement-radarweg-368/80813087/,950000,1043 NV Amsterdam,101,50,3,2,1,2023
https://www.funda.nl//en/detail/koop/amsterdam/appartement-milletstraat-42-3/44454529/,1595000,1077 ZE Amsterdam,169,160,4,3,1,1931
https://www.funda.nl//en/detail/koop/amsterdam/appartement-lorriestraat-60/44404575/,1188000,1019 XP Amsterdam,124,30,4,3,1,2023
https://www.funda.nl//en/detail/koop/amsterdam/appartement-prinsengracht-715-4v/44466739/,685000,1017 JW Amsterdam,65,160,2,1,1,1727
https://www.funda.nl//en/detail/koop/amsterdam/appartement-jh-hisgenpad-1022/44415196/,850000,1025 WK Amsterdam,126,30,4,3,1,2025
https://www.funda.nl//en/detail/koop/amsterdam/appartement-blauwvoetstraat-21/44489247/,650000,1061 BM Amsterdam,105,90,3,2,1,2009
https://www.funda.nl//en/detail/koop/amsterdam/appartement-weteringschans-7-b/43322185/,650000,1017 RV Amsterdam,72,90,4,3,1,1986
https://www.funda.nl//en/detail/koop/amsterdam/appartement-kiefskamp-54/44456858/,449500,1082 KA Amsterdam,59,275,2,1,1,1965
https://www.funda.nl//en/detail/koop/amsterdam/appartement-marco-polostraat-72-2/44497273/,675000,1057 WS Amsterdam,102,450,5,3,1,1929
https://www.funda.nl//en/detail/koop/amsterdam/appartement-willem-de-zwijgerlaan-334-d11/44403976/,375000,1055 RD Amsterdam,58,160,3,2,1,1959
https://www.funda.nl//en/detail/koop/amsterdam/appartement-jodenbreestraat-16-d/44480391/,625000,1011 NK Amsterdam,71,120,3,2,1,2001
https://www.funda.nl//en/detail/koop/amsterdam/appartement-kinkerstraat-324-2/44429740/,425000,1053 GD Amsterdam,42,120,2,1,1,1899
https://www.funda.nl//en/detail/koop/amsterdam/appartement-leusdenhof-48/80865600/,315000,1108 CT Amsterdam,68,120,3,2,1,1980
https://www.funda.nl//en/detail/koop/amsterdam/appartement-jonas-daniel-meijerplein-17-h/44405892/,595000,1011 RE Amsterdam,60,120,2,1,1,1841
https://www.funda.nl//en/detail/koop/amsterdam/appartement-egelantiersstraat-146/44498043/,700000,1015 PS Amsterdam,68,70,3,2,1,1980
https://www.funda.nl//en/detail/koop/amsterdam/appartement-raoul-wallenbergstraat-175/80861315/,675000,1102 AX Amsterdam,134,90,4,3,1,2010
https://www.funda.nl//en/detail/koop/amsterdam/appartement-hageland-122/44479787/,495000,1066 SB Amsterdam,100,120,5,3,1,1994
https://www.funda.nl//en/detail/koop/amsterdam/appartement-rozengracht-67-a/44483522/,825000,1016 LT Amsterdam,86,90,2,1,1,1992
https://www.funda.nl//en/detail/koop/amsterdam/appartement-vaartstraat-48-3/44427017/,780000,1075 RR Amsterdam,99,210,4,3,1,1913
https://www.funda.nl//en/detail/koop/amsterdam/appartement-frans-van-mierisstraat-18-h/44428244/,1800000,1071 RS Amsterdam,145,210,6,5,1,1911
https://www.funda.nl//en/detail/koop/amsterdam/appartement-chassestraat-94-1/44402293/,775000,1057 JK Amsterdam,88,120,4,2,1,1911
https://www.funda.nl//en/detail/koop/amsterdam/appartement-badhuiskade-111/43285606/,885000,1031 KV Amsterdam,108,30,3,2,1,2021
https://www.funda.nl//en/detail/koop/amsterdam/appartement-ndsm-straat-85/43344187/,630000,1033 NA Amsterdam,72,50,3,2,1,2023
https://www.funda.nl//en/detail/koop/amsterdam/appartement-stuyvesantstraat-56-h/44418347/,400000,1058 AM Amsterdam,49,210,2,1,1,1930
https://www.funda.nl//en/detail/koop/amsterdam/appartement-trouringhstraat-6-2/44418119/,425000,1055 HA Amsterdam,60,210,4,3,1,1940
https://www.funda.nl//en/detail/koop/amsterdam/appartement-oeverpad-414/44405635/,475000,1068 PM Amsterdam,96,90,3,2,1,1998
https://www.funda.nl//en/detail/koop/amsterdam/appartement-boerhaaveplein-11/44425296/,525000,1091 DH Amsterdam,71,120,3,2,1,1988
https://www.funda.nl//en/detail/koop/amsterdam/appartement-houtkopersburgwal-16/80854221/,900000,1011 LL Amsterdam,114,70,3,2,1,1773
https://www.funda.nl//en/detail/koop/amsterdam/appartement-osdorpplein-146/44403622/,450000,1068 EN Amsterdam,98,90,3,2,1,1998
https://www.funda.nl//en/detail/koop/amsterdam/appartement-ladogameerhof-189/43342659/,450000,1060 RE Amsterdam,72,90,3,2,1,1999
https://www.funda.nl//en/detail/koop/amsterdam/appartement-esplanade-de-meer-18/44428422/,700000,1098 WL Amsterdam,114,70,4,3,1,2001
https://www.funda.nl//en/detail/koop/amsterdam/appartement-nieuwe-leliestraat-107-c/44407611/,685000,1015 SM Amsterdam,74,90,3,2,1,2001
https://www.funda.nl//en/detail/koop/amsterdam/appartement-boeckenburg-19/44458627/,550000,1082 CT Amsterdam,85,450,4,3,1,1963
https://www.funda.nl//en/detail/koop/amsterdam/appartement-singel-399-a/44468822/,1249000,1012 WN Amsterdam,138,160,4,3,1,1988
https://www.funda.nl//en/detail/koop/amsterdam/appartement-van-ostadestraat-385-3/44427339/,475000,1074 VX Amsterdam,52,210,2,1,1,1954
https://www.funda.nl//en/detail/koop/amsterdam/appartement-overtoom-136-2/80877228/,650000,1054 HN Amsterdam,69,90,3,2,1,1888
https://www.funda.nl//en/detail/koop/amsterdam/appartement-kerkstraat-266-3/44408381/,1250000,1017 HA Amsterdam,109,90,4,3,1,1933
https://www.funda.nl//en/detail/koop/amsterdam/appartement-kraaienplein-54/44416873/,375000,1021 EG Amsterdam,47,350,2,1,1,1920
https://www.funda.nl//en/detail/koop/amsterdam/appartement-lekstraat-75-h/44473404/,485000,1079 EM Amsterdam,56,210,3,2,1,1934
https://www.funda.nl//en/detail/koop/amsterdam/appartement-camperstraat-20-n/44473564/,765000,1091 AG Amsterdam,82,90,3,2,1,2010
https://www.funda.nl//en/detail/koop/amsterdam/appartement-postjesweg-335/44406705/,450000,1062 JS Amsterdam,81,160,3,2,1,1961
https://www.funda.nl//en/detail/koop/amsterdam/appartement-martini-van-geffenstraat-70/80817327/,550000,1068 GL Amsterdam,114,90,5,3,1,2002
https://www.funda.nl//en/detail/koop/amsterdam/appartement-willem-de-zwijgerlaan-334-d14/44400198/,350000,1055 RD Amsterdam,56,275,3,2,1,1959
https://www.funda.nl//en/detail/koop/amsterdam/appartement-tervurenpad-2/44406424/,525000,1066 JV Amsterdam,86,120,4,3,1,1993
https://www.funda.nl//en/detail/koop/amsterdam/appartement-bijlmerdreef-1247/44426716/,495000,1103 TV Amsterdam,130,90,4,3,1,2003
https://www.funda.nl//en/detail/koop/amsterdam/appartement-lekstraat-66-4/44405556/,1000000,1079 ET Amsterdam,132,120,4,3,1,1932
https://www.funda.nl//en/detail/koop/amsterdam/appartement-oostenburgermiddenstraat-531/44428836/,895000,1018 LH Amsterdam,83,30,3,2,1,2023
https://www.funda.nl//en/detail/koop/amsterdam/appartement-ehrlichstraat-4-1/44426550/,575000,1098 RZ Amsterdam,69,160,4,3,1,1955
https://www.funda.nl//en/detail/koop/amsterdam/appartement-george-gershwinlaan-247/44464657/,1135000,1082 MT Amsterdam,148,50,4,3,1,2011
https://www.funda.nl//en/detail/koop/amsterdam/appartement-zeeburgerkade-588/80879881/,625000,1019 HR Amsterdam,77,210,3,2,1,1990
https://www.funda.nl//en/detail/koop/amsterdam/appartement-ijburglaan-231/80856030/,535000,1086 ZJ Amsterdam,77,90,3,1,1,2009
https://www.funda.nl//en/detail/koop/amsterdam/appartement-bogortuin-225/44498577/,1150000,1019 PE Amsterdam,157,90,4,3,1,2001
https://www.funda.nl//en/detail/koop/amsterdam/appartement-amstel-204-d/44412814/,650000,1017 AH Amsterdam,69,275,2,1,1,1672
https://www.funda.nl//en/detail/koop/amsterdam/appartement-hof-van-versailles-3/44412062/,775000,1064 NX Amsterdam,134,120,5,4,1,1998
https://www.funda.nl//en/detail/koop/amsterdam/appartement-goudsbloemstraat-67/80855361/,825000,1015 JK Amsterdam,87,90,3,3,1,1999
https://www.funda.nl//en/detail/koop/amsterdam/appartement-remmerdenplein-45/89768143/,345000,1106 AG Amsterdam,85,120,3,2,1,1983
https://www.funda.nl//en/detail/koop/amsterdam/appartement-veemkade-1126/44485094/,750000,1019 BZ Amsterdam,108,90,3,2,1,1995
https://www.funda.nl//en/detail/koop/amsterdam/appartement-van-suchtelen-van-de-haarestraat-22-c/43342638/,495000,1068 GV Amsterdam,111,70,3,2,1,2002
https://www.funda.nl//en/detail/koop/amsterdam/appartement-carnapstraat-93/80834509/,695000,1062 KX Amsterdam,97,90,3,2,1,1998
https://www.funda.nl//en/detail/koop/amsterdam/appartement-hiraistraat-5-b178/44401066/,1395000,1101 DA Amsterdam,176,50,4,3,2,2020
https://www.funda.nl//en/detail/koop/amsterdam/appartement-ladogameerhof-277/80870826/,395000,1060 RG Amsterdam,79,90,3,2,1,2000
https://www.funda.nl//en/detail/koop/amsterdam/appartement-kolfschotenstraat-262/44403969/,250000,1104 PE Amsterdam,46,120,1,1,1,1984
https://www.funda.nl//en/detail/koop/amsterdam/appartement-plantage-middenlaan-84-h/43202583/,1250000,1018 DJ Amsterdam,145,90,6,3,1,1890
https://www.funda.nl//en/detail/koop/amsterdam/appartement-kromme-waal-36-3/44411046/,565000,1011 BW Amsterdam,54,160,2,1,1,1805
https://www.funda.nl//en/detail/koop/amsterdam/appartement-vechtstraat-110-2/43324936/,495000,1079 JP Amsterdam,53,120,3,2,1,1934
https://www.funda.nl//en/detail/koop/amsterdam/appartement-willem-de-zwijgerlaan-24-1/44417127/,550000,1056 JR Amsterdam,67,160,3,2,1,1940
https://www.funda.nl//en/detail/koop/amsterdam/appartement-heringa-state-38/44484533/,525000,1082 TS Amsterdam,79,90,3,2,1,1964
https://www.funda.nl//en/detail/koop/amsterdam/appartement-h-gerhardstraat-68/43342724/,599000,1069 TD Amsterdam,117,90,5,4,1,2012
https://www.funda.nl//en/detail/koop/amsterdam/appartement-ruyschstraat-375/44418751/,575000,1091 MS Amsterdam,61,120,3,2,1,1905
https://www.funda.nl//en/detail/koop/amsterdam/appartement-legmeerstraat-45-1/44419513/,500000,1058 NB Amsterdam,62,160,2,1,1,1932
https://www.funda.nl//en/detail/koop/amsterdam/appartement-elisabeth-boddaertstraat-24-3/44470863/,475000,1066 BD Amsterdam,76,120,4,3,1,1959
https://www.funda.nl//en/detail/koop/amsterdam/appartement-droogbak-10-3/44494294/,425000,1013 GG Amsterdam,67,210,4,2,2,1845
https://www.funda.nl//en/detail/koop/amsterdam/appartement-madurastraat-70-1/44416415/,450000,1094 GR Amsterdam,50,120,2,1,1,1912
https://www.funda.nl//en/detail/koop/amsterdam/appartement-maarten-harpertszoon-trompstraat-24-h/89530707/,1175000,1056 JA Amsterdam,172,90,5,4,1,1914
https://www.funda.nl//en/detail/koop/amsterdam/appartement-le-mairekade-54/44414800/,575000,1013 CD Amsterdam,73,120,3,2,1,1985
https://www.funda.nl//en/detail/koop/amsterdam/appartement-jasper-leijnsenstraat-10-3/44495078/,750000,1056 XX Amsterdam,94,160,5,4,1,1934
https://www.funda.nl//en/detail/koop/amsterdam/appartement-van-ostadestraat-139-1/44490785/,1400000,1072 SW Amsterdam,114,90,3,2,1,1901
https://www.funda.nl//en/detail/koop/amsterdam/appartement-olympiaplein-156-2/44470537/,795000,1076 AL Amsterdam,93,210,4,2,1,1935
https://www.funda.nl//en/detail/koop/amsterdam/appartement-merwedeplein-23-1/44412982/,649000,1078 NB Amsterdam,80,210,4,2,1,1937
https://www.funda.nl//en/detail/koop/amsterdam/appartement-de-lierhof-48/80867569/,650000,1059 WE Amsterdam,82,90,3,2,1,2000
https://www.funda.nl//en/detail/koop/amsterdam/appartement-lijnbaansgracht-163-2/80882563/,995000,1016 VX Amsterdam,179,120,4,3,1,1897
https://www.funda.nl//en/detail/koop/amsterdam/appartement-pieter-de-hoochstraat-9-a/44463670/,4450000,1071 ED Amsterdam,270,70,4,2,1,2012
https://www.funda.nl//en/detail/koop/amsterdam/appartement-martini-van-geffenstraat-144/44485605/,475000,1068 GL Amsterdam,107,120,3,2,1,2002
https://www.funda.nl//en/detail/koop/amsterdam/appartement-esther-de-boer-van-rijkstraat-104-2/44480170/,550000,1065 GR Amsterdam,116,210,5,4,1,1957
https://www.funda.nl//en/detail/koop/amsterdam/appartement-werkendamstraat-45/44411718/,250000,1107 KK Amsterdam,45,120,2,1,1,1982
https://www.funda.nl//en/detail/koop/amsterdam/appartement-woestduinstraat-16-g/44428759/,525000,1058 TE Amsterdam,54,90,2,1,1,2016
https://www.funda.nl//en/detail/koop/amsterdam/appartement-de-lierhof-34/43330176/,660000,1059 WE Amsterdam,93,90,3,2,1,2000
https://www.funda.nl//en/detail/koop/amsterdam/appartement-reizigersweg-49/44493074/,390000,1033 WD Amsterdam,85,120,3,2,1,1989
https://www.funda.nl//en/detail/koop/amsterdam/appartement-gerrit-van-der-veenstraat-165-h/43366831/,1595000,1077 EA Amsterdam,142,160,4,3,1,1927
https://www.funda.nl//en/detail/koop/amsterdam/appartement-bouvigne-16-1/44407505/,430000,1083 BN Amsterdam,67,90,3,2,1,1959
https://www.funda.nl//en/detail/koop/amsterdam/appartement-albert-luthulistraat-14-c/43320386/,579000,1091 NV Amsterdam,71,160,4,3,1,1930
https://www.funda.nl//en/detail/koop/amsterdam/appartement-nieuwe-prinsengracht-92-1/44417744/,530000,1018 VW Amsterdam,60,120,3,2,1,1891
https://www.funda.nl//en/detail/koop/amsterdam/appartement-bos-en-lommerweg-97-3/44404158/,400000,1055 DP Amsterdam,52,350,4,3,1,1933
https://www.funda.nl//en/detail/koop/amsterdam/appartement-nieuwpoortstraat-86-c12/44487926/,400000,1055 RZ Amsterdam,50,90,2,1,1,2017
https://www.funda.nl//en/detail/koop/amsterdam/appartement-rinus-michelslaan-259/44402794/,549000,1061 MB Amsterdam,63,90,3,2,1,2021
https://www.funda.nl//en/detail/koop/amsterdam/appartement-bestevaerstraat-227-h/80857492/,630000,1055 TM Amsterdam,68,120,3,2,1,1933
https://www.funda.nl//en/detail/koop/amsterdam/appartement-anna-van-den-vondelstraat-13-d/44403772/,2295000,1054 GX Amsterdam,164,160,6,4,1,1885
https://www.funda.nl//en/detail/koop/amsterdam/appartement-jisperveldstraat-55/44467123/,549000,1024 AB Amsterdam,101,160,4,2,1,1967
https://www.funda.nl//en/detail/koop/amsterdam/appartement-paramaribostraat-71-1/44425584/,850000,1058 VH Amsterdam,108,210,4,3,1,1930
https://www.funda.nl//en/detail/koop/amsterdam/appartement-nieuwe-leliestraat-138-a/44407478/,650000,1015 SX Amsterdam,71,120,3,2,1,2004
https://www.funda.nl//en/detail/koop/amsterdam/appartement-reinier-claeszenstraat-88-3/44429916/,485000,1056 WR Amsterdam,60,210,2,2,1,1925
https://www.funda.nl//en/detail/koop/amsterdam/appartement-bulgerstein-36/44411248/,525000,1082 NK Amsterdam,79,160,3,2,1,1986
https://www.funda.nl//en/detail/koop/amsterdam/appartement-paramaribostraat-97-1/44404909/,750000,1058 VJ Amsterdam,97,210,4,3,1,1930
https://www.funda.nl//en/detail/koop/amsterdam/appartement-emmastraat-29-3/44415836/,1495000,1071 JB Amsterdam,163,275,5,4,1,1918
https://www.funda.nl//en/detail/koop/amsterdam/appartement-honingen-6/44472501/,579000,1083 JP Amsterdam,80,120,3,2,1,1986
https://www.funda.nl//en/detail/koop/amsterdam/appartement-president-allendelaan-299/44492598/,495000,1068 VM Amsterdam,97,90,3,2,1,2006
https://www.funda.nl//en/detail/koop/amsterdam/appartement-don-boscostraat-391/44420981/,619000,1068 TH Amsterdam,77,30,3,2,1,2026
https://www.funda.nl//en/detail/koop/amsterdam/appartement-gamerenstraat-54/44463587/,400000,1087 VN Amsterdam,52,30,3,2,1,2022
https://www.funda.nl//en/detail/koop/amsterdam/appartement-wolbrantskerkweg-113/43320328/,625000,1069 CL Amsterdam,132,90,5,4,1,2009
https://www.funda.nl//en/detail/koop/amsterdam/appartement-leusdenhof-99/44427021/,275000,1108 CZ Amsterdam,69,160,4,3,1,1975
https://www.funda.nl//en/detail/koop/amsterdam/appartement-bankastraat-59-e/44410274/,525000,1094 EC Amsterdam,62,210,3,2,1,1912
https://www.funda.nl//en/detail/koop/amsterdam/appartement-papaverweg-49/44490735/,950000,1032 KE Amsterdam,123,50,5,4,2,2017
https://www.funda.nl//en/detail/koop/amsterdam/appartement-saenredamstraat-28-e/80881397/,495000,1072 CH Amsterdam,50,160,2,1,1,1876
https://www.funda.nl//en/detail/koop/amsterdam/appartement-spadinalaan-699/43325661/,1850000,1031 KB Amsterdam,189,70,4,3,1,2020
https://www.funda.nl//en/detail/koop/amsterdam/appartement-burmandwarsstraat-1/89706185/,799000,1091 SL Amsterdam,106,90,4,3,1,1984
https://www.funda.nl//en/detail/koop/amsterdam/appartement-aalbersestraat-242-b/44417152/,375000,1067 GM Amsterdam,80,90,3,2,1,1951
https://www.funda.nl//en/detail/koop/amsterdam/appartement-nieuwe-prinsengracht-104-c/80872460/,925000,1018 VX Amsterdam,104,160,4,3,2,1866
https://www.funda.nl//en/detail/koop/amsterdam/appartement-maria-ulfahstraat-132/44426666/,500000,1087 WB Amsterdam,71,10,3,2,1,2025
https://www.funda.nl//en/detail/koop/amsterdam/appartement-albert-cuypstraat-209-2/44495303/,350000,1073 BE Amsterdam,38,160,2,1,1,1893
https://www.funda.nl//en/detail/koop/amsterdam/appartement-kleiburg-742/44478882/,375000,1104 EA Amsterdam,99,90,5,4,1,2016
https://www.funda.nl//en/detail/koop/amsterdam/appartement-groenhoven-436/44463837/,365000,1103 LM Amsterdam,108,210,5,4,1,1975
https://www.funda.nl//en/detail/koop/amsterdam/appartement-zeeburgerkade-108/80856368/,650000,1019 HH Amsterdam,110,160,3,2,1,1905
https://www.funda.nl//en/detail/koop/amsterdam/appartement-johannes-meewisstraat-40-h/44487803/,475000,1063 CH Amsterdam,100,160,5,4,1,1955
https://www.funda.nl//en/detail/koop/amsterdam/appartement-oostelijke-handelskade-18-1/44491712/,995000,1019 BM Amsterdam,134,90,5,4,1,1917
https://www.funda.nl//en/detail/koop/amsterdam/appartement-heer-halewijnstraat-20-h/44489269/,375000,1055 ST Amsterdam,42,210,2,1,1,1939
https://www.funda.nl//en/detail/koop/amsterdam/appartement-galileiplantsoen-82/44477001/,825000,1098 NC Amsterdam,96,210,4,3,1,1930
https://www.funda.nl//en/detail/koop/amsterdam/appartement-wiborgeiland-139/44482060/,1395000,1014 ZC Amsterdam,170,90,6,4,1,2021
https://www.funda.nl//en/detail/koop/amsterdam/appartement-pieter-calandlaan-409/44425619/,395000,1068 NK Amsterdam,81,160,5,3,1,1965
https://www.funda.nl//en/detail/koop/amsterdam/appartement-brouwersgracht-703/44414425/,1800000,1015 GJ Amsterdam,223,90,4,3,1,1881
https://www.funda.nl//en/detail/koop/amsterdam/appartement-klaprozenweg-45-d1/44403867/,1000000,1032 KK Amsterdam,126,90,6,3,1,2017
https://www.funda.nl//en/detail/koop/amsterdam/appartement-hiraistraat-5-b54/44425990/,375000,1101 DA Amsterdam,47,50,2,1,1,2026
https://www.funda.nl//en/detail/koop/amsterdam/appartement-czaar-peterstraat-23-e/44492363/,695000,1018 NX Amsterdam,86,90,3,2,1,1879
https://www.funda.nl//en/detail/koop/amsterdam/appartement-uiterwaardenstraat-4-1/44497796/,745000,1079 BW Amsterdam,98,160,4,3,1,1961
https://www.funda.nl//en/detail/koop/amsterdam/appartement-baden-powellweg-38-d/44417950/,525000,1069 LK Amsterdam,121,90,4,3,1,2007
https://www.funda.nl//en/detail/koop/amsterdam/appartement-eikenweg-6-e/43304578/,1165000,1092 BZ Amsterdam,128,90,5,4,1,1997
https://www.funda.nl//en/detail/koop/amsterdam/appartement-cas-oorthuyskade-230/44417001/,475000,1087 DP Amsterdam,86,70,4,3,1,2008
https://www.funda.nl//en/detail/koop/amsterdam/appartement-geervliet-49/43346107/,579000,1082 NL Amsterdam,86,120,3,2,1,1986
https://www.funda.nl//en/detail/koop/amsterdam/appartement-van-heemskerckstraat-37-3/44428791/,560000,1013 NV Amsterdam,63,120,4,1,1,1883
https://www.funda.nl//en/detail/koop/amsterdam/appartement-isaac-titsinghkade-251/44401363/,800000,1018 LL Amsterdam,99,30,3,2,2,2022
https://www.funda.nl//en/detail/koop/amsterdam/appartement-egelantiersstraat-105-a/44470160/,1195000,1015 PZ Amsterdam,105,90,3,2,1,1906
https://www.funda.nl//en/detail/koop/amsterdam/appartement-ton-de-leeuwstraat-54/43326205/,675000,1011 DE Amsterdam,65,50,2,1,1,2023
https://www.funda.nl//en/detail/koop/amsterdam/appartement-reizigersweg-27/44428450/,425000,1033 WD Amsterdam,84,90,4,3,1,1991
https://www.funda.nl//en/detail/koop/amsterdam/appartement-van-oldenbarneveldtstraat-78-1/44419734/,549000,1052 KG Amsterdam,66,160,2,1,1,1890
https://www.funda.nl//en/detail/koop/amsterdam/appartement-amstelvlietstraat-169/44485339/,1025000,1096 GG Amsterdam,145,90,4,3,1,2017
https://www.funda.nl//en/detail/koop/amsterdam/appartement-valkenburgerstraat-136-k/43340529/,710000,1011 NA Amsterdam,92,90,3,2,1,2015
https://www.funda.nl//en/detail/koop/amsterdam/appartement-bloemgracht-129-a5l/44471917/,975000,1016 KL Amsterdam,126,160,3,2,1,1896
https://www.funda.nl//en/detail/koop/amsterdam/appartement-roetersstraat-2-e/44491589/,550000,1018 WC Amsterdam,54,210,3,2,1,1782
https://www.funda.nl//en/detail/koop/amsterdam/appartement-korte-geuzenstraat-98/44409464/,750000,1056 KS Amsterdam,91,275,4,2,1,1942
https://www.funda.nl//en/detail/koop/amsterdam/appartement-prinsengracht-56-3/44496728/,1365000,1015 DX Amsterdam,101,160,5,3,1,1905
https://www.funda.nl//en/detail/koop/amsterdam/appartement-badhuiskade-45/44482505/,998000,1031 KV Amsterdam,131,10,3,2,1,2021
https://www.funda.nl//en/detail/koop/amsterdam/appartement-funenpark-194/44496881/,695000,1018 AK Amsterdam,79,90,2,1,1,2004
https://www.funda.nl//en/detail/koop/amsterdam/appartement-deurloostraat-52-2/44482887/,735000,1078 JD Amsterdam,80,120,4,2,1,1928
https://www.funda.nl//en/detail/koop/amsterdam/appartement-burgemeester-hogguerstraat-541/80848523/,445000,1064 CV Amsterdam,78,120,3,2,1,1964
https://www.funda.nl//en/detail/koop/amsterdam/appartement-haarlemmerstraat-80-2/44402725/,475000,1013 EV Amsterdam,53,275,2,1,1,1862
https://www.funda.nl//en/detail/koop/amsterdam/appartement-kinkerstraat-314-1/44412412/,425000,1053 GD Amsterdam,46,90,2,1,1,1898
https://www.funda.nl//en/detail/koop/amsterdam/appartement-johan-hofmanstraat-150/44408488/,450000,1069 KE Amsterdam,96,90,4,2,1,2009
https://www.funda.nl//en/detail/koop/amsterdam/appartement-kerkstraat-110/44406124/,2900000,1017 GP Amsterdam,215,70,5,4,1,2019
https://www.funda.nl//en/detail/koop/amsterdam/appartement-avercampstraat-10/80869161/,500000,1072 RB Amsterdam,62,160,3,1,1,1986
https://www.funda.nl//en/detail/koop/amsterdam/appartement-zandpad-3-a1/44474047/,3700000,1054 GA Amsterdam,221,90,4,2,1,2020
https://www.funda.nl//en/detail/koop/amsterdam/appartement-olympiaplein-113-2/44460510/,945000,1077 CV Amsterdam,126,160,7,4,2,1938
https://www.funda.nl//en/detail/koop/amsterdam/appartement-haparandadam-2-f1/44460021/,1600000,1013 AK Amsterdam,180,50,4,3,1,2018
https://www.funda.nl//en/detail/koop/amsterdam/appartement-amstelveenseweg-1166/44406440/,1050000,1081 JW Amsterdam,138,90,6,5,1,2002
https://www.funda.nl//en/detail/koop/amsterdam/appartement-kleiburg-822/80862268/,385000,1104 EA Amsterdam,97,90,3,2,1,2015
https://www.funda.nl//en/detail/koop/amsterdam/appartement-minervaplein-36-5/43301875/,1175000,1077 TT Amsterdam,110,120,3,2,1,1957
https://www.funda.nl//en/detail/koop/amsterdam/appartement-leksmondhof-313/80862661/,325000,1108 GC Amsterdam,76,90,3,2,1,1979
https://www.funda.nl//en/detail/koop/amsterdam/appartement-parnassusweg-14-2/44482280/,850000,1076 AN Amsterdam,106,275,4,2,1,1931
https://www.funda.nl//en/detail/koop/amsterdam/appartement-gustav-mahlerlaan-977/80878467/,1900000,1082 MK Amsterdam,141,70,4,3,1,2016
https://www.funda.nl//en/detail/koop/amsterdam/appartement-boniplein-31/44488162/,450000,1094 SC Amsterdam,64,160,2,1,1,1981
https://www.funda.nl//en/detail/koop/amsterdam/appartement-scherpenzeelstraat-139/44413899/,325000,1107 HT Amsterdam,74,160,3,2,1,1986
https://www.funda.nl//en/detail/koop/amsterdam/appartement-catharina-van-rennesstraat-1-3/80865022/,825000,1077 KW Amsterdam,109,120,4,3,1,1956
https://www.funda.nl//en/detail/koop/amsterdam/appartement-frederik-hendrikstraat-77-1/44479793/,415000,1052 HM Amsterdam,43,275,2,1,1,1896
https://www.funda.nl//en/detail/koop/amsterdam/appartement-hellingstraat-52/43336499/,599000,1033 WW Amsterdam,59,70,2,1,1,2020
https://www.funda.nl//en/detail/koop/amsterdam/appartement-jan-van-schaffelaarplantsoen-15-b/44416432/,465000,1061 DL Amsterdam,60,120,3,2,1,1952
https://www.funda.nl//en/detail/koop/amsterdam/appartement-javastraat-184-2/44416494/,400000,1095 CN Amsterdam,48,210,3,2,1,1924
https://www.funda.nl//en/detail/koop/amsterdam/appartement-geuzenkade-96-c/80812901/,675000,1056 LB Amsterdam,85,90,3,2,1,2004
https://www.funda.nl//en/detail/koop/amsterdam/appartement-willem-de-zwijgerlaan-60-1/44428683/,515000,1056 JT Amsterdam,56,210,4,3,1,1935
https://www.funda.nl//en/detail/koop/amsterdam/appartement-joos-de-moorstraat-25-2/43335428/,498000,1056 TV Amsterdam,53,120,3,2,1,1937
https://www.funda.nl//en/detail/koop/amsterdam/appartement-h-gerhardstraat-78/44482694/,625000,1069 TD Amsterdam,119,90,5,4,1,2012
https://www.funda.nl//en/detail/koop/amsterdam/appartement-ijburglaan-765/44427546/,500000,1087 CH Amsterdam,83,90,3,2,1,2007
https://www.funda.nl//en/detail/koop/amsterdam/appartement-rooswijck-92/44428228/,525000,1081 AL Amsterdam,80,275,3,2,1,1962
https://www.funda.nl//en/detail/koop/amsterdam/appartement-schipluidenlaan-204/43342721/,850000,1062 HE Amsterdam,121,90,4,3,1,2018
https://www.funda.nl//en/detail/koop/amsterdam/appartement-katrijpstraat-170/43348866/,450000,1024 SP Amsterdam,59,30,2,1,1,2024
https://www.funda.nl//en/detail/koop/amsterdam/appartement-gustav-mahlerplein-287/44472704/,5500000,1082 MS Amsterdam,497,90,0,5,1,2010
https://www.funda.nl//en/detail/koop/amsterdam/appartement-lijnbaansgracht-165-h/44494536/,995000,1016 VX Amsterdam,183,160,4,2,1,1894
https://www.funda.nl//en/detail/koop/amsterdam/appartement-madurastraat-76-1/80824541/,475000,1094 GR Amsterdam,60,160,2,1,1,1915
https://www.funda.nl//en/detail/koop/amsterdam/appartement-wolbrantskerkweg-167-c/80880466/,435000,1069 CL Amsterdam,83,90,3,2,1,2008
https://www.funda.nl//en/detail/koop/amsterdam/appartement-gerrit-mannourystraat-94/80857231/,550000,1062 LC Amsterdam,84,90,3,2,1,1993
https://www.funda.nl//en/detail/koop/amsterdam/appartement-slotermeerlaan-43/89688508/,399000,1064 GZ Amsterdam,77,210,4,3,1,1956
https://www.funda.nl//en/detail/koop/amsterdam/appartement-de-klencke-87-c/44405509/,950000,1083 HH Amsterdam,115,90,4,3,1,2017
https://www.funda.nl//en/detail/koop/amsterdam/appartement-kamerlingh-onneslaan-74/44483349/,575000,1097 DH Amsterdam,75,90,3,2,1,1961
https://www.funda.nl//en/detail/koop/amsterdam/appartement-marnixstraat-323-4b/43349337/,495000,1016 TB Amsterdam,63,160,3,2,1,1882
https://www.funda.nl//en/detail/koop/amsterdam/appartement-opijnenhof-70/80823187/,335000,1106 XT Amsterdam,73,70,2,1,1,1976
https://www.funda.nl//en/detail/koop/amsterdam/appartement-pieter-calandlaan-369/80836274/,375000,1068 NJ Amsterdam,80,120,5,3,1,1965
https://www.funda.nl//en/detail/koop/amsterdam/appartement-hiraistraat-5-b161/44421481/,875000,1101 DA Amsterdam,133,30,4,3,1,2026
https://www.funda.nl//en/detail/koop/amsterdam/appartement-tjasker-13/44400585/,325000,1035 CP Amsterdam,79,120,3,2,1,1968
https://www.funda.nl//en/detail/koop/amsterdam/appartement-willem-de-zwijgerlaan-334-d12/44412606/,350000,1055 RD Amsterdam,53,120,1,1,1,1959
https://www.funda.nl//en/detail/koop/amsterdam/appartement-van-spilbergenstraat-160-h/43316595/,475000,1057 RP Amsterdam,72,350,2,1,1,1925
https://www.funda.nl//en/detail/koop/amsterdam/appartement-crynssenstraat-66-1/80854298/,445000,1058 XZ Amsterdam,51,210,3,2,1,1927
https://www.funda.nl//en/detail/koop/amsterdam/appartement-vlakkerweg-51/80865750/,450000,1033 DZ Amsterdam,71,90,3,2,1,1990
https://www.funda.nl//en/detail/koop/amsterdam/appartement-marco-polostraat-266-2/44419020/,350000,1056 DR Amsterdam,45,350,3,2,1,1926
https://www.funda.nl//en/detail/koop/amsterdam/appartement-albatrospad-89/44407390/,495000,1021 TR Amsterdam,84,90,3,2,1,2006
https://www.funda.nl//en/detail/koop/amsterdam/appartement-gerrit-mannourystraat-41/44495317/,525000,1062 LB Amsterdam,83,120,4,3,1,1993
https://www.funda.nl//en/detail/koop/amsterdam/appartement-nachtwachtlaan-480/44409680/,715000,1058 ES Amsterdam,97,160,4,3,1,1974
https://www.funda.nl//en/detail/koop/amsterdam/appartement-lampongstraat-14-1/44410635/,425000,1094 AV Amsterdam,48,120,3,2,1,1914
https://www.funda.nl//en/detail/koop/amsterdam/appartement-don-boscostraat-393/44420556/,578000,1068 TH Amsterdam,68,30,3,2,1,2026
https://www.funda.nl//en/detail/koop/amsterdam/appartement-laurierstraat-248-2/44427654/,525000,1016 PT Amsterdam,53,160,3,2,1,1934
https://www.funda.nl//en/detail/koop/amsterdam/appartement-gibraltarstraat-93-3/44484799/,735000,1055 NL Amsterdam,96,120,5,4,1,1937
https://www.funda.nl//en/detail/koop/amsterdam/appartement-warmondstraat-158-1/44428857/,565000,1058 LA Amsterdam,55,160,2,1,1,1932
https://www.funda.nl//en/detail/koop/amsterdam/appartement-groenhoven-328/44469763/,275000,1103 LJ Amsterdam,53,160,2,1,1,1975
https://www.funda.nl//en/detail/koop/amsterdam/appartement-nepveustraat-14-1/80861644/,495000,1058 XP Amsterdam,60,120,3,2,1,1931
https://www.funda.nl//en/detail/koop/amsterdam/appartement-legmeerstraat-4-h/44417217/,535000,1058 ND Amsterdam,59,160,3,2,1,1931
https://www.funda.nl//en/detail/koop/amsterdam/appartement-johannes-meewisstraat-55-2/44481525/,335000,1063 CG Amsterdam,59,160,3,2,1,1955
https://www.funda.nl//en/detail/koop/amsterdam/appartement-lomanstraat-7-2/44428869/,1570000,1075 PS Amsterdam,144,160,6,4,1,1913
https://www.funda.nl//en/detail/koop/amsterdam/appartement-james-rosskade-6-2/44402298/,525000,1056 AD Amsterdam,93,90,4,3,1,1949
https://www.funda.nl//en/detail/koop/amsterdam/appartement-boeninlaan-252/44473027/,400000,1102 TP Amsterdam,87,120,5,4,1,1985
https://www.funda.nl//en/detail/koop/amsterdam/appartement-prinsengracht-788-o/44426211/,795000,1017 LG Amsterdam,93,160,4,2,1,1885
https://www.funda.nl//en/detail/koop/amsterdam/appartement-jasper-leijnsenstraat-3-2/80852820/,425000,1056 XT Amsterdam,45,210,3,1,1,1938
https://www.funda.nl//en/detail/koop/amsterdam/appartement-silodam-246/44495007/,895000,1013 AS Amsterdam,88,90,3,2,1,1906
https://www.funda.nl//en/detail/koop/amsterdam/appartement-madurastraat-22-g/44415506/,275000,1094 GM Amsterdam,26,160,1,1,1,1902
https://www.funda.nl//en/detail/koop/amsterdam/appartement-bogortuin-48/80810601/,750000,1019 PG Amsterdam,96,70,3,2,1,2001
https://www.funda.nl//en/detail/koop/amsterdam/appartement-driekoningenstraat-24/43314312/,698000,1016 AL Amsterdam,68,210,2,1,1,1906
https://www.funda.nl//en/detail/koop/amsterdam/appartement-ijburglaan-794/44410502/,625000,1087 EM Amsterdam,98,90,3,1,1,2003
https://www.funda.nl//en/detail/koop/amsterdam/appartement-wigbolt-ripperdastraat-72/44413177/,625000,1067 EH Amsterdam,116,90,3,2,1,2005
https://www.funda.nl//en/detail/koop/amsterdam/appartement-van-breestraat-31-h/44457434/,1950000,1071 ZE Amsterdam,118,160,4,3,1,1898
https://www.funda.nl//en/detail/koop/amsterdam/appartement-heemstedestraat-13-2/80862363/,495000,1059 CX Amsterdam,62,90,2,1,1,1929
https://www.funda.nl//en/detail/koop/amsterdam/appartement-sint-jacobsstraat-23-1/44406961/,975000,1012 NC Amsterdam,96,350,3,2,1,1756
https://www.funda.nl//en/detail/koop/amsterdam/appartement-sam-van-houtenstraat-197-e/43312346/,600000,1067 JG Amsterdam,131,90,4,3,1,2006
https://www.funda.nl//en/detail/koop/amsterdam/appartement-antony-moddermanstraat-204-2/44480965/,325000,1063 LX Amsterdam,61,160,3,2,1,1955
https://www.funda.nl//en/detail/koop/amsterdam/appartement-beukenweg-8-3/44458507/,835000,1091 KD Amsterdam,106,160,4,3,1,1894
https://www.funda.nl//en/detail/koop/amsterdam/appartement-roerstraat-3-2/44407812/,795000,1078 LH Amsterdam,99,160,5,3,1,1918
https://www.funda.nl//en/detail/koop/amsterdam/appartement-burgemeester-roellstraat-14-3/44483271/,339000,1064 BN Amsterdam,59,275,3,2,1,1962
https://www.funda.nl//en/detail/koop/amsterdam/appartement-jacob-burggraafstraat-168/80846683/,800000,1018 WA Amsterdam,106,70,4,3,1,2005
https://www.funda.nl//en/detail/koop/amsterdam/appartement-ennemaborg-129/44419233/,359000,1082 SP Amsterdam,36,160,2,1,1,1965
https://www.funda.nl//en/detail/koop/amsterdam/appartement-maria-beshof-42/44427646/,400000,1065 WC Amsterdam,50,30,2,1,1,2024
https://www.funda.nl//en/detail/koop/amsterdam/appartement-oudeschans-79-b/44419566/,750000,1011 KW Amsterdam,68,90,3,2,1,1906
https://www.funda.nl//en/detail/koop/amsterdam/appartement-haparandaweg-960/44420002/,1035000,1013 BD Amsterdam,122,70,4,3,1,2016
https://www.funda.nl//en/detail/koop/amsterdam/appartement-pontanusstraat-23-d/44400933/,450000,1093 RZ Amsterdam,61,160,2,1,1,1981
https://www.funda.nl//en/detail/koop/amsterdam/appartement-houtmankade-59-2/80855656/,525000,1013 MR Amsterdam,55,160,2,1,1,1903
https://www.funda.nl//en/detail/koop/amsterdam/appartement-memeleiland-91/43333303/,800000,1014 ZL Amsterdam,102,50,6,3,1,2020
https://www.funda.nl//en/detail/koop/amsterdam/appartement-borssenburgplein-69/44491918/,795000,1078 WB Amsterdam,87,90,4,2,1,1987
https://www.funda.nl//en/detail/koop/amsterdam/appartement-lauriergracht-30-1/44407160/,1270000,1016 RL Amsterdam,143,210,4,3,2,1658
https://www.funda.nl//en/detail/koop/amsterdam/appartement-van-nijenrodeweg-192/44429639/,325000,1083 EM Amsterdam,33,160,2,1,1,1965
https://www.funda.nl//en/detail/koop/amsterdam/appartement-albert-cuypstraat-200-1/80856567/,400000,1073 BL Amsterdam,48,210,3,1,1,1891
https://www.funda.nl//en/detail/koop/amsterdam/appartement-willem-de-zwijgerlaan-121-3/80881196/,495000,1056 JK Amsterdam,57,350,4,2,1,1934
https://www.funda.nl//en/detail/koop/amsterdam/appartement-jan-tooropstraat-125/44473624/,850000,1061 AE Amsterdam,122,30,5,3,1,2017
https://www.funda.nl//en/detail/koop/amsterdam/appartement-postjesweg-443/44400081/,395000,1062 JV Amsterdam,70,210,3,2,1,1961
https://www.funda.nl//en/detail/koop/amsterdam/appartement-erich-salomonstraat-554/44450781/,765000,1087 KC Amsterdam,137,90,5,4,1,2008
https://www.funda.nl//en/detail/koop/amsterdam/appartement-govert-flinckstraat-366-b/44494273/,775000,1074 CG Amsterdam,90,90,4,3,1,1987
https://www.funda.nl//en/detail/koop/amsterdam/appartement-voormalige-stadstimmertuin-2-k/43363990/,2300000,1018 ET Amsterdam,185,160,6,3,1,1900
https://www.funda.nl//en/detail/koop/amsterdam/appartement-henegouwenstraat-60/80814865/,490000,1066 DG Amsterdam,92,90,3,2,1,1993
https://www.funda.nl//en/detail/koop/amsterdam/appartement-hugo-de-grootkade-66-a/43312060/,675000,1052 LW Amsterdam,76,120,3,2,1,2004
https://www.funda.nl//en/detail/koop/amsterdam/appartement-johannes-verhulststraat-130-2/44471976/,2000000,1071 NM Amsterdam,143,90,4,4,1,1902
https://www.funda.nl//en/detail/koop/amsterdam/appartement-berthold-brechtstraat-807/44451944/,359000,1102 RV Amsterdam,60,210,2,1,1,1986
https://www.funda.nl//en/detail/koop/amsterdam/appartement-admiraal-de-ruijterweg-452-3/44417317/,840000,1055 NG Amsterdam,126,160,5,4,1,1934
https://www.funda.nl//en/detail/koop/amsterdam/appartement-brouwersgracht-180-d/43324631/,2850000,1013 HC Amsterdam,225,90,4,3,1,2010
https://www.funda.nl//en/detail/koop/amsterdam/appartement-jan-olphert-vaillantlaan-73-c/44402905/,425000,1086 XZ Amsterdam,52,120,3,2,1,2006
https://www.funda.nl//en/detail/koop/amsterdam/appartement-kempenlaan-91/80825745/,630000,1066 RA Amsterdam,135,90,5,3,1,1994
https://www.funda.nl//en/detail/koop/amsterdam/appartement-sarphatipark-14-1/44463061/,1875000,1072 PA Amsterdam,211,210,7,5,1,1890
https://www.funda.nl//en/detail/koop/amsterdam/appartement-laurierstraat-89-h/44417782/,575000,1016 PJ Amsterdam,66,160,3,2,1,1862
https://www.funda.nl//en/detail/koop/amsterdam/appartement-pieter-van-der-doesstraat-36-1/44420298/,500000,1056 VG Amsterdam,60,160,3,2,1,1933
https://www.funda.nl//en/detail/koop/amsterdam/appartement-noorderstraat-45-3/44427512/,1050000,1017 TR Amsterdam,111,160,5,4,2,1934
https://www.funda.nl//en/detail/koop/amsterdam/appartement-jan-luijkenstraat-66-2/43334108/,1000000,1071 CS Amsterdam,107,275,3,2,1,1902
https://www.funda.nl//en/detail/koop/amsterdam/appartement-planciusstraat-17-e/43399896/,1850000,1013 MD Amsterdam,182,120,4,3,1,1904
https://www.funda.nl//en/detail/koop/amsterdam/appartement-grootzeil-203/44400932/,375000,1034 LW Amsterdam,91,160,3,2,1,1976
https://www.funda.nl//en/detail/koop/amsterdam/appartement-watteaustraat-6-3/44428277/,1010000,1077 ZL Amsterdam,96,120,4,3,1,1938
https://www.funda.nl//en/detail/koop/amsterdam/appartement-omval-133/80857185/,850000,1096 AA Amsterdam,101,90,3,2,1,1997
https://www.funda.nl//en/detail/koop/amsterdam/appartement-goudsbloemstraat-8-h/44427019/,550000,1015 JP Amsterdam,49,120,2,1,1,1916
https://www.funda.nl//en/detail/koop/amsterdam/appartement-eastonstraat-135/44429019/,375000,1068 JD Amsterdam,77,120,3,2,1,1963
https://www.funda.nl//en/detail/koop/amsterdam/appartement-hoofdweg-387-3/43315663/,475000,1056 CS Amsterdam,57,210,3,1,1,1927
https://www.funda.nl//en/detail/koop/amsterdam/appartement-ijdoornlaan-1495-g/44406472/,399000,1034 BM Amsterdam,54,90,2,1,1,2019
https://www.funda.nl//en/detail/koop/amsterdam/appartement-apollolaan-35-4/44498967/,1000000,1077 AC Amsterdam,106,120,4,3,1,1929
https://www.funda.nl//en/detail/koop/amsterdam/appartement-gerard-doustraat-93-3/44409802/,335000,1072 VN Amsterdam,31,450,2,1,1,1875
https://www.funda.nl//en/detail/koop/amsterdam/appartement-revaleiland-454/44458389/,850000,1014 ZG Amsterdam,99,90,3,2,1,2020
https://www.funda.nl//en/detail/koop/amsterdam/appartement-veerstraat-75-3/43227154/,795000,1075 SP Amsterdam,100,210,3,2,2,1914
https://www.funda.nl//en/detail/koop/amsterdam/appartement-van-suchtelen-van-de-haarestraat-111/44428972/,595000,1068 GR Amsterdam,99,70,4,3,1,2023
https://www.funda.nl//en/detail/koop/amsterdam/appartement-valeriusstraat-132-2/44408777/,1650000,1075 GE Amsterdam,158,210,5,3,1,1909
https://www.funda.nl//en/detail/koop/amsterdam/appartement-tweede-leliedwarsstraat-5-2/44483060/,1295000,1015 TB Amsterdam,132,210,5,4,2,1905
https://www.funda.nl//en/detail/koop/amsterdam/appartement-madurastraat-9-b/44498927/,475000,1094 GC Amsterdam,57,120,2,1,1,1986
https://www.funda.nl//en/detail/koop/amsterdam/appartement-menadostraat-17-b/80832469/,545000,1095 TH Amsterdam,67,160,4,3,1,1982
https://www.funda.nl//en/detail/koop/amsterdam/appartement-tweede-jan-van-der-heijdenstraat-65-4/44406111/,895000,1074 XR Amsterdam,101,90,3,2,1,1888
https://www.funda.nl//en/detail/koop/amsterdam/appartement-bilderdijkkade-50-a8/44450900/,1650000,1053 VN Amsterdam,152,70,3,2,1,2015
https://www.funda.nl//en/detail/koop/amsterdam/appartement-jacob-van-lennepkade-75-2/44407389/,595000,1054 ZH Amsterdam,64,160,2,1,1,1895
https://www.funda.nl//en/detail/koop/amsterdam/appartement-deurloostraat-66-3/44481694/,825000,1078 JE Amsterdam,89,210,4,3,1,1928
https://www.funda.nl//en/detail/koop/amsterdam/appartement-eerste-constantijn-huygensstraat-26-b/89737349/,649000,1054 BR Amsterdam,67,120,2,1,1,2011
https://www.funda.nl//en/detail/koop/amsterdam/appartement-nieuwpoortstraat-86-d5/44429840/,650000,1055 RZ Amsterdam,81,90,3,2,1,1991
https://www.funda.nl//en/detail/koop/amsterdam/appartement-lex-althoffstraat-27-3/43318682/,375000,1063 ZM Amsterdam,66,275,4,2,1,1953
https://www.funda.nl//en/detail/koop/amsterdam/appartement-laurierstraat-20-h/44461319/,1295000,1016 PM Amsterdam,148,90,5,3,2,1871
https://www.funda.nl//en/detail/koop/amsterdam/appartement-jan-olphert-vaillantlaan-42-a/80838675/,825000,1086 ZA Amsterdam,153,90,4,3,1,2006
https://www.funda.nl//en/detail/koop/amsterdam/appartement-uiterwaardenstraat-260-h/80874201/,650000,1079 CX Amsterdam,66,120,2,1,1,1938
https://www.funda.nl//en/detail/koop/amsterdam/appartement-mosveld-98-b/80889250/,370000,1032 GG Amsterdam,44,90,2,1,1,1929
https://www.funda.nl//en/detail/koop/amsterdam/appartement-johannes-verhulststraat-114-h/44413893/,1950000,1071 NL Amsterdam,133,90,3,2,1,1903
https://www.funda.nl//en/detail/koop/amsterdam/appartement-bos-en-lommerweg-343-2/44498648/,575000,1055 EA Amsterdam,75,90,3,2,1,1940
https://www.funda.nl//en/detail/koop/amsterdam/appartement-borneolaan-268/44405133/,595000,1019 KK Amsterdam,78,90,3,2,1,1992
https://www.funda.nl//en/detail/koop/amsterdam/appartement-hugo-de-grootkade-42-h/89795114/,550000,1052 LT Amsterdam,46,160,2,1,1,1923
https://www.funda.nl//en/detail/koop/amsterdam/appartement-henrick-de-keijserstraat-15-1/44460358/,549000,1073 TG Amsterdam,66,120,2,1,1,1927
https://www.funda.nl//en/detail/koop/amsterdam/appartement-duke-ellingtonstraat-60/80848024/,565000,1066 GG Amsterdam,92,120,3,2,1,1992
https://www.funda.nl//en/detail/koop/amsterdam/appartement-lampenistenstraat-58/44401969/,425000,1019 TK Amsterdam,51,120,2,1,1,1999
https://www.funda.nl//en/detail/koop/amsterdam/appartement-eerste-oosterparkstraat-5-3/44497177/,695000,1091 GT Amsterdam,78,90,3,2,1,1911
https://www.funda.nl//en/detail/koop/amsterdam/appartement-rupelmonde-76/44481203/,689000,1081 GS Amsterdam,82,120,4,3,1,1985
https://www.funda.nl//en/detail/koop/amsterdam/appartement-rozenstraat-213-hrv/44403897/,475000,1016 NT Amsterdam,44,90,2,1,1,1928
https://www.funda.nl//en/detail/koop/amsterdam/appartement-biesboschstraat-55-2/44488120/,700000,1078 MN Amsterdam,76,210,3,2,1,1930
https://www.funda.nl//en/detail/koop/amsterdam/appartement-bilderdijkkade-52-d/44484824/,2095000,1053 VN Amsterdam,199,70,7,5,1,2015
https://www.funda.nl//en/detail/koop/amsterdam/appartement-keizersgracht-517-n/44495441/,550000,1017 DN Amsterdam,55,90,2,1,1,1908
https://www.funda.nl//en/detail/koop/amsterdam/appartement-simone-de-beauvoirstraat-27/43339893/,425000,1102 AS Amsterdam,72,120,3,2,1,1993
https://www.funda.nl//en/detail/koop/amsterdam/appartement-solitudolaan-238/44413024/,1050000,1096 DS Amsterdam,106,90,3,2,1,2019
https://www.funda.nl//en/detail/koop/amsterdam/appartement-bickerswerf-58/44485197/,925000,1013 KX Amsterdam,109,120,4,3,1,2003
https://www.funda.nl//en/detail/koop/amsterdam/appartement-rijnlandlaan-243/89782453/,620000,1062 MX Amsterdam,80,30,3,2,1,2025
https://www.funda.nl//en/detail/koop/amsterdam/appartement-franz-zieglerstraat-26/43346271/,1900000,1087 HN Amsterdam,283,90,6,3,1,2008
https://www.funda.nl//en/detail/koop/amsterdam/appartement-spaarndammerdijk-298/44409404/,675000,1013 ZX Amsterdam,93,120,3,2,1,1919
https://www.funda.nl//en/detail/koop/amsterdam/appartement-rietlandpark-97/44414949/,600000,1019 DS Amsterdam,81,90,3,2,1,2001
https://www.funda.nl//en/detail/koop/amsterdam/appartement-bilderdijkkade-139/80884251/,525000,1053 VM Amsterdam,60,120,2,1,1,1982
https://www.funda.nl//en/detail/koop/amsterdam/appartement-dijkmeerlaan-361/44403701/,439000,1096 DE Amsterdam,45,50,2,1,1,2024
https://www.funda.nl//en/detail/koop/amsterdam/appartement-radarweg-448/44480984/,880000,1043 NV Amsterdam,129,50,3,2,1,2023
https://www.funda.nl//en/detail/koop/amsterdam/appartement-silodam-129-b/44492404/,1175000,1013 AS Amsterdam,159,70,4,3,1,1898
https://www.funda.nl//en/detail/koop/amsterdam/appartement-tweede-oosterparkstraat-39-f/44404679/,545000,1091 HV Amsterdam,61,90,3,2,1,1895
https://www.funda.nl//en/detail/koop/amsterdam/appartement-stadionweg-122-4a/44419927/,600000,1077 SV Amsterdam,64,160,2,1,1,1939
https://www.funda.nl//en/detail/koop/amsterdam/appartement-breughelstraat-8-2/44417501/,1625000,1077 LC Amsterdam,172,90,9,6,1,1927
https://www.funda.nl//en/detail/koop/amsterdam/appartement-gustav-mahlerlaan-128/44411506/,950000,1082 ME Amsterdam,105,90,3,2,1,2008
https://www.funda.nl//en/detail/koop/amsterdam/appartement-bos-en-lommerplein-30/44414895/,525000,1055 EK Amsterdam,81,90,3,2,1,2003
https://www.funda.nl//en/detail/koop/amsterdam/appartement-commelinstraat-2-c/44493345/,575000,1093 TR Amsterdam,63,90,3,2,1,1882
https://www.funda.nl//en/detail/koop/amsterdam/appartement-veerstraat-51-4/44471382/,635000,1075 SN Amsterdam,64,160,3,1,1,1913
https://www.funda.nl//en/detail/koop/amsterdam/appartement-klaas-katerstraat-102/44495427/,350000,1069 RT Amsterdam,81,90,3,2,1,2003
https://www.funda.nl//en/detail/koop/amsterdam/appartement-eerste-jan-steenstraat-133-1/43335237/,475000,1072 NJ Amsterdam,52,120,2,1,1,1884
https://www.funda.nl//en/detail/koop/amsterdam/appartement-saxenburgerstraat-2-a2/44414629/,1000000,1054 KP Amsterdam,124,210,5,3,1,1881
https://www.funda.nl//en/detail/koop/amsterdam/appartement-admiraal-de-ruijterweg-467-2/44403353/,495000,1055 MG Amsterdam,65,160,3,2,1,1918
https://www.funda.nl//en/detail/koop/amsterdam/appartement-hoofdweg-550/44488078/,590000,1055 AB Amsterdam,75,70,3,2,1,2008
https://www.funda.nl//en/detail/koop/amsterdam/appartement-tielstraat-37/80881404/,315000,1107 RA Amsterdam,70,90,3,2,1,1984
https://www.funda.nl//en/detail/koop/amsterdam/appartement-van-hogendorpstraat-899/44409698/,579000,1051 CE Amsterdam,63,90,3,2,1,1923
https://www.funda.nl//en/detail/koop/amsterdam/appartement-tweede-jacob-van-campenstraat-120-2/44482764/,875000,1073 XX Amsterdam,101,90,5,3,1,1906
https://www.funda.nl//en/detail/koop/amsterdam/appartement-stolwijkstraat-26-1/44421656/,475000,1059 XX Amsterdam,54,160,3,2,1,1929
https://www.funda.nl//en/detail/koop/amsterdam/appartement-graafschapstraat-3-h/44409322/,595000,1079 PD Amsterdam,70,275,4,3,1,1951
https://www.funda.nl//en/detail/koop/amsterdam/appartement-kotteraarstraat-22/44478462/,375000,1033 MC Amsterdam,53,160,2,1,1,1983
https://www.funda.nl//en/detail/koop/amsterdam/appartement-okeghemstraat-6-3/44484469/,875000,1075 PM Amsterdam,76,275,3,2,1,1906
https://www.funda.nl//en/detail/koop/amsterdam/appartement-nachtwachtlaan-366/44401480/,395000,1058 EM Amsterdam,59,160,2,1,1,1974
https://www.funda.nl//en/detail/koop/amsterdam/appartement-veerstraat-40-3/44428856/,440000,1075 SW Amsterdam,45,210,3,1,1,1912
https://www.funda.nl//en/detail/koop/amsterdam/appartement-nieuwe-prinsengracht-28-2/44400320/,1000000,1018 XJ Amsterdam,83,160,4,2,1,2020
https://www.funda.nl//en/detail/koop/amsterdam/appartement-sarphatistraat-87-f/44492949/,700000,1018 EZ Amsterdam,68,120,3,2,1,1908
https://www.funda.nl//en/detail/koop/amsterdam/appartement-belgieplein-8/89791959/,499000,1066 SC Amsterdam,91,90,4,3,1,1994
https://www.funda.nl//en/detail/koop/amsterdam/appartement-iepenweg-43/44463689/,665000,1091 JL Amsterdam,82,120,3,2,1,1982
https://www.funda.nl//en/detail/koop/amsterdam/appartement-m-gandhilaan-59/89731605/,415000,1069 NC Amsterdam,78,210,4,3,1,1988
https://www.funda.nl//en/detail/koop/amsterdam/appartement-frieslandstraat-131/44413881/,485000,1082 TM Amsterdam,71,160,3,2,1,1965
https://www.funda.nl//en/detail/koop/amsterdam/appartement-vrolikstraat-100-4/80878026/,825000,1091 VK Amsterdam,85,160,3,2,1,1906
https://www.funda.nl//en/detail/koop/amsterdam/appartement-kleiburg-815/44496719/,325000,1104 EA Amsterdam,68,90,3,2,1,1972
https://www.funda.nl//en/detail/koop/amsterdam/appartement-willem-leevendstraat-5-1/44427450/,415000,1055 KB Amsterdam,55,160,2,1,1,1925
https://www.funda.nl//en/detail/koop/amsterdam/appartement-kotterspad-8/44496961/,975000,1081 KP Amsterdam,137,120,5,3,1,2001
https://www.funda.nl//en/detail/koop/amsterdam/appartement-bulgerstein-8/44426429/,575000,1082 NK Amsterdam,86,90,3,2,1,1986
https://www.funda.nl//en/detail/koop/amsterdam/appartement-sarphatistraat-488/80863459/,675000,1018 GW Amsterdam,81,210,3,2,2,1771
https://www.funda.nl//en/detail/koop/amsterdam/appartement-bestevaerstraat-259-h/44417446/,725000,1055 TP Amsterdam,76,120,3,2,1,1934
https://www.funda.nl//en/detail/koop/amsterdam/appartement-nieuwpoortstraat-86-a3/44474256/,500000,1055 RZ Amsterdam,61,90,2,1,1,2017
https://www.funda.nl//en/detail/koop/amsterdam/appartement-goudsbloemstraat-161-1/80841355/,535000,1015 JM Amsterdam,59,160,3,2,1,1938
https://www.funda.nl//en/detail/koop/amsterdam/appartement-hoofdweg-396-2/44473359/,400000,1056 DE Amsterdam,57,160,2,1,1,1927
https://www.funda.nl//en/detail/koop/amsterdam/appartement-deymanstraat-38/80880251/,735000,1091 SE Amsterdam,90,90,5,3,1,1888
https://www.funda.nl//en/detail/koop/amsterdam/appartement-catharina-boudewijnshof-61/44462729/,450000,1064 PG Amsterdam,74,160,3,2,1,1990
https://www.funda.nl//en/detail/koop/amsterdam/appartement-teldershof-68/44417623/,425000,1067 ML Amsterdam,86,90,3,2,1,2009
https://www.funda.nl//en/detail/koop/amsterdam/appartement-potgieterstraat-63-4/80877212/,425000,1053 XV Amsterdam,46,120,3,2,1,1890
https://www.funda.nl//en/detail/koop/amsterdam/appartement-hoogte-kadijk-167-3/44411029/,400000,1018 BJ Amsterdam,45,275,2,1,1,1956
https://www.funda.nl//en/detail/koop/amsterdam/appartement-pieter-cornelisz-hooftstraat-172/44473063/,3000000,1071 CH Amsterdam,155,90,3,2,1,2016
https://www.funda.nl//en/detail/koop/amsterdam/appartement-houthavenkade-128/44464702/,450000,1014 ZB Amsterdam,48,90,2,1,1,2018
https://www.funda.nl//en/detail/koop/amsterdam/appartement-houtmankade-10-h/43339778/,1075000,1013 MX Amsterdam,146,120,4,3,1,1938
https://www.funda.nl//en/detail/koop/amsterdam/appartement-radioweg-15-h/43318473/,875000,1098 NE Amsterdam,86,160,4,3,1,1931
https://www.funda.nl//en/detail/koop/amsterdam/appartement-weesperzijde-99-d/44428782/,1075000,1091 EL Amsterdam,93,90,2,1,1,1896
https://www.funda.nl//en/detail/koop/amsterdam/appartement-leksmondhof-44/44416877/,350000,1108 EN Amsterdam,69,90,3,2,1,1979
https://www.funda.nl//en/detail/koop/amsterdam/appartement-nachtwachtlaan-119/44418766/,415000,1058 ED Amsterdam,59,120,2,1,1,1973
https://www.funda.nl//en/detail/koop/amsterdam/appartement-van-ostadestraat-191-b/43341045/,750000,1073 TM Amsterdam,85,90,3,2,1,1905
https://www.funda.nl//en/detail/koop/amsterdam/appartement-ndsm-straat-75/44482269/,485000,1033 NA Amsterdam,57,50,3,2,1,2023
https://www.funda.nl//en/detail/koop/amsterdam/appartement-jacques-veltmanstraat-15/44410801/,730000,1065 EG Amsterdam,136,70,3,2,1,2003
https://www.funda.nl//en/detail/koop/amsterdam/appartement-hoofdweg-815/89706410/,699000,1055 SC Amsterdam,93,70,4,2,1,2009
https://www.funda.nl//en/detail/koop/amsterdam/appartement-osdorper-ban-1097/44477360/,695000,1069 GA Amsterdam,132,90,3,2,1,2006
https://www.funda.nl//en/detail/koop/amsterdam/appartement-hudsonstraat-109-3/44411732/,400000,1057 SC Amsterdam,49,210,3,2,1,1924
https://www.funda.nl//en/detail/koop/amsterdam/appartement-gijsbrecht-van-ijselsteinstraat-187/44495700/,795000,1082 KH Amsterdam,116,210,4,3,1,1966
https://www.funda.nl//en/detail/koop/amsterdam/appartement-haarlemmerdijk-139-a/44469141/,895000,1013 KG Amsterdam,90,90,4,2,1,1996
https://www.funda.nl//en/detail/koop/amsterdam/appartement-kinkerstraat-278-4/80823088/,385000,1053 GB Amsterdam,45,210,2,1,1,1897
https://www.funda.nl//en/detail/koop/amsterdam/appartement-jacob-burggraafstraat-176/44473028/,900000,1018 WA Amsterdam,112,70,2,1,1,2004
https://www.funda.nl//en/detail/koop/amsterdam/appartement-tolstraat-194-3/44413401/,490000,1074 VN Amsterdam,55,275,2,1,1,1929
https://www.funda.nl//en/detail/koop/amsterdam/appartement-tussendek-36/44499282/,375000,1034 TR Amsterdam,103,90,4,2,1,1977
https://www.funda.nl//en/detail/koop/amsterdam/appartement-korte-prinsengracht-16-c/44453231/,1775000,1013 GS Amsterdam,179,90,3,2,2,1656
https://www.funda.nl//en/detail/koop/amsterdam/appartement-rooseveltlaan-209-3/44417656/,1295000,1079 AS Amsterdam,161,450,5,4,1,1930
https://www.funda.nl//en/detail/koop/amsterdam/appartement-sumatrakade-585/80820900/,525000,1019 PS Amsterdam,68,90,5,2,1,1999
https://www.funda.nl//en/detail/koop/amsterdam/appartement-funenpark-421/80851660/,795000,1018 AK Amsterdam,101,90,3,2,1,2008
https://www.funda.nl//en/detail/koop/amsterdam/appartement-janusz-korczakstraat-20/80874019/,475000,1102 JN Amsterdam,99,90,5,4,1,2022
https://www.funda.nl//en/detail/koop/amsterdam/appartement-jozef-israelskade-88-1/80875715/,600000,1073 RB Amsterdam,79,160,3,2,1,1923
https://www.funda.nl//en/detail/koop/amsterdam/appartement-burgemeester-hogguerstraat-649/43320990/,430000,1064 CX Amsterdam,78,90,4,2,1,1965
https://www.funda.nl//en/detail/koop/amsterdam/appartement-sumatrastraat-37-1/44414614/,525000,1094 LN Amsterdam,54,90,3,2,1,1902
https://www.funda.nl//en/detail/koop/amsterdam/appartement-weteringschans-100-c/44450519/,865000,1017 XS Amsterdam,81,90,3,2,1,1879
https://www.funda.nl//en/detail/koop/amsterdam/appartement-solitudolaan-222/43316466/,1200000,1096 DS Amsterdam,107,90,3,2,1,2019
https://www.funda.nl//en/detail/koop/amsterdam/appartement-van-oldenbarneveldtstraat-64-4/44416136/,570000,1052 KD Amsterdam,62,160,3,2,1,1886
https://www.funda.nl//en/detail/koop/amsterdam/appartement-beulingstraat-6-f/44426261/,549000,1017 BA Amsterdam,62,160,2,1,1,1719
https://www.funda.nl//en/detail/koop/amsterdam/appartement-nieuwe-uilenburgerstraat-17-n/44417138/,519000,1011 LM Amsterdam,59,120,2,1,1,1986
https://www.funda.nl//en/detail/koop/amsterdam/appartement-roetersstraat-152/44454089/,550000,1018 WE Amsterdam,59,160,3,2,1,1980
https://www.funda.nl//en/detail/koop/amsterdam/appartement-elegaststraat-20-2/44429199/,425000,1055 TJ Amsterdam,53,90,3,2,1,1939
https://www.funda.nl//en/detail/koop/amsterdam/appartement-akoleienstraat-5-1/44419007/,350000,1016 LN Amsterdam,34,275,2,1,1,1921
https://www.funda.nl//en/detail/koop/amsterdam/appartement-sloterkade-22-l/43304674/,1200000,1058 HE Amsterdam,135,160,4,3,1,1999
https://www.funda.nl//en/detail/koop/amsterdam/appartement-jan-de-jonghkade-67/80883796/,499500,1063 MH Amsterdam,96,70,3,2,1,2000
https://www.funda.nl//en/detail/koop/amsterdam/appartement-cornelis-springerstraat-30-2/44483211/,1050000,1073 LK Amsterdam,140,160,9,6,2,1923
https://www.funda.nl//en/detail/koop/amsterdam/appartement-cornelis-van-rijplantsoen-85/80812874/,575000,1063 MD Amsterdam,98,120,4,3,1,1995
https://www.funda.nl//en/detail/koop/amsterdam/appartement-petrus-blokhof-9-3/80865210/,375000,1065 XJ Amsterdam,59,275,3,2,1,1952
https://www.funda.nl//en/detail/koop/amsterdam/appartement-onstein-134/44462502/,469000,1082 KM Amsterdam,77,275,4,2,1,1971
https://www.funda.nl//en/detail/koop/amsterdam/appartement-anjeliersstraat-57/80844689/,350000,1015 ND Amsterdam,29,160,2,1,1,2011
https://www.funda.nl//en/detail/koop/amsterdam/appartement-eerste-van-swindenstraat-84-b/44404933/,465000,1093 GH Amsterdam,59,160,2,1,1,1986
https://www.funda.nl//en/detail/koop/amsterdam/appartement-lange-leidsedwarsstraat-105-2/44462174/,950000,1017 NJ Amsterdam,92,160,2,1,1,1968
https://www.funda.nl//en/detail/koop/amsterdam/appartement-nieuwe-prinsengracht-66-f/44411499/,725000,1018 VT Amsterdam,73,90,3,2,1,1891
https://www.funda.nl//en/detail/koop/amsterdam/appartement-tolstraat-144-h/44429372/,350000,1074 VM Amsterdam,48,275,2,1,1,1889
https://www.funda.nl//en/detail/koop/amsterdam/appartement-hiraistraat-5-b18/44490152/,435000,1101 DA Amsterdam,58,50,2,1,1,2026
https://www.funda.nl//en/detail/koop/amsterdam/appartement-pieter-jacobszstraat-8-c/80859942/,800000,1012 HL Amsterdam,117,120,4,4,1,1905
https://www.funda.nl//en/detail/koop/amsterdam/appartement-alhambralaan-49/44412939/,975000,1064 NV Amsterdam,152,90,3,2,1,1998
https://www.funda.nl//en/detail/koop/amsterdam/appartement-dijkmanshuizenstraat-279/44479659/,895000,1024 XR Amsterdam,178,30,7,6,1,2023
https://www.funda.nl//en/detail/koop/amsterdam/appartement-willem-frederik-hermansstraat-147/43239937/,1200000,1011 DG Amsterdam,126,90,4,3,1,2013
https://www.funda.nl//en/detail/koop/amsterdam/appartement-parnassusweg-15-3/80811422/,1295000,1077 DB Amsterdam,174,160,7,6,3,1931
https://www.funda.nl//en/detail/koop/amsterdam/appartement-narva-eiland-22/44470059/,1299000,1014 ZJ Amsterdam,150,70,4,3,1,2018
https://www.funda.nl//en/detail/koop/amsterdam/appartement-baden-powellweg-67/44428867/,285000,1069 LC Amsterdam,45,160,2,1,1,1965
https://www.funda.nl//en/detail/koop/amsterdam/appartement-kinkerstraat-65-3/44470691/,550000,1053 DG Amsterdam,63,275,3,2,1,1893
https://www.funda.nl//en/detail/koop/amsterdam/appartement-leksmondhof-217/44419986/,299500,1108 EX Amsterdam,76,90,2,1,1,1980
https://www.funda.nl//en/detail/koop/amsterdam/appartement-tweede-laurierdwarsstraat-44-b/44409725/,485000,1016 RB Amsterdam,52,120,2,1,1,2004
https://www.funda.nl//en/detail/koop/amsterdam/appartement-gooise-kant-408/44499416/,425000,1104 MM Amsterdam,60,50,3,2,1,2024
https://www.funda.nl//en/detail/koop/amsterdam/appartement-willem-augustinstraat-131/44427090/,600000,1061 MJ Amsterdam,96,90,3,2,1,2013
https://www.funda.nl//en/detail/koop/amsterdam/appartement-boeninlaan-342/44408524/,365000,1102 TR Amsterdam,70,120,3,2,1,1985
https://www.funda.nl//en/detail/koop/amsterdam/appartement-kleiburg-607/44481440/,335000,1104 EA Amsterdam,69,90,4,3,1,2016
https://www.funda.nl//en/detail/koop/amsterdam/appartement-spadinalaan-87/44480825/,1150000,1031 KB Amsterdam,139,90,4,3,1,2010
https://www.funda.nl//en/detail/koop/amsterdam/appartement-van-kinsbergenstraat-94/80812021/,700000,1057 PT Amsterdam,73,70,3,2,1,2011
https://www.funda.nl//en/detail/koop/amsterdam/appartement-van-spilbergenstraat-163-3/43389559/,545000,1057 RE Amsterdam,65,350,3,2,1,1937
https://www.funda.nl//en/detail/koop/amsterdam/appartement-wagenaarstraat-376/80866219/,550000,1093 CX Amsterdam,72,90,4,3,1,1977
https://www.funda.nl//en/detail/koop/amsterdam/appartement-krijn-taconiskade-23/43392225/,1200000,1087 HW Amsterdam,164,30,5,3,1,2022
https://www.funda.nl//en/detail/koop/amsterdam/appartement-zeeburgerkade-614/44413785/,775000,1019 HS Amsterdam,113,160,3,2,1,1898
https://www.funda.nl//en/detail/koop/amsterdam/appartement-govert-flinckstraat-320-3/80841093/,650000,1073 CJ Amsterdam,63,160,3,2,1,1882
https://www.funda.nl//en/detail/koop/amsterdam/appartement-groenhoven-346/44411012/,289000,1103 LK Amsterdam,53,160,2,1,1,1975
https://www.funda.nl//en/detail/koop/amsterdam/appartement-twee-koningskinderenstraat-13-3/44490013/,425000,1055 DJ Amsterdam,53,160,3,2,1,1950
https://www.funda.nl//en/detail/koop/amsterdam/appartement-reyer-anslostraat-27-1/44427004/,740000,1054 KT Amsterdam,61,210,3,2,1,1878
https://www.funda.nl//en/detail/koop/amsterdam/appartement-churchill-laan-292-3/44491614/,995000,1078 GB Amsterdam,130,210,6,4,2,1929
https://www.funda.nl//en/detail/koop/amsterdam/appartement-potgieterstraat-61-3/80843092/,849000,1053 XT Amsterdam,91,275,3,2,1,1890
https://www.funda.nl//en/detail/koop/amsterdam/appartement-plantage-doklaan-21/44410669/,725000,1018 CM Amsterdam,87,120,3,2,1,1989
https://www.funda.nl//en/detail/koop/amsterdam/appartement-dintelstraat-29-h/44400062/,775000,1078 VN Amsterdam,85,90,3,2,1,1931
https://www.funda.nl//en/detail/koop/amsterdam/appartement-dijkmeerlaan-392/44404227/,745000,1096 DE Amsterdam,86,30,3,2,1,2026
https://www.funda.nl//en/detail/koop/amsterdam/appartement-h-cleyndertweg-547/44489016/,400000,1025 DW Amsterdam,87,210,3,2,1,1974
https://www.funda.nl//en/detail/koop/amsterdam/appartement-vrolikstraat-272-h/44420601/,575000,1092 TZ Amsterdam,58,90,2,1,1,1905
https://www.funda.nl//en/detail/koop/amsterdam/appartement-kromme-mijdrechtstraat-71-1/44413119/,495000,1079 KS Amsterdam,53,90,3,2,1,1926
https://www.funda.nl//en/detail/koop/amsterdam/appartement-sumatraplantsoen-7-b/44409574/,550000,1095 HW Amsterdam,81,120,3,2,1,1997
https://www.funda.nl//en/detail/koop/amsterdam/appartement-balistraat-85-e/44414758/,375000,1094 JE Amsterdam,51,210,2,1,1,1987
https://www.funda.nl//en/detail/koop/amsterdam/appartement-wenslauerstraat-76-2/80872711/,375000,1053 BB Amsterdam,36,90,2,1,1,1921
https://www.funda.nl//en/detail/koop/amsterdam/appartement-hoofdweg-239-3/80866014/,649000,1057 CW Amsterdam,84,275,3,2,1,1924
https://www.funda.nl//en/detail/koop/amsterdam/appartement-willem-baerdesenstraat-12/89798857/,400000,1067 XX Amsterdam,82,120,3,2,1,2004
https://www.funda.nl//en/detail/koop/amsterdam/appartement-de-rijpgracht-9-1/44426158/,450000,1056 XP Amsterdam,51,160,3,2,1,1933
https://www.funda.nl//en/detail/koop/amsterdam/appartement-albatrospad-22/44407118/,785000,1021 TR Amsterdam,154,70,5,3,1,2006
https://www.funda.nl//en/detail/koop/amsterdam/appartement-pieter-cornelisz-hooftstraat-152-a/44420133/,2550000,1071 CG Amsterdam,141,90,5,3,1,2023
https://www.funda.nl//en/detail/koop/amsterdam/appartement-karel-du-jardinstraat-14-1/44452217/,675000,1072 SJ Amsterdam,76,120,3,2,1,1921
https://www.funda.nl//en/detail/koop/amsterdam/appartement-prinsengracht-534-2/89767515/,975000,1017 KJ Amsterdam,138,120,3,2,1,1670
https://www.funda.nl//en/detail/koop/amsterdam/appartement-grubbehoeve-824/44489146/,445000,1103 GZ Amsterdam,109,90,4,3,1,1970
https://www.funda.nl//en/detail/koop/amsterdam/appartement-lassusstraat-3-2/44496789/,1450000,1075 GV Amsterdam,134,90,6,3,1,1902
https://www.funda.nl//en/detail/koop/amsterdam/appartement-jacob-burggraafstraat-220/44495146/,1450000,1018 WA Amsterdam,161,120,3,2,1,2004
https://www.funda.nl//en/detail/koop/amsterdam/appartement-van-ostadestraat-161-3/44410483/,500000,1073 TK Amsterdam,56,210,3,2,1,1903
https://www.funda.nl//en/detail/koop/amsterdam/appartement-pannerdenstraat-43/44402273/,399000,1106 BG Amsterdam,101,120,4,3,1,1983
https://www.funda.nl//en/detail/koop/amsterdam/appartement-andreasplein-74/43330692/,925000,1058 GD Amsterdam,108,70,4,3,1,2009
https://www.funda.nl//en/detail/koop/amsterdam/appartement-mesdagstraat-25-1/44410865/,550000,1073 HJ Amsterdam,67,210,3,2,1,1924
https://www.funda.nl//en/detail/koop/amsterdam/appartement-eef-kamerbeekstraat-402/44425561/,575000,1095 MP Amsterdam,81,50,3,2,1,2021
https://www.funda.nl//en/detail/koop/amsterdam/appartement-spangenhof-39/44404588/,545000,1083 JJ Amsterdam,83,120,3,2,1,1986
https://www.funda.nl//en/detail/koop/amsterdam/appartement-belgieplein-43/44419004/,500000,1066 RC Amsterdam,99,90,4,3,1,1992
https://www.funda.nl//en/detail/koop/amsterdam/appartement-borgerstraat-206-2/44477897/,410000,1053 RD Amsterdam,43,350,2,1,1,1911
https://www.funda.nl//en/detail/koop/amsterdam/appartement-reestraat-11-1a/44416067/,825000,1016 DM Amsterdam,95,120,4,3,1,1757
https://www.funda.nl//en/detail/koop/amsterdam/appartement-overtoom-278-a/44478864/,1825000,1054 JC Amsterdam,222,120,7,4,1,1904
https://www.funda.nl//en/detail/koop/amsterdam/appartement-marco-polostraat-39-1/44420580/,425000,1057 WD Amsterdam,47,210,5,2,1,1929
https://www.funda.nl//en/detail/koop/amsterdam/appartement-zandpad-3-c/44474053/,3900000,1054 GA Amsterdam,187,90,2,2,1,2022
https://www.funda.nl//en/detail/koop/amsterdam/appartement-boterbloemstraat-35/44497869/,1195000,1032 LV Amsterdam,157,90,4,3,1,2021
https://www.funda.nl//en/detail/koop/amsterdam/appartement-frans-van-mierisstraat-58-h/44420761/,2850000,1071 RW Amsterdam,233,275,8,6,1,1910
https://www.funda.nl//en/detail/koop/amsterdam/appartement-prinsengracht-289-3/44492669/,650000,1016 GW Amsterdam,106,350,5,2,1,1905
https://www.funda.nl//en/detail/koop/amsterdam/appartement-rustenburgerstraat-82-d/44427517/,575000,1074 EX Amsterdam,52,90,2,1,1,1982
https://www.funda.nl//en/detail/koop/amsterdam/appartement-esplanade-de-meer-122/80843151/,645000,1098 WN Amsterdam,96,120,3,2,1,2001
https://www.funda.nl//en/detail/koop/amsterdam/appartement-zuid-hollandstraat-94-3/80865002/,800000,1082 EM Amsterdam,127,160,5,4,1,1963
https://www.funda.nl//en/detail/koop/amsterdam/appartement-lijnbaansgracht-217-1/43237447/,599000,1016 XJ Amsterdam,61,120,3,2,1,1940
https://www.funda.nl//en/detail/koop/amsterdam/appartement-hoofdweg-6-h/44413755/,1395000,1058 BC Amsterdam,141,90,6,4,1,1927
https://www.funda.nl//en/detail/koop/amsterdam/appartement-meer-en-vaart-16-b/44400025/,550000,1068 ZZ Amsterdam,109,70,4,3,1,2007
https://www.funda.nl//en/detail/koop/amsterdam/appartement-esther-de-boer-van-rijkstraat-182/80879431/,400000,1065 GT Amsterdam,55,210,3,2,1,1957
https://www.funda.nl//en/detail/koop/amsterdam/appartement-eerste-constantijn-huygensstraat-88-3/44496404/,450000,1054 BX Amsterdam,46,160,2,1,1,1896
https://www.funda.nl//en/detail/koop/amsterdam/appartement-wiborgeiland-183/44486566/,600000,1014 ZC Amsterdam,67,30,2,1,1,2018
https://www.funda.nl//en/detail/koop/amsterdam/appartement-het-breed-707/80831483/,339000,1025 JA Amsterdam,63,275,2,1,1,1972
https://www.funda.nl//en/detail/koop/amsterdam/appartement-wittgensteinlaan-6/44482787/,550000,1062 KA Amsterdam,90,90,3,2,1,1992
https://www.funda.nl//en/detail/koop/amsterdam/appartement-kerkstraat-125-o/80876392/,645000,1017 GE Amsterdam,72,120,3,2,1,1850
https://www.funda.nl//en/detail/koop/amsterdam/appartement-gustav-mahlerlaan-66/44410747/,1250000,1082 ME Amsterdam,170,70,3,2,1,2008
https://www.funda.nl//en/detail/koop/amsterdam/appartement-s-f-van-ossstraat-342/80860213/,332000,1068 JS Amsterdam,77,160,4,3,1,1965
https://www.funda.nl//en/detail/koop/amsterdam/appartement-groetstraat-59/44411180/,415000,1024 TX Amsterdam,79,210,4,3,1,1966
https://www.funda.nl//en/detail/koop/amsterdam/appartement-rapenburgerstraat-73-b5/44497105/,495000,1011 VK Amsterdam,54,120,2,1,1,1960
https://www.funda.nl//en/detail/koop/amsterdam/appartement-minervalaan-23-3/43331825/,1650000,1077 NK Amsterdam,168,160,5,4,1,1927
https://www.funda.nl//en/detail/koop/amsterdam/appartement-simsonstraat-3-1/44425366/,425000,1076 VG Amsterdam,43,90,2,1,1,1925
https://www.funda.nl//en/detail/koop/amsterdam/appartement-oeverpad-564/43830888/,775000,1068 PM Amsterdam,155,90,4,3,1,2006
https://www.funda.nl//en/detail/koop/amsterdam/appartement-egelantiersstraat-122-d/44482669/,500000,1015 PR Amsterdam,62,120,2,1,1,1906
https://www.funda.nl//en/detail/koop/amsterdam/appartement-passeerdersstraat-134/44428369/,525000,1016 ZA Amsterdam,74,90,2,1,1,1991
https://www.funda.nl//en/detail/koop/amsterdam/appartement-houthavenweg-221/80873814/,795000,1014 ZA Amsterdam,84,90,3,2,1,2018
https://www.funda.nl//en/detail/koop/amsterdam/appartement-willemsparkweg-212-h/44459307/,2150000,1071 HX Amsterdam,194,275,7,5,1,1897
https://www.funda.nl//en/detail/koop/amsterdam/appartement-van-oldenbarneveldtstraat-81-c/44425537/,570000,1052 JW Amsterdam,58,160,3,2,1,1882
https://www.funda.nl//en/detail/koop/amsterdam/appartement-nachtwachtlaan-395/44492179/,750000,1058 EN Amsterdam,126,120,5,4,1,1974
https://www.funda.nl//en/detail/koop/amsterdam/appartement-johan-van-der-keukenstraat-99/44464655/,600000,1087 BC Amsterdam,111,70,4,2,1,2005
https://www.funda.nl//en/detail/koop/amsterdam/appartement-van-der-palmkade-151/44418411/,1425000,1051 RJ Amsterdam,179,90,4,3,1,2001
https://www.funda.nl//en/detail/koop/amsterdam/appartement-rustenburgerdwarsstraat-2-f/43343267/,795000,1074 JJ Amsterdam,102,90,4,3,1,1997
https://www.funda.nl//en/detail/koop/amsterdam/appartement-van-hallstraat-19-1/44464087/,719000,1051 GW Amsterdam,88,90,4,2,1,1905
https://www.funda.nl//en/detail/koop/amsterdam/appartement-raden-adjeng-kartinistraat-15/44402338/,500000,1103 MG Amsterdam,110,70,4,3,1,1999
https://www.funda.nl//en/detail/koop/amsterdam/appartement-charlotte-brontestraat-139/80837097/,310000,1102 XC Amsterdam,68,160,3,2,1,1984
https://www.funda.nl//en/detail/koop/amsterdam/appartement-zeeburgerkade-936/44416748/,1675000,1019 VK Amsterdam,171,90,4,3,1,2021
https://www.funda.nl//en/detail/koop/amsterdam/appartement-bundlaan-204/80840399/,845000,1031 KA Amsterdam,113,30,3,2,1,2020
https://www.funda.nl//en/detail/koop/amsterdam/appartement-isaak-gosseshof-12-2/89799653/,395000,1065 XH Amsterdam,68,160,4,3,1,1957
https://www.funda.nl//en/detail/koop/amsterdam/appartement-vaartstraat-66-3/44401383/,499000,1075 RS Amsterdam,59,210,3,2,1,1913
https://www.funda.nl//en/detail/koop/amsterdam/appartement-droogbak-10-h/44404507/,525000,1013 GG Amsterdam,67,350,3,2,2,1845
https://www.funda.nl//en/detail/koop/amsterdam/appartement-bos-en-lommerplantsoen-11-e/44408730/,275000,1055 AA Amsterdam,29,90,1,1,1,1960
https://www.funda.nl//en/detail/koop/amsterdam/appartement-leksmondhof-32/80856190/,335000,1108 EN Amsterdam,77,90,3,2,1,1979
https://www.funda.nl//en/detail/koop/amsterdam/appartement-pieter-de-hoochstraat-7-c/44400217/,950000,1071 ED Amsterdam,106,90,3,2,1,1996
https://www.funda.nl//en/detail/koop/amsterdam/appartement-arent-janszoon-ernststraat-234/44410409/,549000,1082 LT Amsterdam,82,90,2,1,1,2010
https://www.funda.nl//en/detail/koop/amsterdam/appartement-laagte-kadijk-148-b/43345507/,599000,1018 ZD Amsterdam,79,50,2,1,1,1750
https://www.funda.nl//en/detail/koop/amsterdam/appartement-hudsonstraat-142-1/44427724/,400000,1057 ST Amsterdam,45,90,3,2,1,1924
https://www.funda.nl//en/detail/koop/amsterdam/appartement-ookmeerweg-18-b/44421667/,450000,1068 ZX Amsterdam,87,50,3,2,1,2007
https://www.funda.nl//en/detail/koop/amsterdam/appartement-levantkade-231/44411896/,599000,1019 MG Amsterdam,76,90,4,3,1,1992
https://www.funda.nl//en/detail/koop/amsterdam/appartement-slauerhoffstraat-64-2/80868310/,389000,1064 TH Amsterdam,72,160,4,3,1,1953
https://www.funda.nl//en/detail/koop/amsterdam/appartement-knsm-laan-639/44418620/,799000,1019 LH Amsterdam,105,120,4,3,1,1992
https://www.funda.nl//en/detail/koop/amsterdam/appartement-weesperplein-17-a/80825731/,550000,1018 WZ Amsterdam,63,90,3,1,1,2005
https://www.funda.nl//en/detail/koop/amsterdam/appartement-de-clercqstraat-7-1/80821852/,500000,1053 AA Amsterdam,63,210,3,2,1,1899
https://www.funda.nl//en/detail/koop/amsterdam/appartement-geuzenkade-97-c/44480157/,675000,1056 LB Amsterdam,84,90,3,2,1,2004
https://www.funda.nl//en/detail/koop/amsterdam/appartement-blasiusstraat-70-g/80812862/,450000,1091 CW Amsterdam,46,90,2,1,1,1887
https://www.funda.nl//en/detail/koop/amsterdam/appartement-pieter-calandlaan-720/80869364/,450000,1060 TX Amsterdam,90,90,4,3,1,1999
https://www.funda.nl//en/detail/koop/amsterdam/appartement-ladogameerhof-150/80840388/,499000,1060 RE Amsterdam,101,120,3,2,1,1999
https://www.funda.nl//en/detail/koop/amsterdam/appartement-adelaarsweg-76/44477434/,925000,1021 BV Amsterdam,134,160,7,5,1,1930
https://www.funda.nl//en/detail/koop/amsterdam/appartement-tollensstraat-53-l/44403784/,975000,1053 RS Amsterdam,116,90,4,3,1,2015
https://www.funda.nl//en/detail/koop/amsterdam/appartement-burgemeester-cramergracht-179/44429642/,550000,1064 AM Amsterdam,91,210,3,2,1,1958
https://www.funda.nl//en/detail/koop/amsterdam/appartement-sumatrastraat-35-c/44414647/,450000,1094 LN Amsterdam,57,160,3,2,1,1902
https://www.funda.nl//en/detail/koop/amsterdam/appartement-derde-oosterparkstraat-106-d/44494515/,685000,1091 KC Amsterdam,88,120,4,3,1,1982
https://www.funda.nl//en/detail/koop/amsterdam/appartement-grootslagstraat-71/44403694/,525000,1024 EZ Amsterdam,81,50,3,2,1,2023
https://www.funda.nl//en/detail/koop/amsterdam/appartement-knollendamstraat-121/44410879/,695000,1013 TM Amsterdam,81,90,3,2,1,1921
https://www.funda.nl//en/detail/koop/amsterdam/appartement-van-oldenbarneveldtstraat-52-f/44472794/,695000,1052 KC Amsterdam,81,90,2,1,1,2006
https://www.funda.nl//en/detail/koop/amsterdam/appartement-mt-lincolnweg-86/44481783/,500000,1033 SN Amsterdam,58,50,2,1,1,2024
https://www.funda.nl//en/detail/koop/amsterdam/appartement-vrijzicht-148/80844839/,375000,1068 CJ Amsterdam,54,160,2,1,1,1966
https://www.funda.nl//en/detail/koop/amsterdam/appartement-realengracht-30/44429144/,1230000,1013 KW Amsterdam,170,210,4,3,1,1650
https://www.funda.nl//en/detail/koop/amsterdam/appartement-albert-cuypstraat-47-1/44400460/,435000,1072 CL Amsterdam,44,90,2,1,1,1883
https://www.funda.nl//en/detail/koop/amsterdam/appartement-jc-van-epenstraat-36/44411331/,500000,1019 GT Amsterdam,70,90,3,2,1,1988
https://www.funda.nl//en/detail/koop/amsterdam/appartement-baarsjesweg-176-2/80882992/,650000,1057 HP Amsterdam,70,120,4,3,1,1923
https://www.funda.nl//en/detail/koop/amsterdam/appartement-van-tuyll-van-serooskerkenweg-78-3/44412658/,1450000,1076 JN Amsterdam,153,160,6,4,1,1930
https://www.funda.nl//en/detail/koop/amsterdam/appartement-keizersgracht-515-k/44413726/,695000,1017 DN Amsterdam,64,90,3,2,1,1909
https://www.funda.nl//en/detail/koop/amsterdam/appartement-bestevaerstraat-33-2/44499392/,725000,1056 HG Amsterdam,78,90,3,2,1,1922
https://www.funda.nl//en/detail/koop/amsterdam/appartement-rapenburgerstraat-116/44462385/,595000,1011 ML Amsterdam,67,70,3,1,1,1998
https://www.funda.nl//en/detail/koop/amsterdam/appartement-eendrachtstraat-7-1/44475480/,1150000,1078 XV Amsterdam,143,160,6,4,1,1928
https://www.funda.nl//en/detail/koop/amsterdam/appartement-nepveustraat-20-2/89722406/,429000,1058 XP Amsterdam,57,160,2,1,1,1929
https://www.funda.nl//en/detail/koop/amsterdam/appartement-ijburglaan-1480/44492805/,575000,1087 KG Amsterdam,108,90,3,2,1,2006
https://www.funda.nl//en/detail/koop/amsterdam/appartement-petrus-blokhof-7-2/44478720/,400000,1065 XJ Amsterdam,59,160,2,1,1,1957
https://www.funda.nl//en/detail/koop/amsterdam/appartement-blasiusstraat-113-3/80883325/,535000,1091 CP Amsterdam,57,210,2,1,1,1954
https://www.funda.nl//en/detail/koop/amsterdam/appartement-krooswijkhof-11/44492689/,675000,1083 JA Amsterdam,95,120,3,2,1,1988
https://www.funda.nl//en/detail/koop/amsterdam/appartement-korte-blekersstraat-8-h/44418340/,600000,1053 TM Amsterdam,69,160,3,2,1,1912
https://www.funda.nl//en/detail/koop/amsterdam/appartement-vondelstraat-11-h2/44406982/,875000,1054 GC Amsterdam,87,350,2,1,1,1942
https://www.funda.nl//en/detail/koop/amsterdam/appartement-meerhuizenstraat-27-2/44492897/,575000,1078 TG Amsterdam,72,160,3,1,1,1922
https://www.funda.nl//en/detail/koop/amsterdam/appartement-ernest-staesstraat-45-2/44469000/,425000,1061 CC Amsterdam,60,160,3,2,1,1952
https://www.funda.nl//en/detail/koop/amsterdam/appartement-eerste-constantijn-huygensstraat-20-c/44426257/,639000,1054 BR Amsterdam,80,70,3,1,1,2011
https://www.funda.nl//en/detail/koop/amsterdam/appartement-ton-de-leeuwstraat-46/43334167/,1290000,1011 DE Amsterdam,126,50,4,3,1,2021
https://www.funda.nl//en/detail/koop/amsterdam/appartement-reggestraat-13-2/89796327/,585000,1078 CX Amsterdam,68,275,4,3,1,1925
https://www.funda.nl//en/detail/koop/amsterdam/appartement-onstein-82/43361818/,495000,1082 KL Amsterdam,85,450,4,2,1,1964
https://www.funda.nl//en/detail/koop/amsterdam/appartement-herengracht-181-c/44428107/,900000,1016 BE Amsterdam,80,275,2,1,1,1900
https://www.funda.nl//en/detail/koop/amsterdam/appartement-postjeskade-35-1/44485029/,425000,1058 DG Amsterdam,54,160,2,1,1,1930
https://www.funda.nl//en/detail/koop/amsterdam/appartement-nageljongenstraat-57/44461110/,400000,1033 PB Amsterdam,67,90,3,2,1,1983
https://www.funda.nl//en/detail/koop/amsterdam/appartement-edisonstraat-32-2/44410251/,535000,1098 TC Amsterdam,71,210,4,3,1,1954
https://www.funda.nl//en/detail/koop/amsterdam/appartement-nassaukade-70-3/80840395/,1150000,1052 CS Amsterdam,136,120,4,3,1,1881
https://www.funda.nl//en/detail/koop/amsterdam/appartement-windroosplein-16/44420799/,450000,1018 ZW Amsterdam,58,90,3,1,1,1989
https://www.funda.nl//en/detail/koop/amsterdam/appartement-gaasterlandstraat-238/80862619/,1495000,1079 RH Amsterdam,146,90,4,3,1,2020
https://www.funda.nl//en/detail/koop/amsterdam/appartement-sinjeur-semeynsstraat-90-6/43331759/,400000,1061 GM Amsterdam,80,350,4,2,1,1961
https://www.funda.nl//en/detail/koop/amsterdam/appartement-trouringhstraat-28-2/44489977/,400000,1055 HB Amsterdam,50,160,3,2,1,1940
https://www.funda.nl//en/detail/koop/amsterdam/appartement-hudsonstraat-59-1/80866698/,445000,1057 RZ Amsterdam,50,160,3,2,1,1924
https://www.funda.nl//en/detail/koop/amsterdam/appartement-eef-kamerbeekstraat-548/44403029/,595000,1095 MP Amsterdam,83,90,3,2,1,2019
https://www.funda.nl//en/detail/koop/amsterdam/appartement-lambertus-zijlplein-106/89734324/,425000,1067 JS Amsterdam,80,90,3,2,1,2002
https://www.funda.nl//en/detail/koop/amsterdam/appartement-blancefloorstraat-13-2/44496244/,425000,1055 TC Amsterdam,55,210,4,2,1,1939
https://www.funda.nl//en/detail/koop/amsterdam/appartement-plantage-middenlaan-9-1/80861273/,1800000,1018 DA Amsterdam,239,275,5,4,1,1848
https://www.funda.nl//en/detail/koop/amsterdam/appartement-franz-zieglerstraat-18/44463830/,1095000,1087 HN Amsterdam,189,90,5,4,1,2008
https://www.funda.nl//en/detail/koop/amsterdam/appartement-kometensingel-84-1/43217929/,750000,1033 BW Amsterdam,116,90,6,4,1,1925
https://www.funda.nl//en/detail/koop/amsterdam/appartement-recht-boomssloot-42-b/44478645/,525000,1011 EC Amsterdam,60,160,2,1,1,1633
https://www.funda.nl//en/detail/koop/amsterdam/appartement-javastraat-49-c/80857480/,500000,1094 HA Amsterdam,56,160,3,2,1,1902
https://www.funda.nl//en/detail/koop/amsterdam/appartement-tweede-jan-van-der-heijdenstraat-30-h/44419391/,995000,1073 VJ Amsterdam,108,160,3,2,1,1906
https://www.funda.nl//en/detail/koop/amsterdam/appartement-nieuwezijds-voorburgwal-306-h/44488847/,675000,1012 RV Amsterdam,76,120,2,1,1,1906
https://www.funda.nl//en/detail/koop/amsterdam/appartement-burgemeester-hogguerstraat-1045/44482614/,425000,1064 EG Amsterdam,78,120,3,2,1,1965
https://www.funda.nl//en/detail/koop/amsterdam/appartement-haarlemmermeerstraat-60-3/80884496/,950000,1058 KC Amsterdam,116,160,5,3,1,1932
https://www.funda.nl//en/detail/koop/amsterdam/appartement-oeverpad-280/44485940/,445000,1068 PJ Amsterdam,97,120,3,2,1,1998
https://www.funda.nl//en/detail/koop/amsterdam/appartement-nicolaas-anslijnstraat-71/44420055/,325000,1068 WR Amsterdam,81,120,3,2,1,1964
https://www.funda.nl//en/detail/koop/amsterdam/appartement-nieuwe-achtergracht-106-2/44404018/,425000,1018 WT Amsterdam,45,450,2,1,1,1934
https://www.funda.nl//en/detail/koop/amsterdam/appartement-zocherstraat-56-h/44428961/,795000,1054 MA Amsterdam,101,275,4,2,1,1921
https://www.funda.nl//en/detail/koop/amsterdam/appartement-memlingstraat-27-h/44481650/,1450000,1077 LR Amsterdam,121,160,8,5,1,1950
https://www.funda.nl//en/detail/koop/amsterdam/appartement-valeriusstraat-99-2/80864537/,1350000,1075 EP Amsterdam,148,160,6,4,1,1910
https://www.funda.nl//en/detail/koop/amsterdam/appartement-humberto-delgadoplein-34/44426648/,560000,1102 JM Amsterdam,119,90,4,3,1,2003
https://www.funda.nl//en/detail/koop/amsterdam/appartement-andries-copierstraat-112/44493171/,400000,1061 SE Amsterdam,63,90,2,1,1,2009
https://www.funda.nl//en/detail/koop/amsterdam/appartement-ladogameerhof-87/44493156/,500000,1060 PJ Amsterdam,107,70,4,3,1,1998
https://www.funda.nl//en/detail/koop/amsterdam/appartement-veembroederhof-135/43371892/,950000,1019 HD Amsterdam,135,90,4,3,1,2006
https://www.funda.nl//en/detail/koop/amsterdam/appartement-welnastraat-235/80884548/,275000,1096 GJ Amsterdam,28,90,1,1,1,2011
https://www.funda.nl//en/detail/koop/amsterdam/appartement-eva-besnyostraat-380/44499876/,450000,1087 LM Amsterdam,84,90,3,2,1,2011
https://www.funda.nl//en/detail/koop/amsterdam/appartement-weteringstraat-45-3/44480767/,525000,1017 SM Amsterdam,58,160,2,1,1,1857
https://www.funda.nl//en/detail/koop/amsterdam/appartement-maasstraat-41-2/89770693/,749500,1078 HC Amsterdam,103,160,4,2,1,1928
https://www.funda.nl//en/detail/koop/amsterdam/appartement-koninginneweg-249-3/44486677/,895000,1075 CV Amsterdam,65,90,3,2,1,1906
https://www.funda.nl//en/detail/koop/amsterdam/appartement-derde-schinkelstraat-22-2l/44494818/,425000,1075 TL Amsterdam,38,90,2,1,1,1912
https://www.funda.nl//en/detail/koop/amsterdam/appartement-revaleiland-450/43339396/,1600000,1014 ZG Amsterdam,231,90,6,5,1,2020
https://www.funda.nl//en/detail/koop/amsterdam/appartement-lijnbaansgracht-322-h/44426371/,900000,1017 XA Amsterdam,92,120,3,2,1,1893
https://www.funda.nl//en/detail/koop/amsterdam/appartement-laurierstraat-77-a/44418862/,1050000,1016 PJ Amsterdam,103,90,3,2,1,1907
https://www.funda.nl//en/detail/koop/amsterdam/appartement-bloys-van-treslongstraat-55-h/44475197/,835000,1056 WZ Amsterdam,102,120,5,4,1,1923
https://www.funda.nl//en/detail/koop/amsterdam/appartement-van-ostadestraat-338-2/44400390/,425000,1073 TZ Amsterdam,45,160,2,1,1,1889
https://www.funda.nl//en/detail/koop/amsterdam/appartement-tweede-kostverlorenkade-129-1/44427593/,475000,1053 SE Amsterdam,49,450,3,2,1,1927
https://www.funda.nl//en/detail/koop/amsterdam/appartement-singerstraat-12/44417896/,699000,1064 WN Amsterdam,120,90,3,2,1,1997
https://www.funda.nl//en/detail/koop/amsterdam/appartement-jacob-burggraafstraat-114/43327214/,669500,1018 WA Amsterdam,112,70,2,1,1,2004
https://www.funda.nl//en/detail/koop/amsterdam/appartement-valkenburgerstraat-22-f/44403780/,660000,1011 LZ Amsterdam,78,90,3,2,1,2000
https://www.funda.nl//en/detail/koop/amsterdam/appartement-rapenburgerstraat-75/44474316/,485000,1011 VK Amsterdam,49,160,2,1,1,1960
https://www.funda.nl//en/detail/koop/amsterdam/appartement-weteringschans-145-b/44409470/,1495000,1017 SE Amsterdam,163,160,5,4,1,1865
https://www.funda.nl//en/detail/koop/amsterdam/appartement-vondelstraat-29-1/44403686/,1000000,1054 GJ Amsterdam,92,160,2,1,1,1892
https://www.funda.nl//en/detail/koop/amsterdam/appartement-hermanus-coenradistraat-8-3/44412853/,350000,1063 XR Amsterdam,58,210,2,1,1,1953
https://www.funda.nl//en/detail/koop/amsterdam/appartement-zuiderzeepark-18/44415260/,385000,1024 MG Amsterdam,70,90,3,1,1,1995
https://www.funda.nl//en/detail/koop/amsterdam/appartement-leiduinstraat-10-1/44405406/,550000,1058 SJ Amsterdam,56,210,3,2,1,1934
https://www.funda.nl//en/detail/koop/amsterdam/appartement-admiraal-de-ruijterweg-258-3/80840162/,950000,1055 MP Amsterdam,140,90,6,5,1,1922
https://www.funda.nl//en/detail/koop/amsterdam/appartement-rustenburgerstraat-37-a/44428670/,675000,1074 ER Amsterdam,54,90,3,2,1,1912
https://www.funda.nl//en/detail/koop/amsterdam/appartement-weteringschans-161-d/44411112/,550000,1017 SE Amsterdam,58,90,3,2,1,1985
https://www.funda.nl//en/detail/koop/amsterdam/appartement-millingenhof-270/44417053/,320000,1106 KS Amsterdam,73,90,2,1,1,1977
https://www.funda.nl//en/detail/koop/amsterdam/appartement-eastonstraat-141/44404721/,350000,1068 JD Amsterdam,75,160,3,2,1,1963
https://www.funda.nl//en/detail/koop/amsterdam/appartement-groenhoven-144/80873012/,265000,1103 LB Amsterdam,53,275,2,1,1,1975
https://www.funda.nl//en/detail/koop/amsterdam/appartement-beukenplein-39/44483974/,815000,1092 BB Amsterdam,91,90,4,3,1,1997
https://www.funda.nl//en/detail/koop/amsterdam/appartement-nieuwe-achtergracht-27-h/44401654/,1450000,1018 XW Amsterdam,149,160,6,3,1,1905
https://www.funda.nl//en/detail/koop/amsterdam/appartement-nachtegaalstraat-118/44485267/,400000,1021 GE Amsterdam,59,160,3,2,1,1915
https://www.funda.nl//en/detail/koop/amsterdam/appartement-dijkgraafplein-311/80883410/,369000,1069 ES Amsterdam,99,120,4,3,1,1972
https://www.funda.nl//en/detail/koop/amsterdam/appartement-paramaribostraat-68-2/44452329/,749000,1058 VM Amsterdam,98,160,4,3,1,1930
https://www.funda.nl//en/detail/koop/amsterdam/appartement-valeriusstraat-143-3/89707478/,1150000,1075 ET Amsterdam,118,210,5,3,1,1911
https://www.funda.nl//en/detail/koop/amsterdam/appartement-marnixstraat-305-1/44414917/,385000,1015 WN Amsterdam,45,160,2,1,1,1886
https://www.funda.nl//en/detail/koop/amsterdam/appartement-revaleiland-415/80864012/,825000,1014 ZG Amsterdam,98,90,3,2,2,2020
https://www.funda.nl//en/detail/koop/amsterdam/appartement-westerdoksdijk-611/44404532/,645000,1013 BX Amsterdam,72,90,3,2,1,2009
https://www.funda.nl//en/detail/koop/amsterdam/appartement-wieringerwaardstraat-385/80882919/,425000,1024 HM Amsterdam,68,90,2,1,1,2010
https://www.funda.nl//en/detail/koop/amsterdam/appartement-kerkstraat-261-1/44475650/,1200000,1017 GW Amsterdam,131,210,4,3,1,1906
https://www.funda.nl//en/detail/koop/amsterdam/appartement-lauriergracht-62-2/44409033/,475000,1016 RM Amsterdam,40,160,2,1,1,1906
https://www.funda.nl//en/detail/koop/amsterdam/appartement-albert-cuypstraat-101-2/80885032/,425000,1072 CR Amsterdam,48,350,3,2,1,1898
https://www.funda.nl//en/detail/koop/amsterdam/appartement-hoofdweg-318-h/44489717/,650000,1056 DA Amsterdam,71,120,2,1,1,1927
https://www.funda.nl//en/detail/koop/amsterdam/appartement-nieuwendammerkade-28-a3/44450201/,1465000,1022 AB Amsterdam,232,160,5,2,1,1963
https://www.funda.nl//en/detail/koop/amsterdam/appartement-bartholomeus-diazstraat-54-2/89780028/,420000,1057 TD Amsterdam,50,160,3,2,1,1926
https://www.funda.nl//en/detail/koop/amsterdam/appartement-silodam-199/43307529/,1150000,1013 AS Amsterdam,163,70,4,3,2,1997
https://www.funda.nl//en/detail/koop/amsterdam/appartement-titus-van-rijnstraat-271/44409400/,735000,1058 GB Amsterdam,86,50,3,2,1,2009
https://www.funda.nl//en/detail/koop/amsterdam/appartement-eef-kamerbeekstraat-294/44486716/,875000,1095 MP Amsterdam,127,70,4,3,1,2021
https://www.funda.nl//en/detail/koop/amsterdam/appartement-frans-van-mierisstraat-131-4/44457235/,1475000,1071 RR Amsterdam,104,90,3,2,1,1918
https://www.funda.nl//en/detail/koop/amsterdam/appartement-christiaan-de-wetstraat-31-a/80884428/,500000,1091 NG Amsterdam,58,210,2,1,1,1924
https://www.funda.nl//en/detail/koop/amsterdam/appartement-sassenheimstraat-58-1/44425402/,575000,1059 BK Amsterdam,61,120,4,2,1,1935
https://www.funda.nl//en/detail/koop/amsterdam/appartement-johan-jongkindstraat-184/44494168/,495000,1062 DK Amsterdam,80,90,2,1,1,1998
https://www.funda.nl//en/detail/koop/amsterdam/appartement-pontsteiger-158/44416817/,2550000,1014 ZP Amsterdam,155,90,3,2,1,2018
https://www.funda.nl//en/detail/koop/amsterdam/appartement-van-woustraat-224-2/44427811/,545000,1073 NB Amsterdam,63,160,3,2,1,1922
https://www.funda.nl//en/detail/koop/amsterdam/appartement-mensinge-48/43344991/,915000,1083 HD Amsterdam,167,120,5,3,1,1968
https://www.funda.nl//en/detail/koop/amsterdam/appartement-ottho-heldringstraat-27-r/44461973/,679500,1066 XT Amsterdam,118,70,5,3,1,2010
https://www.funda.nl//en/detail/koop/amsterdam/appartement-korte-prinsengracht-16-a/43327966/,2150000,1013 GS Amsterdam,253,120,5,3,1,1656
https://www.funda.nl//en/detail/koop/amsterdam/appartement-van-speijkstraat-129-h/43334384/,1150000,1057 GT Amsterdam,166,120,5,3,1,1924
https://www.funda.nl//en/detail/koop/amsterdam/appartement-makassarstraat-38-2/44465139/,435000,1095 SZ Amsterdam,47,210,3,2,1,1925
https://www.funda.nl//en/detail/koop/amsterdam/appartement-van-tuyll-van-serooskerkenweg-72-3/44484166/,1395000,1076 JN Amsterdam,156,210,4,3,1,1930
https://www.funda.nl//en/detail/koop/amsterdam/appartement-orteliusstraat-217-2/44413909/,450000,1056 NR Amsterdam,49,210,3,2,1,1927
https://www.funda.nl//en/detail/koop/amsterdam/appartement-dirk-schaferstraat-7-3/44406367/,375000,1076 BA Amsterdam,45,350,2,1,1,1957
https://www.funda.nl//en/detail/koop/amsterdam/appartement-apollolaan-87-c/44420522/,2395000,1077 AL Amsterdam,191,90,4,3,1,1927
https://www.funda.nl//en/detail/koop/amsterdam/appartement-emmy-andriessestraat-337/89786640/,550000,1087 LS Amsterdam,88,90,3,2,1,2012
https://www.funda.nl//en/detail/koop/amsterdam/appartement-amstelveenseweg-970-c/89709155/,1450000,1081 JR Amsterdam,163,90,4,3,1,2015
https://www.funda.nl//en/detail/koop/amsterdam/appartement-zandpad-3-b/44474049/,3300000,1054 GA Amsterdam,187,90,6,2,1,1893
https://www.funda.nl//en/detail/koop/amsterdam/appartement-veembroederhof-121/44495595/,1150000,1019 HD Amsterdam,147,90,3,2,1,2006
https://www.funda.nl//en/detail/koop/amsterdam/appartement-amstelkade-70-2/44495037/,925000,1078 AL Amsterdam,122,160,5,3,1,1924
https://www.funda.nl//en/detail/koop/amsterdam/appartement-gerard-doustraat-32-a3/80855269/,1295000,1072 VS Amsterdam,151,90,3,2,1,1884
https://www.funda.nl//en/detail/koop/amsterdam/appartement-aurikelstraat-105/44416559/,665000,1032 AT Amsterdam,96,90,4,3,1,1925
https://www.funda.nl//en/detail/koop/amsterdam/appartement-silodam-447/80864958/,700000,1013 AW Amsterdam,86,120,3,2,1,2002
https://www.funda.nl//en/detail/koop/amsterdam/appartement-pieter-langendijkstraat-6-h/44473450/,1260000,1054 ZA Amsterdam,117,120,4,3,1,1918
https://www.funda.nl//en/detail/koop/amsterdam/appartement-grote-ruwenberg-25-2/44495876/,450000,1083 BS Amsterdam,64,160,3,2,1,1959
https://www.funda.nl//en/detail/koop/amsterdam/appartement-de-boelelaan-373/80883024/,420000,1082 RG Amsterdam,86,350,3,2,1,1964
https://www.funda.nl//en/detail/koop/amsterdam/appartement-eerste-nassaustraat-4-h/44468005/,950000,1052 BG Amsterdam,103,210,5,4,1,1881
https://www.funda.nl//en/detail/koop/amsterdam/appartement-fritz-conijnstraat-10-3/44470210/,340000,1063 CC Amsterdam,68,275,4,3,1,1955
https://www.funda.nl//en/detail/koop/amsterdam/appartement-maarten-harpertszoon-trompstraat-38-3/44417879/,450000,1056 JC Amsterdam,53,350,3,2,1,1925
https://www.funda.nl//en/detail/koop/amsterdam/appartement-iepenplein-56/44416508/,520000,1091 JR Amsterdam,60,160,3,2,1,1979
https://www.funda.nl//en/detail/koop/amsterdam/appartement-fokke-simonszstraat-68/80874525/,435000,1017 TJ Amsterdam,42,350,2,1,1,1960
https://www.funda.nl//en/detail/koop/amsterdam/appartement-singel-455-f/43391513/,1195000,1012 WP Amsterdam,151,120,4,3,1,1997
https://www.funda.nl//en/detail/koop/amsterdam/appartement-chassestraat-54-2/44413609/,600000,1057 JH Amsterdam,80,160,4,2,1,1923
https://www.funda.nl//en/detail/koop/amsterdam/appartement-ploegstraat-187/44474551/,395000,1097 WE Amsterdam,47,160,2,1,1,1925
https://www.funda.nl//en/detail/koop/amsterdam/appartement-insulindeweg-99-3/80861181/,390000,1094 PE Amsterdam,48,450,2,1,1,1924
https://www.funda.nl//en/detail/koop/amsterdam/appartement-reinwardtstraat-1-3/44497023/,595000,1093 GT Amsterdam,76,160,3,2,1,1894
https://www.funda.nl//en/detail/koop/amsterdam/appartement-van-boshuizenstraat-47/44496815/,495000,1083 AR Amsterdam,71,210,3,2,1,1962
https://www.funda.nl//en/detail/koop/amsterdam/appartement-van-leijenberghlaan-2-t/44451286/,800000,1082 GM Amsterdam,117,70,3,2,1,2004
https://www.funda.nl//en/detail/koop/amsterdam/appartement-claude-debussylaan-223/44413944/,1475000,1082 MC Amsterdam,208,70,4,3,1,2008
https://www.funda.nl//en/detail/koop/amsterdam/appartement-amstelvlietstraat-243/44416353/,560000,1096 GG Amsterdam,66,90,3,1,1,2012
https://www.funda.nl//en/detail/koop/amsterdam/appartement-prinsengracht-495-2/44454262/,1250000,1016 HR Amsterdam,172,450,5,4,1,1880
https://www.funda.nl//en/detail/koop/amsterdam/appartement-noorderstraat-19-3/44425282/,950000,1017 TR Amsterdam,91,350,3,2,1,1941
https://www.funda.nl//en/detail/koop/amsterdam/appartement-nieuwe-leliestraat-131-h/44405966/,595000,1015 SN Amsterdam,55,70,3,2,1,1869
https://www.funda.nl//en/detail/koop/amsterdam/appartement-jacques-veltmanstraat-62-2/44453163/,395000,1065 EM Amsterdam,57,160,3,2,1,1956
https://www.funda.nl//en/detail/koop/amsterdam/appartement-tweede-weteringdwarsstraat-44-1/44404279/,435000,1017 SX Amsterdam,45,160,2,1,1,1929
https://www.funda.nl//en/detail/koop/amsterdam/appartement-plantage-kerklaan-183/43349082/,775000,1018 CX Amsterdam,84,160,3,2,1,1990
https://www.funda.nl//en/detail/koop/amsterdam/appartement-bos-en-lommerplein-97/43344453/,635000,1055 AD Amsterdam,96,90,3,2,1,2009
https://www.funda.nl//en/detail/koop/amsterdam/appartement-joos-de-moorstraat-25-h/44481955/,725000,1056 TV Amsterdam,84,120,4,3,1,1937
https://www.funda.nl//en/detail/koop/amsterdam/appartement-grensstraat-18-2/44489760/,625000,1091 SZ Amsterdam,67,160,3,2,1,1901
https://www.funda.nl//en/detail/koop/amsterdam/appartement-entrepothof-34/44425014/,570000,1019 DJ Amsterdam,79,160,3,2,1,1991
https://www.funda.nl//en/detail/koop/amsterdam/appartement-overtoom-406-3/44407342/,995000,1054 JS Amsterdam,113,90,3,2,1,1918
https://www.funda.nl//en/detail/koop/amsterdam/appartement-de-wittenkade-65-h/44404480/,445000,1052 AE Amsterdam,50,275,2,1,1,1906
https://www.funda.nl//en/detail/koop/amsterdam/appartement-badhuiskade-217/44482660/,875000,1031 KV Amsterdam,111,30,3,2,1,2021
https://www.funda.nl//en/detail/koop/amsterdam/appartement-swammerdamstraat-29-p/80882834/,290000,1091 RP Amsterdam,28,120,2,1,1,1983
https://www.funda.nl//en/detail/koop/amsterdam/appartement-bilderdijkstraat-120-3/80834460/,925000,1053 KZ Amsterdam,129,120,4,3,1,1902
https://www.funda.nl//en/detail/koop/amsterdam/appartement-albert-cuypstraat-152-2/44427384/,595000,1073 BK Amsterdam,70,90,3,2,1,1893
https://www.funda.nl//en/detail/koop/amsterdam/appartement-jacob-catskade-45-2/44417500/,625000,1052 BV Amsterdam,70,160,3,2,1,1899
https://www.funda.nl//en/detail/koop/amsterdam/appartement-bonairestraat-64-h/44405695/,775000,1058 XK Amsterdam,82,160,3,2,1,1930
https://www.funda.nl//en/detail/koop/amsterdam/appartement-eerste-jacob-van-campenstraat-46-3/89792408/,825000,1072 BG Amsterdam,97,160,3,2,2,1876
https://www.funda.nl//en/detail/koop/amsterdam/appartement-oudezijds-voorburgwal-32-f/80877484/,550000,1012 GD Amsterdam,68,90,3,2,1,2005
https://www.funda.nl//en/detail/koop/amsterdam/appartement-haarlemmerweg-372/44482225/,650000,1014 BL Amsterdam,72,70,3,2,1,1970
https://www.funda.nl//en/detail/koop/amsterdam/appartement-staringstraat-10-3/44417122/,435000,1054 VP Amsterdam,47,160,2,1,1,1903
https://www.funda.nl//en/detail/koop/amsterdam/appartement-rosy-wertheimstraat-39/43350474/,780000,1082 MZ Amsterdam,82,90,3,2,1,2020
https://www.funda.nl//en/detail/koop/amsterdam/appartement-tolstraat-44-1/44414238/,875000,1073 SC Amsterdam,94,90,3,2,1,1912
https://www.funda.nl//en/detail/koop/amsterdam/appartement-weissenbruchstraat-13-1/44404096/,500000,1058 KL Amsterdam,56,160,3,2,1,1932
https://www.funda.nl//en/detail/koop/amsterdam/appartement-jacob-van-lennepstraat-375-c/44416143/,950000,1053 JM Amsterdam,100,90,3,2,1,1912
https://www.funda.nl//en/detail/koop/amsterdam/appartement-van-breestraat-187-2/44403517/,2450000,1071 ZN Amsterdam,197,120,7,5,1,1903
https://www.funda.nl//en/detail/koop/amsterdam/appartement-frans-van-mierisstraat-45-2/43342723/,1550000,1071 RK Amsterdam,100,90,3,2,1,1911
https://www.funda.nl//en/detail/koop/amsterdam/appartement-james-cookstraat-4-2/80883383/,450000,1056 RZ Amsterdam,58,120,3,2,1,1926
https://www.funda.nl//en/detail/koop/amsterdam/appartement-maassluisstraat-256-l/44496964/,375000,1062 GL Amsterdam,39,160,2,1,1,1965
https://www.funda.nl//en/detail/koop/amsterdam/appartement-plantage-muidergracht-79-a/44406204/,1000000,1018 TN Amsterdam,110,90,4,2,1,1905
https://www.funda.nl//en/detail/koop/amsterdam/appartement-tegenhouderstraat-67/80858092/,425000,1033 PS Amsterdam,73,90,3,2,1,1984
https://www.funda.nl//en/detail/koop/amsterdam/appartement-joan-melchior-kemperstraat-85-2/80869128/,450000,1051 TL Amsterdam,53,160,2,1,1,1904
https://www.funda.nl//en/detail/koop/amsterdam/appartement-kleiburg-1046/80810972/,325000,1104 EA Amsterdam,60,90,2,1,1,2015
https://www.funda.nl//en/detail/koop/amsterdam/appartement-meer-en-vaart-130-c/44412165/,535000,1068 ZZ Amsterdam,112,90,4,3,1,2009
https://www.funda.nl//en/detail/koop/amsterdam/appartement-paramariboplein-47/44404444/,995000,1058 AR Amsterdam,97,90,3,2,2,1927
https://www.funda.nl//en/detail/koop/amsterdam/appartement-admiraal-de-ruijterweg-393-3/44484436/,975000,1055 MC Amsterdam,136,120,5,4,1,1912
https://www.funda.nl//en/detail/koop/amsterdam/appartement-baarsjesweg-232-1/44498369/,525000,1058 AA Amsterdam,54,160,3,2,1,1928
https://www.funda.nl//en/detail/koop/amsterdam/appartement-hertzstraat-5/44464180/,695000,1098 VJ Amsterdam,103,90,3,2,1,1994
https://www.funda.nl//en/detail/koop/amsterdam/appartement-frieslandstraat-143/44428977/,550000,1082 TM Amsterdam,47,275,2,1,1,1964
https://www.funda.nl//en/detail/koop/amsterdam/appartement-andreasplein-126/80856592/,925000,1058 GD Amsterdam,114,50,4,3,1,2010
https://www.funda.nl//en/detail/koop/amsterdam/appartement-apollolaan-87-e/44420534/,2495000,1077 AL Amsterdam,197,90,5,3,1,1927
https://www.funda.nl//en/detail/koop/amsterdam/appartement-prinsengracht-409-d/44412016/,425000,1016 HM Amsterdam,37,160,2,1,1,1978
https://www.funda.nl//en/detail/koop/amsterdam/appartement-bos-en-lommerweg-315-1/44453890/,750000,1055 DZ Amsterdam,89,90,4,3,1,1940
https://www.funda.nl//en/detail/koop/amsterdam/appartement-waldeck-pyrmontlaan-8-3/44410714/,2360000,1075 BV Amsterdam,118,70,4,3,1,1913
https://www.funda.nl//en/detail/koop/amsterdam/appartement-lederambachtstraat-38/44482670/,375000,1069 HK Amsterdam,84,210,4,3,1,1963
https://www.funda.nl//en/detail/koop/amsterdam/appartement-krooswijkhof-9/43116766/,725000,1083 JA Amsterdam,102,120,4,3,1,1988
https://www.funda.nl//en/detail/koop/amsterdam/appartement-westermarkt-3-b/44499997/,350000,1016 DH Amsterdam,34,210,2,1,1,1760
https://www.funda.nl//en/detail/koop/amsterdam/appartement-pieter-de-hoochstraat-11-a3/44402675/,3995000,1071 ED Amsterdam,291,90,4,3,1,2022
https://www.funda.nl//en/detail/koop/amsterdam/appartement-amerbos-249/44497008/,349011,1025 ZD Amsterdam,58,350,2,1,1,1969
https://www.funda.nl//en/detail/koop/amsterdam/appartement-leimuidenstraat-31-h/44487019/,795000,1059 EE Amsterdam,80,120,3,2,1,1930
https://www.funda.nl//en/detail/koop/amsterdam/appartement-pieter-langendijkstraat-34-3/44428824/,1050000,1054 ZB Amsterdam,107,90,5,4,1,1910
https://www.funda.nl//en/detail/koop/amsterdam/appartement-badhuiskade-181/44484863/,985000,1031 KV Amsterdam,111,30,4,2,1,2022
https://www.funda.nl//en/detail/koop/amsterdam/appartement-ijburglaan-1455/80884120/,650000,1087 KH Amsterdam,106,70,4,3,1,2004
https://www.funda.nl//en/detail/koop/amsterdam/appartement-h-cleyndertweg-581/44456193/,425000,1025 DX Amsterdam,127,450,5,4,1,1974
https://www.funda.nl//en/detail/koop/amsterdam/appartement-merckenburg-42/44499050/,425000,1082 BT Amsterdam,78,210,3,2,1,1963
https://www.funda.nl//en/detail/koop/amsterdam/appartement-prinsengracht-373-a/44408089/,625000,1016 HL Amsterdam,64,210,2,1,2,1730
https://www.funda.nl//en/detail/koop/amsterdam/appartement-sumatrastraat-207-u/44489474/,550000,1094 NB Amsterdam,78,90,3,2,1,2007
https://www.funda.nl//en/detail/koop/amsterdam/appartement-van-baerlestraat-1-3a/80850369/,850000,1071 AL Amsterdam,87,275,4,2,1,1953
https://www.funda.nl//en/detail/koop/amsterdam/appartement-bilderdijkstraat-181-3a/43328000/,495000,1053 KR Amsterdam,61,210,2,1,1,1891
https://www.funda.nl//en/detail/koop/amsterdam/appartement-insulindeweg-926/89705791/,595000,1095 DX Amsterdam,81,90,3,2,1,1999
https://www.funda.nl//en/detail/koop/amsterdam/appartement-beysterveld-273/43306001/,1260000,1083 KE Amsterdam,180,90,4,2,1,1988
https://www.funda.nl//en/detail/koop/amsterdam/appartement-albert-luthulistraat-24-d/44410709/,585000,1091 NV Amsterdam,71,160,3,2,1,1934
https://www.funda.nl//en/detail/koop/amsterdam/appartement-badhuiskade-91/43159523/,885000,1031 KV Amsterdam,104,10,3,2,1,2021
https://www.funda.nl//en/detail/koop/amsterdam/appartement-elizabeth-anscombestraat-125/44476796/,750000,1062 LE Amsterdam,100,50,3,2,1,2025
https://www.funda.nl//en/detail/koop/amsterdam/appartement-tesselschadestraat-31-h/43343936/,1450000,1054 ET Amsterdam,115,90,4,2,2,1906
https://www.funda.nl//en/detail/koop/amsterdam/appartement-gietersstraat-9-a/44415582/,1700000,1015 HB Amsterdam,242,160,6,4,1,1898
https://www.funda.nl//en/detail/koop/amsterdam/appartement-eerste-jan-steenstraat-125-3/44482643/,800000,1072 NH Amsterdam,110,450,6,2,1,1889
https://www.funda.nl//en/detail/koop/amsterdam/appartement-westerdok-52/44488830/,850000,1013 BH Amsterdam,97,120,3,2,1,2005
https://www.funda.nl//en/detail/koop/amsterdam/appartement-van-houweningenstraat-72-2/43341401/,395000,1052 TS Amsterdam,45,210,2,1,1,1897
https://www.funda.nl//en/detail/koop/amsterdam/appartement-tielstraat-69/80889194/,319000,1107 RB Amsterdam,70,90,3,2,1,1984
https://www.funda.nl//en/detail/koop/amsterdam/appartement-amstelveenseweg-942-2/44473843/,650000,1081 JP Amsterdam,74,160,3,2,1,1918
https://www.funda.nl//en/detail/koop/amsterdam/appartement-ernest-staesstraat-41/80855126/,675000,1061 CC Amsterdam,96,90,5,4,1,1952
https://www.funda.nl//en/detail/koop/amsterdam/appartement-krijn-taconiskade-479/44481431/,925000,1087 HW Amsterdam,121,50,5,3,1,2022
https://www.funda.nl//en/detail/koop/amsterdam/appartement-uiterwaardenstraat-352/44452139/,1150000,1079 DD Amsterdam,117,120,4,3,1,1932
https://www.funda.nl//en/detail/koop/amsterdam/appartement-kinderdijkstraat-87-1/44400405/,575000,1079 GG Amsterdam,57,210,5,3,1,1936
https://www.funda.nl//en/detail/koop/amsterdam/appartement-maasstraat-141-2/44401070/,750000,1079 BE Amsterdam,104,160,5,3,2,1933
https://www.funda.nl//en/detail/koop/amsterdam/appartement-cornelis-vermuydenstraat-92/44483379/,550000,1018 RN Amsterdam,65,70,3,2,1,2016
https://www.funda.nl//en/detail/koop/amsterdam/appartement-balboastraat-25-1/44426115/,465000,1057 VT Amsterdam,54,90,3,2,1,1928
https://www.funda.nl//en/detail/koop/amsterdam/appartement-boomstraat-67/44406776/,600000,1015 LB Amsterdam,57,90,3,2,2,1950
https://www.funda.nl//en/detail/koop/amsterdam/appartement-scherpenzeelstraat-61/89761788/,335000,1107 HS Amsterdam,74,120,3,2,1,1986
https://www.funda.nl//en/detail/koop/amsterdam/appartement-olympiakade-14-2/44484814/,575000,1076 XP Amsterdam,63,120,2,1,1,1926
https://www.funda.nl//en/detail/koop/amsterdam/appartement-ceintuurbaan-208-3/44427421/,1450000,1072 GD Amsterdam,153,90,4,3,1,1900
https://www.funda.nl//en/detail/koop/amsterdam/appartement-president-kennedylaan-88/89796326/,695000,1079 NH Amsterdam,74,275,3,2,1,1934
https://www.funda.nl//en/detail/koop/amsterdam/appartement-ijburglaan-1055/89798651/,595000,1087 EN Amsterdam,102,90,4,3,1,2009
https://www.funda.nl//en/detail/koop/amsterdam/appartement-thorn-prikkerstraat-77/44485588/,500000,1062 BS Amsterdam,66,50,3,2,1,2016
https://www.funda.nl//en/detail/koop/amsterdam/appartement-eerste-atjehstraat-142-a/80833571/,595000,1094 KV Amsterdam,68,90,2,1,1,1905
https://www.funda.nl//en/detail/koop/amsterdam/appartement-hogehilweg-12-b91/44412172/,785000,1101 CD Amsterdam,100,50,3,2,1,2026
https://www.funda.nl//en/detail/koop/amsterdam/appartement-nieuwe-kerkstraat-32-a/44400076/,425000,1018 EB Amsterdam,42,120,2,1,1,1968
https://www.funda.nl//en/detail/koop/amsterdam/appartement-osdorpplein-961/80841397/,359000,1068 TD Amsterdam,48,50,2,1,1,2022
https://www.funda.nl//en/detail/koop/amsterdam/appartement-jan-evertsenstraat-106-3/44416196/,795000,1056 EH Amsterdam,92,160,5,2,1,1925
https://www.funda.nl//en/detail/koop/amsterdam/appartement-amsteldijk-56/80869289/,935000,1074 HX Amsterdam,90,30,3,2,1,2022
https://www.funda.nl//en/detail/koop/amsterdam/appartement-van-houweningenstraat-58-h/44483300/,400000,1052 TP Amsterdam,44,210,3,2,1,1897
https://www.funda.nl//en/detail/koop/amsterdam/appartement-marnixstraat-186-3/44415135/,775000,1016 TH Amsterdam,84,90,3,2,1,1901
https://www.funda.nl//en/detail/koop/amsterdam/appartement-veerstraat-40-4/44428855/,440000,1075 SW Amsterdam,46,90,2,1,1,1912
https://www.funda.nl//en/detail/koop/amsterdam/appartement-nieuwe-osdorpergracht-480-e/44493502/,575000,1068 HV Amsterdam,82,50,3,2,1,2023
https://www.funda.nl//en/detail/koop/amsterdam/appartement-silvoldestraat-75/89702452/,375000,1107 TD Amsterdam,79,120,3,2,1,1983
https://www.funda.nl//en/detail/koop/amsterdam/appartement-docklandsweg-520/44409107/,925000,1031 KN Amsterdam,100,70,3,2,1,2026
https://www.funda.nl//en/detail/koop/amsterdam/appartement-brouwersgracht-180-d/43335085/,2850000,1013 HC Amsterdam,225,90,4,3,1,2010
https://www.funda.nl//en/detail/koop/amsterdam/appartement-surinamestraat-30-1/43382670/,599000,1058 GK Amsterdam,75,160,4,3,1,1918
https://www.funda.nl//en/detail/koop/amsterdam/appartement-dijkmanshuizenstraat-275/44484177/,595000,1024 XR Amsterdam,88,50,3,2,1,2023
https://www.funda.nl//en/detail/koop/amsterdam/appartement-herengracht-118-a/44406069/,1850000,1015 BT Amsterdam,187,160,6,2,1,1905
https://www.funda.nl//en/detail/koop/amsterdam/appartement-rapenburgerstraat-114/44497064/,550000,1011 ML Amsterdam,72,90,3,2,1,1998
https://www.funda.nl//en/detail/koop/amsterdam/appartement-haarlemmerweg-583/44416002/,900000,1055 PP Amsterdam,105,70,4,3,1,1936
https://www.funda.nl//en/detail/koop/amsterdam/appartement-narva-eiland-143/89735712/,1675000,1014 ZJ Amsterdam,168,70,4,3,1,2019
https://www.funda.nl//en/detail/koop/amsterdam/appartement-reinier-claeszenstraat-45-h/44491795/,950000,1056 WG Amsterdam,151,160,8,5,1,1922
https://www.funda.nl//en/detail/koop/amsterdam/appartement-gerard-doustraat-58-4/44414936/,475000,1072 VV Amsterdam,49,90,3,2,1,1886
https://www.funda.nl//en/detail/koop/amsterdam/appartement-nicolaas-maesstraat-122-2/44405243/,1050000,1071 RH Amsterdam,112,160,4,2,1,1910
https://www.funda.nl//en/detail/koop/amsterdam/appartement-hogevecht-14/44419879/,389000,1102 HA Amsterdam,91,120,4,3,1,1970
https://www.funda.nl//en/detail/koop/amsterdam/appartement-turnerstraat-27-d/80867012/,525000,1076 VC Amsterdam,67,275,4,3,1,1931
https://www.funda.nl//en/detail/koop/amsterdam/appartement-van-neckstraat-33/44493326/,850000,1013 PJ Amsterdam,88,160,5,2,1,1915
https://www.funda.nl//en/detail/koop/amsterdam/appartement-gustav-mahlerlaan-212/44416438/,1275000,1082 ME Amsterdam,171,70,3,2,1,2005
https://www.funda.nl//en/detail/koop/amsterdam/appartement-dijkmeerlaan-32/43332894/,665000,1096 DE Amsterdam,67,50,3,2,1,2022
https://www.funda.nl//en/detail/koop/amsterdam/appartement-brederodestraat-57-h/44406384/,995000,1054 MS Amsterdam,100,90,4,3,1,1918
https://www.funda.nl//en/detail/koop/amsterdam/appartement-gerrit-mannourystraat-78/80874429/,530000,1062 LC Amsterdam,85,90,3,2,1,1993
https://www.funda.nl//en/detail/koop/amsterdam/appartement-noordzijde-323/44491747/,395000,1064 MG Amsterdam,60,120,2,1,1,1986
https://www.funda.nl//en/detail/koop/amsterdam/appartement-andreasplein-57/44475269/,920000,1058 GD Amsterdam,108,70,4,3,1,2009
https://www.funda.nl//en/detail/koop/amsterdam/appartement-van-boshuizenstraat-375/44498799/,425000,1082 AP Amsterdam,67,160,3,1,1,1964
https://www.funda.nl//en/detail/koop/amsterdam/appartement-maassluisstraat-41/44407359/,595000,1062 GA Amsterdam,93,90,3,2,1,2007
https://www.funda.nl//en/detail/koop/amsterdam/appartement-ladogameerhof-21/44403263/,395000,1060 PJ Amsterdam,79,90,3,2,1,1998
https://www.funda.nl//en/detail/koop/amsterdam/appartement-waterkeringweg-121/44474685/,750000,1051 NZ Amsterdam,101,120,3,2,1,1996
https://www.funda.nl//en/detail/koop/amsterdam/appartement-bos-en-lommerweg-283-1/44462011/,575000,1055 DX Amsterdam,76,160,4,2,1,1940
https://www.funda.nl//en/detail/koop/amsterdam/appartement-cornelis-anthoniszstraat-8-h/44416333/,1150000,1071 VT Amsterdam,108,160,3,2,1,1899
https://www.funda.nl//en/detail/koop/amsterdam/appartement-ijdoornlaan-1459-e/44407526/,425000,1034 BM Amsterdam,57,90,2,1,1,2019
https://www.funda.nl//en/detail/koop/amsterdam/appartement-rozenstraat-213-3lv/44473586/,725000,1016 NT Amsterdam,80,350,4,3,1,1928
https://www.funda.nl//en/detail/koop/amsterdam/appartement-raphaelstraat-20-h/80827271/,1275000,1077 PV Amsterdam,144,275,4,3,1,1928
https://www.funda.nl//en/detail/koop/amsterdam/appartement-jacob-catskade-51-1/43341894/,650000,1052 BV Amsterdam,67,120,4,3,1,1903
https://www.funda.nl//en/detail/koop/amsterdam/appartement-eerste-van-der-helststraat-1-a28/44408210/,595000,1073 AA Amsterdam,60,120,3,2,1,1999
https://www.funda.nl//en/detail/koop/amsterdam/appartement-brittenburg-19/44426910/,495000,1082 BS Amsterdam,85,160,4,3,1,1963
https://www.funda.nl//en/detail/koop/amsterdam/appartement-zeeburgerdijk-750/80847141/,654000,1095 LG Amsterdam,90,90,3,2,1,2002
https://www.funda.nl//en/detail/koop/amsterdam/appartement-albert-cuypstraat-94-2/44462794/,495000,1072 CX Amsterdam,49,50,2,1,1,1891
https://www.funda.nl//en/detail/koop/amsterdam/appartement-prins-hendrikkade-125-c/44493048/,1400000,1011 AN Amsterdam,157,210,5,4,1,1652
https://www.funda.nl//en/detail/koop/amsterdam/appartement-herengracht-193-d/44429015/,1950000,1016 BE Amsterdam,178,160,5,4,1,1906
https://www.funda.nl//en/detail/koop/amsterdam/appartement-javaplein-12-f/80867063/,888888,1094 HW Amsterdam,91,160,3,1,1,2011
https://www.funda.nl//en/detail/koop/amsterdam/appartement-amsteldijk-141-2/44461089/,475000,1079 LE Amsterdam,47,120,3,2,1,1924
https://www.funda.nl//en/detail/koop/amsterdam/appartement-van-ostadestraat-368-1/44425091/,525000,1074 XA Amsterdam,52,160,3,2,1,1931
https://www.funda.nl//en/detail/koop/amsterdam/appartement-kinkerstraat-314-2/44412423/,425000,1053 GD Amsterdam,46,90,3,2,1,1898
https://www.funda.nl//en/detail/koop/amsterdam/appartement-dirk-van-hasseltssteeg-26-c/44471606/,535000,1012 NE Amsterdam,65,120,3,2,1,1994
https://www.funda.nl//en/detail/koop/amsterdam/appartement-singel-115-k/44462642/,1000000,1012 VH Amsterdam,85,160,3,2,1,1745
https://www.funda.nl//en/detail/koop/amsterdam/appartement-driehoekstraat-30/44405517/,625000,1015 GL Amsterdam,71,350,3,1,2,1879
https://www.funda.nl//en/detail/koop/amsterdam/appartement-christoffelkruidstraat-82/80852411/,995000,1032 LK Amsterdam,133,50,4,3,1,2017
https://www.funda.nl//en/detail/koop/amsterdam/appartement-weteringschans-56-a/44425400/,500000,1017 SH Amsterdam,59,120,3,2,1,1986
https://www.funda.nl//en/detail/koop/amsterdam/appartement-kinkerstraat-24-4a/80828048/,450000,1053 DV Amsterdam,50,160,2,1,1,1888
https://www.funda.nl//en/detail/koop/amsterdam/appartement-oeverpad-515/44414133/,725000,1068 PM Amsterdam,169,50,5,4,1,2005
https://www.funda.nl//en/detail/koop/amsterdam/appartement-crynssenstraat-60-3/43345923/,525000,1058 XZ Amsterdam,61,350,4,3,1,1918
https://www.funda.nl//en/detail/koop/amsterdam/appartement-lou-jansenplein-20-h/44400921/,350000,1063 GX Amsterdam,69,210,4,3,1,1958
https://www.funda.nl//en/detail/koop/amsterdam/appartement-rustenburgerstraat-37-c/44428686/,600000,1074 ER Amsterdam,48,90,3,2,1,1912
https://www.funda.nl//en/detail/koop/amsterdam/appartement-kiefskamp-93/44407602/,600000,1082 JZ Amsterdam,81,210,3,2,1,1965
https://www.funda.nl//en/detail/koop/amsterdam/appartement-prof-tulpstraat-42/44457928/,995000,1018 HA Amsterdam,101,160,4,2,1,1850
https://www.funda.nl//en/detail/koop/amsterdam/appartement-sanderijnstraat-29-3/44408086/,485000,1055 BN Amsterdam,50,160,3,1,1,1936
https://www.funda.nl//en/detail/koop/amsterdam/appartement-rooseveltlaan-120-1/44418229/,800000,1078 NP Amsterdam,100,120,5,3,1,1930
https://www.funda.nl//en/detail/koop/amsterdam/appartement-oostzanerdijk-101/44415549/,450000,1033 AB Amsterdam,64,450,4,3,1,1925
https://www.funda.nl//en/detail/koop/amsterdam/appartement-kempenlaan-151/89777405/,489000,1066 RB Amsterdam,85,90,3,2,1,1993
https://www.funda.nl//en/detail/koop/amsterdam/appartement-van-reigersbergenstraat-45-3/44417340/,375000,1052 SP Amsterdam,42,210,2,1,1,1900
https://www.funda.nl//en/detail/koop/amsterdam/appartement-toutenburgstraat-30/44490693/,375000,1107 PT Amsterdam,81,120,3,2,1,1984
https://www.funda.nl//en/detail/koop/amsterdam/appartement-herengracht-47-h/44428165/,875000,1015 BB Amsterdam,100,90,2,1,1,1875
https://www.funda.nl//en/detail/koop/amsterdam/appartement-alexander-boersstraat-7-2/44497751/,925000,1071 KT Amsterdam,77,160,3,2,1,1893
https://www.funda.nl//en/detail/koop/amsterdam/appartement-kanteel-76/44420838/,625000,1083 DB Amsterdam,100,120,3,2,1,1989
https://www.funda.nl//en/detail/koop/amsterdam/appartement-lou-jansenplein-69-2/80881301/,365000,1063 GW Amsterdam,69,210,3,2,1,1958
https://www.funda.nl//en/detail/koop/amsterdam/appartement-waterlandplein-18-c/44465283/,575000,1024 LW Amsterdam,111,90,3,2,1,2012
https://www.funda.nl//en/detail/koop/amsterdam/appartement-hogevecht-241/80863884/,315000,1102 HM Amsterdam,65,90,2,1,1,1970
https://www.funda.nl//en/detail/koop/amsterdam/appartement-louise-de-colignystraat-50-3/44498468/,499000,1055 XN Amsterdam,56,90,2,1,1,1937
https://www.funda.nl//en/detail/koop/amsterdam/appartement-beverenstraat-61/80810599/,515000,1066 WD Amsterdam,94,90,4,3,1,1996
https://www.funda.nl//en/detail/koop/amsterdam/appartement-mauritskade-93-b/44417183/,650000,1093 RP Amsterdam,85,120,4,2,1,1883
https://www.funda.nl//en/detail/koop/amsterdam/appartement-nieuwe-laan-10/44497472/,393000,1068 BZ Amsterdam,76,90,3,2,1,2018
https://www.funda.nl//en/detail/koop/amsterdam/appartement-knsm-laan-92/44497310/,895000,1019 LL Amsterdam,118,90,4,2,1,2001
https://www.funda.nl//en/detail/koop/amsterdam/appartement-overtoom-484-2/43321520/,700000,1054 JZ Amsterdam,84,160,3,2,1,1904
https://www.funda.nl//en/detail/koop/amsterdam/appartement-jh-hisgenpad-1048/43208872/,495000,1025 WK Amsterdam,67,30,2,1,1,2025
https://www.funda.nl//en/detail/koop/amsterdam/appartement-john-franklinstraat-64-1/44406251/,399000,1056 TE Amsterdam,50,160,2,1,1,1927
https://www.funda.nl//en/detail/koop/amsterdam/appartement-vossiusstraat-76/44490197/,2300000,1071 AK Amsterdam,153,90,4,2,1,1997
https://www.funda.nl//en/detail/koop/amsterdam/appartement-retiefstraat-101-a/44495592/,1100000,1092 XB Amsterdam,128,160,7,5,1,1913
https://www.funda.nl//en/detail/koop/amsterdam/appartement-keizersgracht-223-a/44472643/,4100000,1016 DV Amsterdam,318,275,9,4,1,1620
https://www.funda.nl//en/detail/koop/amsterdam/appartement-van-walbeeckstraat-53-3/44496820/,795000,1058 CK Amsterdam,95,90,6,1,1,1935
https://www.funda.nl//en/detail/koop/amsterdam/appartement-van-breestraat-142-h/44400228/,2995000,1071 ZW Amsterdam,224,90,8,5,1,1901
https://www.funda.nl//en/detail/koop/amsterdam/appartement-sanderijnstraat-13-3/80835900/,685000,1055 BM Amsterdam,69,275,4,3,1,1940
https://www.funda.nl//en/detail/koop/amsterdam/appartement-nieuwe-kerkstraat-34-d/44406996/,400000,1018 EB Amsterdam,44,160,2,1,1,1968
https://www.funda.nl//en/detail/koop/amsterdam/appartement-loenermark-512/80812531/,475000,1025 TT Amsterdam,97,160,4,3,1,1975
https://www.funda.nl//en/detail/koop/amsterdam/appartement-eksterstraat-49/44469744/,525000,1021 EB Amsterdam,81,450,4,3,1,1920
https://www.funda.nl//en/detail/koop/amsterdam/appartement-linnaeusparkweg-7-a/89707483/,1450000,1098 CM Amsterdam,172,210,4,2,1,1906
https://www.funda.nl//en/detail/koop/amsterdam/appartement-renswoudestraat-33/43364840/,375000,1106 BH Amsterdam,88,160,4,3,1,1982
https://www.funda.nl//en/detail/koop/amsterdam/appartement-jh-hisgenpad-305/44427795/,400000,1025 WK Amsterdam,58,50,2,1,1,2025
https://www.funda.nl//en/detail/koop/amsterdam/appartement-bijlmerdreef-967/43380439/,575000,1103 TW Amsterdam,136,90,3,2,1,2005
https://www.funda.nl//en/detail/koop/amsterdam/appartement-de-liefde-14/44460530/,950000,1052 MZ Amsterdam,118,120,5,4,1,1992
https://www.funda.nl//en/detail/koop/amsterdam/appartement-laplacestraat-24/44428011/,925000,1098 HW Amsterdam,109,160,5,4,1,1929
https://www.funda.nl//en/detail/koop/amsterdam/appartement-van-mourik-broekmanstraat-6-1/80863398/,450000,1065 EW Amsterdam,75,160,3,2,1,1960
https://www.funda.nl//en/detail/koop/amsterdam/appartement-conradstraat-86-d/80818418/,700000,1018 NK Amsterdam,92,70,3,2,1,2004
https://www.funda.nl//en/detail/koop/amsterdam/appartement-runstraat-14-2/44477242/,900000,1016 GK Amsterdam,141,120,7,5,1,1934
https://www.funda.nl//en/detail/koop/amsterdam/appartement-derkinderenstraat-122/80849660/,550000,1061 VX Amsterdam,88,90,3,2,1,2008
https://www.funda.nl//en/detail/koop/amsterdam/appartement-plantage-middenlaan-8-d/80843124/,1580000,1018 DD Amsterdam,154,120,5,3,1,1905
https://www.funda.nl//en/detail/koop/amsterdam/appartement-nicolaas-witsenkade-30-b/43311772/,2245000,1017 ZT Amsterdam,191,120,7,3,1,1906
https://www.funda.nl//en/detail/koop/amsterdam/appartement-begoniastraat-6-a/44407146/,525000,1031 GM Amsterdam,65,90,3,2,1,2022
https://www.funda.nl//en/detail/koop/amsterdam/appartement-ceramplein-11/44467698/,595000,1095 BP Amsterdam,81,90,3,2,1,1998
https://www.funda.nl//en/detail/koop/amsterdam/appartement-theodoor-van-hoytemastraat-79/44401371/,530000,1062 CG Amsterdam,88,90,4,2,1,2005
https://www.funda.nl//en/detail/koop/amsterdam/appartement-ganzenweg-37/80867712/,925000,1021 CN Amsterdam,153,90,8,5,1,1919
https://www.funda.nl//en/detail/koop/amsterdam/appartement-bonaireplein-2-3/44415009/,800000,1058 XB Amsterdam,109,350,5,4,1,1931
https://www.funda.nl//en/detail/koop/amsterdam/appartement-jh-hisgenpad-299/43356031/,495000,1025 WK Amsterdam,69,50,3,2,1,2025
https://www.funda.nl//en/detail/koop/amsterdam/appartement-leen-jongewaardkade-7/44469676/,1300000,1031 HS Amsterdam,145,50,4,3,3,2023
https://www.funda.nl//en/detail/koop/amsterdam/appartement-efua-sutherlandstraat-49/44484667/,375000,1103 MX Amsterdam,91,90,3,2,1,1999
https://www.funda.nl//en/detail/koop/amsterdam/appartement-sonneveld-43-3/80871333/,665000,1082 EZ Amsterdam,125,275,6,5,1,1965
https://www.funda.nl//en/detail/koop/amsterdam/appartement-haarlemmerstraat-23-b/80859549/,820000,1013 EH Amsterdam,102,160,3,2,1,1760
https://www.funda.nl//en/detail/koop/amsterdam/appartement-da-costakade-184-2/80870853/,695000,1053 XE Amsterdam,71,120,4,3,1,1884
https://www.funda.nl//en/detail/koop/amsterdam/appartement-knsm-laan-619/44411893/,850000,1019 LD Amsterdam,103,90,3,2,1,1993
https://www.funda.nl//en/detail/koop/amsterdam/appartement-gustav-mahlerplein-279/43311222/,4750000,1082 MS Amsterdam,383,90,9,6,1,2010
https://www.funda.nl//en/detail/koop/amsterdam/appartement-slotermeerlaan-45/89623238/,425000,1064 GZ Amsterdam,76,90,3,2,1,1956
https://www.funda.nl//en/detail/koop/amsterdam/appartement-jan-pieter-heijestraat-88-3/44412411/,775000,1053 GS Amsterdam,94,160,3,2,1,1905
https://www.funda.nl//en/detail/koop/amsterdam/appartement-voc-kade-154/43248535/,550000,1018 LG Amsterdam,55,50,2,1,1,2021
https://www.funda.nl//en/detail/koop/amsterdam/appartement-vondelstraat-68-3/44417773/,1295000,1054 GG Amsterdam,127,120,4,3,1,1871
https://www.funda.nl//en/detail/koop/amsterdam/appartement-westlandgracht-227-h/44429778/,550000,1059 TP Amsterdam,64,210,2,1,1,1935
https://www.funda.nl//en/detail/koop/amsterdam/appartement-david-wijnkoopstraat-5/44411092/,375000,1069 RH Amsterdam,72,90,3,2,1,1983
https://www.funda.nl//en/detail/koop/amsterdam/appartement-generaal-vetterstraat-14-1/80870073/,995000,1059 BV Amsterdam,105,90,6,5,1,1921
https://www.funda.nl//en/detail/koop/amsterdam/appartement-stadhouderskade-49-h/44491471/,1100000,1072 AA Amsterdam,120,160,4,2,1,1906
https://www.funda.nl//en/detail/koop/amsterdam/appartement-haringbuisdijk-887/80867231/,1400000,1086 VA Amsterdam,150,10,7,3,1,2022
https://www.funda.nl//en/detail/koop/amsterdam/appartement-andreas-schelfhoutstraat-16/44400535/,500000,1058 HV Amsterdam,50,160,2,1,1,1974
https://www.funda.nl//en/detail/koop/amsterdam/appartement-houtrijkstraat-250/44413840/,425000,1013 DV Amsterdam,51,90,3,2,1,1905
https://www.funda.nl//en/detail/koop/amsterdam/appartement-rustenburgerstraat-125-4/44489138/,400000,1073 EW Amsterdam,43,90,2,1,1,1908
https://www.funda.nl//en/detail/koop/amsterdam/appartement-carnapstraat-171/80861587/,550000,1062 KZ Amsterdam,88,90,3,2,1,1995
https://www.funda.nl//en/detail/koop/amsterdam/appartement-adolphine-eduardine-kokplantsoen-81/44401202/,415000,1063 PW Amsterdam,94,160,3,2,1,1997
https://www.funda.nl//en/detail/koop/amsterdam/appartement-de-lierhof-24/44493700/,825000,1059 WD Amsterdam,118,90,3,2,1,2000
https://www.funda.nl//en/detail/koop/amsterdam/appartement-de-lairessestraat-176-a/44466180/,1900000,1075 HM Amsterdam,259,350,6,4,1,1933
https://www.funda.nl//en/detail/koop/amsterdam/appartement-boorderstraat-22/44418769/,335000,1033 MA Amsterdam,46,160,3,2,1,1983
https://www.funda.nl//en/detail/koop/amsterdam/appartement-oosterdokskade-25/43370104/,1050000,1011 DL Amsterdam,103,50,3,2,1,2012
https://www.funda.nl//en/detail/koop/amsterdam/appartement-postjesweg-403/80874534/,389000,1062 JT Amsterdam,67,450,2,1,1,1961
https://www.funda.nl//en/detail/koop/amsterdam/appartement-gustav-mahlerlaan-130/44410683/,1275000,1082 ME Amsterdam,168,70,3,2,1,2008
https://www.funda.nl//en/detail/koop/amsterdam/appartement-eerste-oosterparkstraat-109-c/80842300/,409000,1091 GX Amsterdam,60,90,2,1,1,1983
https://www.funda.nl//en/detail/koop/amsterdam/appartement-dusartstraat-47-4/80875866/,595000,1072 HN Amsterdam,66,350,3,1,1,1905
https://www.funda.nl//en/detail/koop/amsterdam/appartement-weteringschans-43-a/44493032/,1300000,1017 RW Amsterdam,145,70,6,3,1,1884
https://www.funda.nl//en/detail/koop/amsterdam/appartement-papaverweg-77/44418834/,525000,1032 KE Amsterdam,67,90,3,2,1,2017
https://www.funda.nl//en/detail/koop/amsterdam/appartement-de-wittenkade-65-2/44400096/,455000,1052 AE Amsterdam,46,210,2,1,1,1906
https://www.funda.nl//en/detail/koop/amsterdam/appartement-wittgensteinlaan-335/44407912/,675000,1062 KJ Amsterdam,87,90,4,3,1,1991
https://www.funda.nl//en/detail/koop/amsterdam/appartement-eerste-keucheniusstraat-16-1/44495863/,350000,1051 HR Amsterdam,40,275,2,1,1,1912
https://www.funda.nl//en/detail/koop/amsterdam/appartement-vondelstraat-70-h/44483497/,1495000,1054 GG Amsterdam,132,90,3,2,1,1878
https://www.funda.nl//en/detail/koop/amsterdam/appartement-jasper-leijnsenstraat-14-3/44417240/,475000,1056 XX Amsterdam,59,210,5,4,1,1934
https://www.funda.nl//en/detail/koop/amsterdam/appartement-leenhofstraat-9-1/80843166/,375000,1067 KW Amsterdam,64,90,4,3,1,1956
https://www.funda.nl//en/detail/koop/amsterdam/appartement-leuvenstraat-78/44487968/,550000,1066 HC Amsterdam,97,160,4,3,1,1993
https://www.funda.nl//en/detail/koop/amsterdam/appartement-hoendiepstraat-19-h/44482650/,499000,1079 LR Amsterdam,58,210,2,1,1,1934
https://www.funda.nl//en/detail/koop/amsterdam/appartement-esmoreitstraat-35-3/44472455/,575000,1055 CB Amsterdam,65,160,4,3,1,1950
https://www.funda.nl//en/detail/koop/amsterdam/appartement-stadionweg-142/44470584/,1300000,1077 SX Amsterdam,171,210,7,4,1,1939
https://www.funda.nl//en/detail/koop/amsterdam/appartement-geuzenkade-103-c/43349937/,1500000,1056 LV Amsterdam,163,90,4,3,1,2004
https://www.funda.nl//en/detail/koop/amsterdam/appartement-zwanebloemlaan-106/44403541/,675000,1087 EP Amsterdam,104,90,5,3,1,2004
https://www.funda.nl//en/detail/koop/amsterdam/appartement-zocherstraat-23-x/43303063/,1200000,1054 LR Amsterdam,81,90,3,2,1,1919
https://www.funda.nl//en/detail/koop/amsterdam/appartement-admiraal-de-ruijterweg-254-e/44498723/,1350000,1055 MP Amsterdam,157,90,6,5,1,1922
https://www.funda.nl//en/detail/koop/amsterdam/appartement-albert-cuypstraat-201-1/44488843/,497500,1073 BE Amsterdam,56,120,3,2,1,1892
https://www.funda.nl//en/detail/koop/amsterdam/appartement-falckstraat-49-b/44473010/,1295000,1017 VV Amsterdam,136,160,4,3,1,1906
https://www.funda.nl//en/detail/koop/amsterdam/appartement-hoofddorpplein-15-3/44415450/,849500,1059 CV Amsterdam,116,160,6,4,1,1928
https://www.funda.nl//en/detail/koop/amsterdam/appartement-griseldestraat-28-4/80884349/,550000,1055 AX Amsterdam,61,90,3,2,1,1940
https://www.funda.nl//en/detail/koop/amsterdam/appartement-commelinstraat-47-2/44493456/,525000,1093 TK Amsterdam,62,90,3,2,1,1882
https://www.funda.nl//en/detail/koop/amsterdam/appartement-kleiburg-203/80847363/,650000,1104 EA Amsterdam,160,160,4,2,2,1972
https://www.funda.nl//en/detail/koop/amsterdam/appartement-gerard-doustraat-194-3/44414677/,475000,1073 XA Amsterdam,53,160,2,1,1,1893
https://www.funda.nl//en/detail/koop/amsterdam/appartement-weteringstraat-17/80881110/,435000,1017 SL Amsterdam,47,120,2,1,1,1960
https://www.funda.nl//en/detail/koop/amsterdam/appartement-zeeburgerkade-48/44414523/,650000,1019 HG Amsterdam,106,210,3,2,1,1905
https://www.funda.nl//en/detail/koop/amsterdam/appartement-jacques-veltmanstraat-165/89797732/,535000,1065 DB Amsterdam,86,90,3,2,1,2003
https://www.funda.nl//en/detail/koop/amsterdam/appartement-titiaanstraat-35-h/44415511/,1595000,1077 RG Amsterdam,151,120,8,4,1,1928
https://www.funda.nl//en/detail/koop/amsterdam/appartement-van-eeghenstraat-55-a/44476413/,1845000,1071 EW Amsterdam,188,210,7,4,1,1894
https://www.funda.nl//en/detail/koop/amsterdam/appartement-radarweg-424/43290856/,880000,1043 NV Amsterdam,130,50,3,2,1,2022
https://www.funda.nl//en/detail/koop/amsterdam/appartement-van-reigersbergenstraat-39-2/80835554/,375000,1052 SP Amsterdam,46,210,2,1,1,1900
https://www.funda.nl//en/detail/koop/amsterdam/appartement-daguerrestraat-7/44413790/,525000,1087 BR Amsterdam,85,90,3,2,1,2006
https://www.funda.nl//en/detail/koop/amsterdam/appartement-von-guerickestraat-68-h/44478544/,540000,1097 RB Amsterdam,66,275,2,1,1,1925
https://www.funda.nl//en/detail/koop/amsterdam/appartement-eerste-helmersstraat-83-1/44403635/,585000,1054 DD Amsterdam,61,275,3,1,1,1898
https://www.funda.nl//en/detail/koop/amsterdam/appartement-van-eeghenstraat-206/44473587/,6150000,1071 GM Amsterdam,284,120,8,5,1,1906
https://www.funda.nl//en/detail/koop/amsterdam/appartement-gibraltarstraat-83-2/44425536/,395000,1055 NL Amsterdam,49,120,2,1,1,1937
