url,price,address,area,energy,rooms,bedrooms,bathrooms,year
https://www.funda.nl/en/detail/koop/amsterdam/appartement-van-spilbergenstraat-14-1/44452060/,450000,1057 RG Amsterdam,52,120,4,2,1,1924
https://www.funda.nl/en/detail/koop/amsterdam/appartement-appartement-bouwnummer-246-bouwnr-246/43241250/,557722,1019 AK Amsterdam,63,70,3,2,1,2028
https://www.funda.nl/en/detail/koop/amsterdam/appartement-groen-van-prinstererstraat-1-c/43354754/,700000,1051 ED Amsterdam,78,90,4,3,1,1904
https://www.funda.nl/en/detail/koop/amsterdam/appartement-jodenbreestraat-116/44402894/,575000,1011 NS Amsterdam,76,160,3,2,1,1967
https://www.funda.nl/en/detail/koop/amsterdam/appartement-nieuwe-prinsengracht-66-f/44411499/,725000,1018 VT Amsterdam,73,90,3,2,1,1891
https://www.funda.nl/en/detail/koop/amsterdam/appartement-catharina-van-rennesstraat-1-3/80865022/,825000,1077 KW Amsterdam,109,120,4,3,1,1956
https://www.funda.nl/en/detail/koop/amsterdam/appartement-sarphatistraat-45-c/44420367/,2270000,1018 EW Amsterdam,160,90,5,4,1,1803
https://www.funda.nl/en/detail/koop/amsterdam/appartement-zeeburgerkade-588/80879881/,625000,1019 HR Amsterdam,77,210,3,2,1,1990
https://www.funda.nl/en/detail/koop/amsterdam/appartement-appartement-bouwnr-478/43040952/,720000,1025 WL Amsterdam,118,50,4,3,1,2020
https://www.funda.nl/en/detail/koop/amsterdam/appartement-pieter-van-der-doesstraat-42-1/44451678/,430000,1056 VH Amsterdam,57,160,3,2,1,1932
https://www.funda.nl/en/detail/koop/amsterdam/appartement-luzacstraat-5-h/44460365/,1075000,1051 JB Amsterdam,110,120,5,4,1,1927
https://www.funda.nl/en/detail/koop/amsterdam/appartement-city-lofts-bouwnr-17/44467389/,439417,1095 PG Amsterdam,51,30,2,1,1,2027
https://www.funda.nl/en/detail/koop/amsterdam/appartement-veerstraat-16-1/43308493/,600000,1075 ST Amsterdam,63,275,4,2,1,1912
https://www.funda.nl/en/detail/koop/amsterdam/appartement-oudeschans-17-2/80831296/,550000,1011 KR Amsterdam,74,275,2,1,1,1824
https://www.funda.nl/en/detail/koop/amsterdam/appartement-kleiburg-607/44481440/,335000,1104 EA Amsterdam,69,90,4,3,1,2016
https://www.funda.nl/en/detail/koop/amsterdam/appartement-ladogameerhof-189/43342659/,450000,1060 RE Amsterdam,72,90,3,2,1,1999
https://www.funda.nl/en/detail/koop/amsterdam/appartement-lutonhof-465/44419943/,395000,1043 EG Amsterdam,46,70,2,1,1,2020
https://www.funda.nl/en/detail/koop/amsterdam/appartement-griftstraat-6-1/80857409/,450000,1079 ZA Amsterdam,54,160,2,1,1,1936
https://www.funda.nl/en/detail/koop/amsterdam/appartement-liftado-urban-80-95-bouwnr-525/43206231/,564000,1064 AB Amsterdam,80,50,3,2,1,2028
https://www.funda.nl/en/detail/koop/amsterdam/appartement-emmastraat-32-k/43130695/,3350000,1075 HV Amsterdam,300,275,4,6,1,1921
https://www.funda.nl/en/detail/koop/amsterdam/appartement-jozef-israelskade-89-2/43328927/,850000,1073 RB Amsterdam,113,160,6,4,1,1923
https://www.funda.nl/en/detail/koop/amsterdam/appartement-bos-en-lommerplantsoen-21-h/89794364/,265000,1055 AA Amsterdam,31,90,1,1,1,1960
https://www.funda.nl/en/detail/koop/amsterdam/appartement-rustenburgerstraat-289-d/44486615/,525000,1073 GE Amsterdam,55,210,3,2,1,1896
https://www.funda.nl/en/detail/koop/amsterdam/appartement-reizigersweg-49/44493074/,390000,1033 WD Amsterdam,85,120,3,2,1,1989
https://www.funda.nl/en/detail/koop/amsterdam/appartement-holendrechtstraat-5-h/44483270/,1100000,1078 TM Amsterdam,100,90,3,2,1,1922
https://www.funda.nl/en/detail/koop/amsterdam/appartement-3-kamersappartement-bouwnr-d0304/43344881/,510840,1068 MT Amsterdam,71,30,3,2,1,2026
https://www.funda.nl/en/detail/koop/amsterdam/appartement-lauriergracht-118-c/44482926/,475000,1016 RR Amsterdam,48,160,2,1,1,1650
https://www.funda.nl/en/detail/koop/amsterdam/appartement-bilderdijkkade-139/80884251/,525000,1053 VM Amsterdam,60,120,2,1,1,1982
https://www.funda.nl/en/detail/koop/amsterdam/appartement-heer-halewijnstraat-20-h/44489269/,375000,1055 ST Amsterdam,42,210,2,1,1,1939
https://www.funda.nl/en/detail/koop/amsterdam/appartement-m-gandhilaan-59/89731605/,415000,1069 NC Amsterdam,78,210,4,3,1,1988
https://www.funda.nl/en/detail/koop/amsterdam/appartement-orteliusstraat-170-1/43045163/,435000,1057 BK Amsterdam,52,210,3,2,1,1926
https://www.funda.nl/en/detail/koop/amsterdam/appartement-tweede-weteringdwarsstraat-69-a1/43345712/,475000,1017 SV Amsterdam,42,160,2,1,1,1887
https://www.funda.nl/en/detail/koop/amsterdam/appartement-appartement-bouwnummer-135-bouwnr-135/43143961/,643915,1019 AK Amsterdam,73,70,3,2,1,2028
https://www.funda.nl/en/detail/koop/amsterdam/appartement-appartement-bouwnummer-71-bouwnr-71/43143813/,675382,1019 AK Amsterdam,82,70,3,2,1,2028
https://www.funda.nl/en/detail/koop/amsterdam/appartement-oudezijds-voorburgwal-316-d/80826723/,675000,1012 GM Amsterdam,86,210,3,2,1,1906
https://www.funda.nl/en/detail/koop/amsterdam/appartement-hoofdweg-289-h/44477848/,575000,1057 CZ Amsterdam,71,120,3,2,1,1925
https://www.funda.nl/en/detail/koop/amsterdam/appartement-eerste-keucheniusstraat-16-1/44495863/,350000,1051 HR Amsterdam,40,275,2,1,1,1912
https://www.funda.nl/en/detail/koop/amsterdam/appartement-type-g-3-kamerappartement-bouwnr-a305/44452679/,429900,1069 EJ Amsterdam,61,50,3,2,1,2027
https://www.funda.nl/en/detail/koop/amsterdam/appartement-van-houweningenstraat-64-1/44406431/,490000,1052 TR Amsterdam,60,210,3,1,1,1890
https://www.funda.nl/en/detail/koop/amsterdam/appartement-plantage-kerklaan-183/43349082/,775000,1018 CX Amsterdam,84,160,3,2,1,1990
https://www.funda.nl/en/detail/koop/amsterdam/appartement-pura-parkvilla-10-bouwnr-9/43918087/,770000,1025 WK Amsterdam,127,50,4,3,1,2027
https://www.funda.nl/en/detail/koop/amsterdam/appartement-appartement-bouwnr-523/43040082/,420000,1025 WL Amsterdam,70,50,3,2,1,2020
https://www.funda.nl/en/detail/koop/amsterdam/appartement-terras-loft-bouwnr-17/43051866/,538750,1061 AV Amsterdam,67,30,2,1,1,2027
https://www.funda.nl/en/detail/koop/amsterdam/appartement-haarlemmerdijk-139-a/44469141/,895000,1013 KG Amsterdam,90,90,4,2,1,1996
https://www.funda.nl/en/detail/koop/amsterdam/appartement-veemkade-1124/44412721/,785000,1019 BZ Amsterdam,108,90,4,3,1,1995
https://www.funda.nl/en/detail/koop/amsterdam/appartement-johannes-meewisstraat-40-h/44487803/,475000,1063 CH Amsterdam,100,160,5,4,1,1955
https://www.funda.nl/en/detail/koop/amsterdam/appartement-ijsselmeerstraat-90-a/43370934/,525000,1024 ML Amsterdam,106,70,3,2,1,2023
https://www.funda.nl/en/detail/koop/amsterdam/appartement-herengracht-193-d/44429015/,1950000,1016 BE Amsterdam,178,160,5,4,1,1906
https://www.funda.nl/en/detail/koop/amsterdam/appartement-voorthuizenstraat-113/80824261/,325000,1106 DJ Amsterdam,72,120,3,2,1,1983
https://www.funda.nl/en/detail/koop/amsterdam/appartement-bulgerstein-8/44426429/,575000,1082 NK Amsterdam,86,90,3,2,1,1986
https://www.funda.nl/en/detail/koop/amsterdam/appartement-leen-jongewaardkade-95/44484152/,675000,1031 HS Amsterdam,75,50,4,2,1,2022
https://www.funda.nl/en/detail/koop/amsterdam/appartement-olof-palmeplein-58/44483057/,350000,1025 WT Amsterdam,48,120,2,1,1,1987
https://www.funda.nl/en/detail/koop/amsterdam/appartement-joos-de-moorstraat-1-2/44419561/,600000,1056 TT Amsterdam,84,160,5,3,1,1935
https://www.funda.nl/en/detail/koop/amsterdam/appartement-admiraal-de-ruijterweg-467-2/44403353/,495000,1055 MG Amsterdam,65,160,3,2,1,1918
https://www.funda.nl/en/detail/koop/amsterdam/appartement-anne-frankstraat-43/80842864/,975000,1018 DM Amsterdam,102,90,3,2,1,2002
https://www.funda.nl/en/detail/koop/amsterdam/appartement-wigbolt-ripperdastraat-72/44413177/,625000,1067 EH Amsterdam,116,90,3,2,1,2005
https://www.funda.nl/en/detail/koop/amsterdam/appartement-lindenstraat-4-a/44413513/,995000,1015 KX Amsterdam,121,120,5,3,2,1906
https://www.funda.nl/en/detail/koop/amsterdam/appartement-sarphatistraat-474-1/44492242/,525000,1018 GW Amsterdam,62,160,2,1,1,1888
https://www.funda.nl/en/detail/koop/amsterdam/appartement-lauriergracht-118-d/80878180/,595000,1016 RR Amsterdam,64,160,2,1,1,1903
https://www.funda.nl/en/detail/koop/amsterdam/appartement-type-b-2-kamerappartement-bouwnr-c207/44452729/,342900,1069 EJ Amsterdam,43,50,2,1,1,2027
https://www.funda.nl/en/detail/koop/amsterdam/appartement-zuideinde-366-6/89619345/,865000,1035 PP Amsterdam,143,30,4,2,1,2020
https://www.funda.nl/en/detail/koop/amsterdam/appartement-houtmankade-72-1/44450217/,595000,1013 MZ Amsterdam,76,120,3,2,1,1911
https://www.funda.nl/en/detail/koop/amsterdam/appartement-kinkerstraat-144-2/89779221/,435000,1053 EG Amsterdam,52,210,2,1,1,1904
https://www.funda.nl/en/detail/koop/amsterdam/appartement-cilliersstraat-3/44427860/,775000,1092 VM Amsterdam,102,90,4,3,1,1994
https://www.funda.nl/en/detail/koop/amsterdam/appartement-prinsengracht-151-f/43339056/,900000,1015 DR Amsterdam,108,350,2,1,1,1760
https://www.funda.nl/en/detail/koop/amsterdam/appartement-pieter-cornelisz-hooftstraat-210/43323275/,2280000,1071 CH Amsterdam,150,90,3,2,1,1991
https://www.funda.nl/en/detail/koop/amsterdam/appartement-van-leijenberghlaan-2-t/44451286/,800000,1082 GM Amsterdam,117,70,3,2,1,2004
https://www.funda.nl/en/detail/koop/amsterdam/appartement-jacob-burggraafstraat-114/43327214/,669500,1018 WA Amsterdam,112,70,2,1,1,2004
https://www.funda.nl/en/detail/koop/amsterdam/appartement-type-b-2-kamerappartement-bouwnr-c404/44452727/,345900,1069 EJ Amsterdam,43,50,2,1,1,2027
https://www.funda.nl/en/detail/koop/amsterdam/appartement-westlandgracht-227-h/44429778/,550000,1059 TP Amsterdam,64,210,2,1,1,1935
https://www.funda.nl/en/detail/koop/amsterdam/appartement-3-kamersappartement-bouwnr-e0206/43344893/,510840,1068 MT Amsterdam,71,30,3,2,1,2026
https://www.funda.nl/en/detail/koop/amsterdam/appartement-carolina-macgillavrylaan-406/43349801/,645000,1098 XB Amsterdam,90,160,3,2,1,2009
https://www.funda.nl/en/detail/koop/amsterdam/appartement-van-oldenbarneveldtstraat-78-1/44419734/,549000,1052 KG Amsterdam,66,160,2,1,1,1890
https://www.funda.nl/en/detail/koop/amsterdam/appartement-marco-polostraat-72-2/44497273/,675000,1057 WS Amsterdam,102,450,5,3,1,1929
https://www.funda.nl/en/detail/koop/amsterdam/appartement-hoofdweg-815/89706410/,699000,1055 SC Amsterdam,93,70,4,2,1,2009
https://www.funda.nl/en/detail/koop/amsterdam/appartement-eendrachtstraat-7-1/44475480/,1150000,1078 XV Amsterdam,143,160,6,4,1,1928
https://www.funda.nl/en/detail/koop/amsterdam/appartement-maisonnette-bouwnr-460/43040002/,500000,1025 WL Amsterdam,92,50,4,2,1,2020
https://www.funda.nl/en/detail/koop/amsterdam/appartement-balboastraat-38-1/80856516/,425000,1057 VX Amsterdam,50,120,4,3,1,1924
https://www.funda.nl/en/detail/koop/amsterdam/appartement-type-c4-bouwnr-10/43229783/,1185000,1081 LA Amsterdam,97,30,3,2,1,2020
https://www.funda.nl/en/detail/koop/amsterdam/appartement-lou-jansenplein-20-h/44400921/,350000,1063 GX Amsterdam,69,210,4,3,1,1958
https://www.funda.nl/en/detail/koop/amsterdam/appartement-groenhoven-328/44469763/,275000,1103 LJ Amsterdam,53,160,2,1,1,1975
https://www.funda.nl/en/detail/koop/amsterdam/appartement-liftado-waterfront-95-100-bouwnr-539/43294180/,735000,1064 AB Amsterdam,99,50,6,4,1,2028
https://www.funda.nl/en/detail/koop/amsterdam/appartement-zuiderzeepark-18/44415260/,385000,1024 MG Amsterdam,70,90,3,1,1,1995
https://www.funda.nl/en/detail/koop/amsterdam/appartement-stadhouderskade-50-1/44410733/,1180000,1072 AA Amsterdam,94,70,4,3,1,1880
https://www.funda.nl/en/detail/koop/amsterdam/appartement-driekamerappartement-bouwnr-43/43360569/,494000,1087 LA Amsterdam,76,30,3,2,1,2027
https://www.funda.nl/en/detail/koop/amsterdam/appartement-leerdamhof-393/89799356/,495000,1108 CH Amsterdam,132,90,7,5,1,1980
https://www.funda.nl/en/detail/koop/amsterdam/appartement-spaarndammerdijk-298/44409404/,675000,1013 ZX Amsterdam,93,120,3,2,1,1919
https://www.funda.nl/en/detail/koop/amsterdam/appartement-van-eeghenstraat-55-a/44476413/,1845000,1071 EW Amsterdam,188,210,7,4,1,1894
https://www.funda.nl/en/detail/koop/amsterdam/appartement-kerkstraat-410-h/80847083/,925000,1017 JC Amsterdam,94,210,3,2,1,1749
https://www.funda.nl/en/detail/koop/amsterdam/appartement-hiraistraat-5-b178/44401066/,1395000,1101 DA Amsterdam,176,50,4,3,2,2020
https://www.funda.nl/en/detail/koop/amsterdam/appartement-van-helt-stocadestraat-10-h/43392282/,545000,1073 JC Amsterdam,56,160,3,2,1,1924
https://www.funda.nl/en/detail/koop/amsterdam/appartement-develstein-56-g/43384202/,435370,1102 AK Amsterdam,60,50,3,1,1,2020
https://www.funda.nl/en/detail/koop/amsterdam/appartement-appartement-bouwnummer-250-bouwnr-250/43241363/,686658,1019 AK Amsterdam,83,70,3,2,1,2028
https://www.funda.nl/en/detail/koop/amsterdam/appartement-2-kamer-appartement-bouwnr-376/43276231/,365370,1102 AK Amsterdam,48,50,2,1,1,2020
https://www.funda.nl/en/detail/koop/amsterdam/appartement-vrijzicht-147/80838266/,475000,1068 CJ Amsterdam,96,160,3,2,1,1966
https://www.funda.nl/en/detail/koop/amsterdam/appartement-ijburglaan-665/80817405/,375000,1087 BS Amsterdam,48,90,2,1,1,2006
https://www.funda.nl/en/detail/koop/amsterdam/appartement-type-b-2-kamerappartement-bouwnr-c208/44452733/,342900,1069 EJ Amsterdam,43,50,2,1,1,2027
https://www.funda.nl/en/detail/koop/amsterdam/appartement-roelof-hartstraat-21-2/43713372/,599000,1071 VG Amsterdam,67,160,3,2,1,1918
https://www.funda.nl/en/detail/koop/amsterdam/appartement-terrasappartementen-fase-2-bouwnr-0314-l1/43326377/,490000,1096 BN Amsterdam,54,50,2,1,1,2026
https://www.funda.nl/en/detail/koop/amsterdam/appartement-overtoom-339-1/44405003/,700000,1054 JM Amsterdam,70,90,3,2,1,1913
https://www.funda.nl/en/detail/koop/amsterdam/appartement-groenburgwal-55-d/44484536/,825000,1011 HS Amsterdam,83,160,4,2,1,1748
https://www.funda.nl/en/detail/koop/amsterdam/appartement-de-clercqstraat-66-1/44409038/,615000,1052 NJ Amsterdam,66,90,3,2,1,1918
https://www.funda.nl/en/detail/koop/amsterdam/appartement-hiraistraat-5-b15/43130198/,590000,1101 DA Amsterdam,72,50,3,2,1,2025
https://www.funda.nl/en/detail/koop/amsterdam/appartement-oude-waal-11-1/44472722/,375000,1011 BZ Amsterdam,38,160,2,1,1,1933
https://www.funda.nl/en/detail/koop/amsterdam/appartement-ennemaborg-129/44419233/,359000,1082 SP Amsterdam,36,160,2,1,1,1965
https://www.funda.nl/en/detail/koop/amsterdam/appartement-borssenburgstraat-24-1/44453021/,515000,1078 VD Amsterdam,56,160,4,4,1,1922
https://www.funda.nl/en/detail/koop/amsterdam/appartement-veeteeltstraat-12-b/89783315/,570000,1097 WV Amsterdam,78,160,7,4,1,1925
https://www.funda.nl/en/detail/koop/amsterdam/appartement-olympiakade-19-3/44455294/,500000,1076 XR Amsterdam,52,160,2,1,1,1926
https://www.funda.nl/en/detail/koop/amsterdam/appartement-ruimzicht-123/44479096/,485000,1068 CR Amsterdam,95,210,3,2,1,1967
https://www.funda.nl/en/detail/koop/amsterdam/appartement-nicolaas-maesstraat-86-h/44472448/,2450000,1071 RD Amsterdam,242,160,7,6,1,1903
https://www.funda.nl/en/detail/koop/amsterdam/appartement-pieter-aertszstraat-111-3/89681095/,800000,1074 VP Amsterdam,94,160,3,2,1,1911
https://www.funda.nl/en/detail/koop/amsterdam/appartement-eerste-oosterparkstraat-115-c/80842391/,519000,1091 GX Amsterdam,73,160,3,2,1,1983
https://www.funda.nl/en/detail/koop/amsterdam/appartement-nieuwe-nieuwstraat-4-a/89752375/,790000,1012 NH Amsterdam,141,120,4,3,1,1996
https://www.funda.nl/en/detail/koop/amsterdam/appartement-tweede-jan-steenstraat-64-c/43385281/,600000,1074 CR Amsterdam,60,90,3,2,1,1889
https://www.funda.nl/en/detail/koop/amsterdam/appartement-pontsteiger-164/44421951/,1000000,1014 ZP Amsterdam,99,30,3,2,1,2018
https://www.funda.nl/en/detail/koop/amsterdam/appartement-ter-haarstraat-20-2/80874791/,525000,1053 LJ Amsterdam,60,120,3,2,1,1897
https://www.funda.nl/en/detail/koop/amsterdam/appartement-liftado-waterfront-95-100-bouwnr-557/43294107/,701000,1064 AB Amsterdam,89,50,3,2,1,2028
https://www.funda.nl/en/detail/koop/amsterdam/appartement-aalsmeerweg-27-3/44463307/,525000,1059 AB Amsterdam,58,210,3,2,1,1928
https://www.funda.nl/en/detail/koop/amsterdam/appartement-crown-terrace-residences-bouwnr-21-e/43229774/,2100000,1081 LA Amsterdam,147,30,4,3,2,2020
https://www.funda.nl/en/detail/koop/amsterdam/appartement-osdorpplein-968/44451477/,350000,1068 TD Amsterdam,47,70,2,1,1,2022
https://www.funda.nl/en/detail/koop/amsterdam/appartement-boutenburg-107/89769675/,330000,1068 ZB Amsterdam,64,120,3,2,1,1961
https://www.funda.nl/en/detail/koop/amsterdam/appartement-3-kamerappartement-bouwnr-d0206/44478978/,498000,1068 MT Amsterdam,71,30,3,2,1,2020
https://www.funda.nl/en/detail/koop/amsterdam/appartement-crack-state-33/44489643/,535000,1082 TW Amsterdam,78,160,4,3,1,1964
https://www.funda.nl/en/detail/koop/amsterdam/appartement-liftado-urban-villa-bouwnr-516/43294167/,1028000,1064 AB Amsterdam,151,50,5,4,1,2028
https://www.funda.nl/en/detail/koop/amsterdam/appartement-valeriusterras-5-d/44461812/,2265000,1075 BK Amsterdam,146,90,4,3,1,1925
https://www.funda.nl/en/detail/koop/amsterdam/appartement-overtoom-136-2/80877228/,650000,1054 HN Amsterdam,69,90,3,2,1,1888
https://www.funda.nl/en/detail/koop/amsterdam/appartement-da-costakade-51-4/43324753/,650000,1053 WG Amsterdam,73,160,3,2,1,1902
https://www.funda.nl/en/detail/koop/amsterdam/appartement-hogevecht-14/44419879/,389000,1102 HA Amsterdam,91,120,4,3,1,1970
https://www.funda.nl/en/detail/koop/amsterdam/appartement-koninginneweg-117-2/44466121/,1800000,1075 CK Amsterdam,163,120,5,4,1,1906
https://www.funda.nl/en/detail/koop/amsterdam/appartement-bilderdijkkade-50-a8/44450900/,1650000,1053 VN Amsterdam,152,70,3,2,1,2015
https://www.funda.nl/en/detail/koop/amsterdam/appartement-fagelstraat-57-2/44456312/,350000,1052 EZ Amsterdam,35,350,2,1,1,1897
https://www.funda.nl/en/detail/koop/amsterdam/appartement-kerkstraat-266-3/44408381/,1250000,1017 HA Amsterdam,109,90,4,3,1,1933
https://www.funda.nl/en/detail/koop/amsterdam/appartement-badhuiskade-217/44482660/,875000,1031 KV Amsterdam,111,30,3,2,1,2021
https://www.funda.nl/en/detail/koop/amsterdam/appartement-liendenhof-288/43308581/,450000,1108 HT Amsterdam,117,210,7,5,1,1980
https://www.funda.nl/en/detail/koop/amsterdam/appartement-makassarstraat-128-b/44493424/,595000,1095 TE Amsterdam,81,90,3,2,1,2013
https://www.funda.nl/en/detail/koop/amsterdam/appartement-pontanusstraat-7-a/44460129/,575000,1093 RW Amsterdam,81,90,3,2,1,1997
https://www.funda.nl/en/detail/koop/amsterdam/appartement-heringa-state-38/44484533/,525000,1082 TS Amsterdam,79,90,3,2,1,1964
https://www.funda.nl/en/detail/koop/amsterdam/appartement-biesboschstraat-39-2/44481833/,710000,1078 ML Amsterdam,76,120,4,3,1,1930
https://www.funda.nl/en/detail/koop/amsterdam/appartement-frederiksstraat-4-1/43381066/,460000,1054 LC Amsterdam,42,210,2,1,1,1906
https://www.funda.nl/en/detail/koop/amsterdam/appartement-type-c3-bouwnr-6/43229772/,1175000,1081 LA Amsterdam,97,30,3,2,1,2020
https://www.funda.nl/en/detail/koop/amsterdam/appartement-middenweg-79-3/44457140/,615000,1098 AE Amsterdam,68,210,3,2,1,1906
https://www.funda.nl/en/detail/koop/amsterdam/appartement-wijttenbachstraat-48-d/44416521/,365000,1093 JD Amsterdam,34,160,2,1,1,1885
https://www.funda.nl/en/detail/koop/amsterdam/appartement-vespuccistraat-99-2/89562938/,475000,1056 SK Amsterdam,59,210,3,2,1,1926
https://www.funda.nl/en/detail/koop/amsterdam/appartement-hiraistraat-5-b12/43248125/,565000,1101 DA Amsterdam,81,50,3,2,1,2020
https://www.funda.nl/en/detail/koop/amsterdam/appartement-lutonhof-413/44498666/,550000,1043 EG Amsterdam,78,50,3,2,1,2024
https://www.funda.nl/en/detail/koop/amsterdam/appartement-liftado-urban-80-95-bouwnr-550/43206232/,589000,1064 AB Amsterdam,79,50,3,2,1,2028
https://www.funda.nl/en/detail/koop/amsterdam/appartement-grasweg-386/44492146/,860000,1031 HX Amsterdam,79,30,3,2,1,2020
https://www.funda.nl/en/detail/koop/amsterdam/appartement-haardstee-129/80867162/,299000,1102 NH Amsterdam,69,160,2,1,1,1982
https://www.funda.nl/en/detail/koop/amsterdam/appartement-hogevecht-241/80863884/,315000,1102 HM Amsterdam,65,90,2,1,1,1970
https://www.funda.nl/en/detail/koop/amsterdam/appartement-tilanusstraat-57-h/43380868/,480000,1091 BE Amsterdam,76,275,3,2,1,1906
https://www.funda.nl/en/detail/koop/amsterdam/appartement-krugerstraat-21-a/44488657/,695000,1091 LC Amsterdam,73,160,3,2,1,1930
https://www.funda.nl/en/detail/koop/amsterdam/appartement-bruins-slotstraat-20/44450751/,365000,1067 VB Amsterdam,70,120,3,2,1,1991
https://www.funda.nl/en/detail/koop/amsterdam/appartement-aurikelstraat-39/44454902/,465000,1032 AR Amsterdam,72,210,3,2,1,1925
https://www.funda.nl/en/detail/koop/amsterdam/appartement-eerste-laurierdwarsstraat-15-1/44409286/,350000,1016 PV Amsterdam,35,120,2,1,1,1878
https://www.funda.nl/en/detail/koop/amsterdam/appartement-johannes-verhulststraat-169-2/44472218/,2100000,1075 GX Amsterdam,207,450,7,5,1,1906
https://www.funda.nl/en/detail/koop/amsterdam/appartement-veerstraat-78-1/44483690/,475000,1075 SZ Amsterdam,47,90,2,1,1,1913
https://www.funda.nl/en/detail/koop/amsterdam/appartement-gillis-van-ledenberchstraat-34-c/44404816/,1450000,1052 VH Amsterdam,155,120,3,2,1,2010
https://www.funda.nl/en/detail/koop/amsterdam/appartement-eerste-atjehstraat-111-2/89709711/,485000,1094 KG Amsterdam,56,160,4,2,1,1905
https://www.funda.nl/en/detail/koop/amsterdam/appartement-appartement-bouwnummer-211-bouwnr-211/43241118/,628917,1019 AK Amsterdam,73,70,3,2,1,2028
https://www.funda.nl/en/detail/koop/amsterdam/appartement-polanenstraat-62-e/43348894/,1075000,1013 WB Amsterdam,136,90,5,4,1,1921
https://www.funda.nl/en/detail/koop/amsterdam/appartement-jan-evertsenstraat-681/43396794/,575000,1061 XZ Amsterdam,93,70,3,2,1,2008
https://www.funda.nl/en/detail/koop/amsterdam/appartement-burgemeester-roellstraat-30-3/43321870/,300000,1064 BP Amsterdam,60,275,3,2,1,1962
https://www.funda.nl/en/detail/koop/amsterdam/appartement-alkmaarstraat-147/44496477/,400000,1024 TM Amsterdam,77,160,4,3,1,1966
https://www.funda.nl/en/detail/koop/amsterdam/appartement-parkvilla-8-3-en-4-kamer-appartement-nori-bouwnr-23/44405572/,680000,1022 LA Amsterdam,107,50,4,3,1,2020
https://www.funda.nl/en/detail/koop/amsterdam/appartement-2-kamerappartement-bouwnr-e0402/44478961/,412840,1068 MT Amsterdam,48,30,2,1,1,2026
https://www.funda.nl/en/detail/koop/amsterdam/appartement-berthold-brechtstraat-807/44451944/,359000,1102 RV Amsterdam,60,210,2,1,1,1986
https://www.funda.nl/en/detail/koop/amsterdam/appartement-eerste-jacob-van-campenstraat-36-4/43365984/,795000,1072 BG Amsterdam,75,160,4,3,1,1906
https://www.funda.nl/en/detail/koop/amsterdam/appartement-terrasappartement-bouwnr-58/43053806/,852500,1061 AV Amsterdam,100,30,4,3,1,2027
https://www.funda.nl/en/detail/koop/amsterdam/appartement-baden-powellweg-42-f/43326060/,525000,1069 LK Amsterdam,102,90,4,2,1,2007
https://www.funda.nl/en/detail/koop/amsterdam/appartement-terrasappartement-bouwnr-47/43053814/,945000,1061 AV Amsterdam,111,30,4,3,1,2027
https://www.funda.nl/en/detail/koop/amsterdam/appartement-dickenslaan-131/80821223/,395000,1102 XR Amsterdam,87,90,4,3,1,1983
https://www.funda.nl/en/detail/koop/amsterdam/appartement-emmastraat-12-h/44403162/,2250000,1075 HT Amsterdam,206,350,7,5,1,1906
https://www.funda.nl/en/detail/koop/amsterdam/appartement-nieuwpoortstraat-86-d5/44429840/,650000,1055 RZ Amsterdam,81,90,3,2,1,1991
https://www.funda.nl/en/detail/koop/amsterdam/appartement-badhuiskade-91/43159523/,885000,1031 KV Amsterdam,104,10,3,2,1,2021
https://www.funda.nl/en/detail/koop/amsterdam/appartement-bilderdijkkade-56-b/44417262/,865000,1053 VN Amsterdam,84,90,3,2,1,2015
https://www.funda.nl/en/detail/koop/amsterdam/appartement-cortado-waterfront-95-100-bouwnr-495/43294119/,716000,1064 AB Amsterdam,96,50,4,3,1,2028
https://www.funda.nl/en/detail/koop/amsterdam/appartement-lampongstraat-14-1/44410635/,425000,1094 AV Amsterdam,48,120,3,2,1,1914
https://www.funda.nl/en/detail/koop/amsterdam/appartement-willemsparkweg-88-h/44464200/,2300000,1071 HL Amsterdam,235,120,6,5,1,1890
https://www.funda.nl/en/detail/koop/amsterdam/appartement-westlandgracht-105-1/89794747/,595000,1058 TS Amsterdam,65,160,4,3,1,1933
https://www.funda.nl/en/detail/koop/amsterdam/appartement-haardstee-44/89749832/,299500,1102 NC Amsterdam,87,160,4,2,1,1982
https://www.funda.nl/en/detail/koop/amsterdam/appartement-oeverpad-280/44485940/,445000,1068 PJ Amsterdam,97,120,3,2,1,1998
https://www.funda.nl/en/detail/koop/amsterdam/appartement-dusartstraat-49-4/44453171/,475000,1072 HN Amsterdam,48,210,2,1,1,1905
https://www.funda.nl/en/detail/koop/amsterdam/appartement-westlandgracht-169-3/44462113/,910000,1059 TJ Amsterdam,109,120,5,3,1,1933
https://www.funda.nl/en/detail/koop/amsterdam/appartement-van-leijenberghlaan-425-4/43224788/,600000,1082 GL Amsterdam,105,275,4,2,1,1966
https://www.funda.nl/en/detail/koop/amsterdam/appartement-raphaelstraat-24-2/43138036/,1350000,1077 PV Amsterdam,157,275,0,4,1,1930
https://www.funda.nl/en/detail/koop/amsterdam/appartement-bilderdijkstraat-66-3/43334666/,895000,1053 KV Amsterdam,115,275,6,5,1,1902
https://www.funda.nl/en/detail/koop/amsterdam/appartement-de-wittenkade-20-a/80828517/,500000,1051 AB Amsterdam,59,120,2,1,1,1985
https://www.funda.nl/en/detail/koop/amsterdam/appartement-balboaplein-18/44418600/,740000,1057 VS Amsterdam,105,120,3,2,1,2004
https://www.funda.nl/en/detail/koop/amsterdam/appartement-van-tuyll-van-serooskerkenweg-4-4/44401337/,540000,1076 JK Amsterdam,59,160,2,1,1,1937
https://www.funda.nl/en/detail/koop/amsterdam/appartement-eerste-jan-steenstraat-15-2/89578181/,435000,1072 NA Amsterdam,46,210,2,1,1,1906
https://www.funda.nl/en/detail/koop/amsterdam/appartement-radarweg-448/44480984/,880000,1043 NV Amsterdam,129,50,3,2,1,2023
https://www.funda.nl/en/detail/koop/amsterdam/appartement-jc-van-epenstraat-42/43332496/,480000,1019 GT Amsterdam,70,90,4,3,1,1988
https://www.funda.nl/en/detail/koop/amsterdam/appartement-korte-prinsengracht-44-a/43328320/,995000,1013 GT Amsterdam,116,160,3,2,1,1912
https://www.funda.nl/en/detail/koop/amsterdam/appartement-katrijpstraat-148/44470659/,500000,1024 SP Amsterdam,72,30,3,2,1,2024
https://www.funda.nl/en/detail/koop/amsterdam/appartement-derde-schinkelstraat-3-4/44489010/,595000,1075 TJ Amsterdam,68,210,3,2,1,1965
https://www.funda.nl/en/detail/koop/amsterdam/appartement-keizersgracht-515-k/44413726/,695000,1017 DN Amsterdam,64,90,3,2,1,1909
https://www.funda.nl/en/detail/koop/amsterdam/appartement-blasiusstraat-34-2/44400945/,750000,1091 CS Amsterdam,75,120,3,2,1,1884
https://www.funda.nl/en/detail/koop/amsterdam/appartement-leidsekade-71-3/43330161/,555000,1016 DA Amsterdam,59,350,3,2,1,1914
https://www.funda.nl/en/detail/koop/amsterdam/appartement-type-g-3-kamerappartement-bouwnr-a106/44452673/,414900,1069 EJ Amsterdam,61,50,3,2,1,2027
https://www.funda.nl/en/detail/koop/amsterdam/appartement-appartement-bouwnummer-180-bouwnr-180/43241012/,630287,1019 AK Amsterdam,77,70,3,2,1,2028
https://www.funda.nl/en/detail/koop/amsterdam/appartement-eastonstraat-41/89646542/,370000,1068 JA Amsterdam,76,350,3,2,1,1965
https://www.funda.nl/en/detail/koop/amsterdam/appartement-egelantiersstraat-168-3/43372758/,495000,1015 PS Amsterdam,42,50,1,1,1,1891
https://www.funda.nl/en/detail/koop/amsterdam/appartement-brederodestraat-104-4/44474300/,575000,1054 VG Amsterdam,56,120,3,2,1,1910
https://www.funda.nl/en/detail/koop/amsterdam/appartement-maassluisstraat-406/43345833/,385000,1062 GS Amsterdam,66,450,4,2,1,1965
https://www.funda.nl/en/detail/koop/amsterdam/appartement-2-kamersappartement-bouwnr-e0302/43343207/,405840,1068 MT Amsterdam,48,30,2,1,1,2026
https://www.funda.nl/en/detail/koop/amsterdam/appartement-molukkenstraat-86-a/80861331/,795000,1094 BS Amsterdam,101,160,5,4,1,1989
https://www.funda.nl/en/detail/koop/amsterdam/appartement-olympiaplein-89-3/89501209/,1695000,1077 CS Amsterdam,267,210,8,6,1,1938
https://www.funda.nl/en/detail/koop/amsterdam/appartement-overtoom-484-2/43321520/,700000,1054 JZ Amsterdam,84,160,3,2,1,1904
https://www.funda.nl/en/detail/koop/amsterdam/appartement-nicolaas-anslijnstraat-164/80814643/,375000,1068 WZ Amsterdam,80,120,3,2,1,1962
https://www.funda.nl/en/detail/koop/amsterdam/appartement-belgieplein-8/89791959/,499000,1066 SC Amsterdam,91,90,4,3,1,1994
https://www.funda.nl/en/detail/koop/amsterdam/appartement-haarlemmerplein-11-3/44401180/,775000,1013 HP Amsterdam,88,275,5,2,1,1918
https://www.funda.nl/en/detail/koop/amsterdam/appartement-appartement-bouwnummer-117-bouwnr-117/43143849/,681656,1019 AK Amsterdam,83,70,3,2,1,2028
https://www.funda.nl/en/detail/koop/amsterdam/appartement-jan-van-duivenvoordestraat-37/43365468/,429000,1067 MT Amsterdam,97,120,4,3,1,2002
https://www.funda.nl/en/detail/koop/amsterdam/appartement-hofgeest-129/80855389/,325000,1102 EG Amsterdam,93,90,4,3,1,1969
https://www.funda.nl/en/detail/koop/amsterdam/appartement-elizabeth-anscombestraat-169/43331964/,815000,1062 LE Amsterdam,102,30,3,2,1,2025
https://www.funda.nl/en/detail/koop/amsterdam/appartement-nida-senffstraat-55/44495637/,540000,1095 MX Amsterdam,68,30,3,2,1,2017
https://www.funda.nl/en/detail/koop/amsterdam/appartement-minervaplein-11-5/43199329/,485000,1077 TH Amsterdam,40,160,2,1,1,1952
https://www.funda.nl/en/detail/koop/amsterdam/appartement-muntendamstraat-22/44495213/,550000,1091 DT Amsterdam,75,90,3,2,1,1989
https://www.funda.nl/en/detail/koop/amsterdam/appartement-albatrospad-89/44407390/,495000,1021 TR Amsterdam,84,90,3,2,1,2006
https://www.funda.nl/en/detail/koop/amsterdam/appartement-tesselschadestraat-31-h/43343936/,1450000,1054 ET Amsterdam,115,90,4,2,2,1906
https://www.funda.nl/en/detail/koop/amsterdam/appartement-haarlemmerstraat-10-b/44450439/,795000,1013 ER Amsterdam,91,120,3,2,1,1906
https://www.funda.nl/en/detail/koop/amsterdam/appartement-poeldijkstraat-321/80829031/,1050000,1059 VL Amsterdam,95,90,3,2,1,2017
https://www.funda.nl/en/detail/koop/amsterdam/appartement-albert-cuypstraat-209-2/44495303/,350000,1073 BE Amsterdam,38,160,2,1,1,1893
https://www.funda.nl/en/detail/koop/amsterdam/appartement-goudsbloemstraat-67/80855361/,825000,1015 JK Amsterdam,87,90,3,3,1,1999
https://www.funda.nl/en/detail/koop/amsterdam/appartement-menadostraat-17-b/80832469/,545000,1095 TH Amsterdam,67,160,4,3,1,1982
https://www.funda.nl/en/detail/koop/amsterdam/appartement-3-kamer-appartement-bouwnr-326/43953583/,476426,1102 AK Amsterdam,71,50,3,2,1,2020
https://www.funda.nl/en/detail/koop/amsterdam/appartement-kleiburg-1023/44463213/,400000,1104 EA Amsterdam,68,120,2,1,1,1972
https://www.funda.nl/en/detail/koop/amsterdam/appartement-tip-maruggstraat-1-d/80853485/,375000,1087 VR Amsterdam,44,90,2,1,1,2022
https://www.funda.nl/en/detail/koop/amsterdam/appartement-nieuwe-prinsengracht-102-3/43246925/,1350000,1018 VW Amsterdam,128,70,5,3,1,1884
https://www.funda.nl/en/detail/koop/amsterdam/appartement-van-nijenrodeweg-801/43359955/,345000,1082 JK Amsterdam,34,210,2,1,1,1964
https://www.funda.nl/en/detail/koop/amsterdam/appartement-prins-hendrikkade-78-h/80872827/,475000,1012 AE Amsterdam,52,160,2,1,1,1979
https://www.funda.nl/en/detail/koop/amsterdam/appartement-oudezijds-voorburgwal-171-e/80840538/,399500,1012 EV Amsterdam,43,120,2,1,1,1769
https://www.funda.nl/en/detail/koop/amsterdam/appartement-albert-cuypstraat-204-2/43312262/,400000,1073 BM Amsterdam,45,160,3,2,1,1891
https://www.funda.nl/en/detail/koop/amsterdam/appartement-kattenburgerhof-13/80862191/,675000,1018 KC Amsterdam,83,90,3,2,1,1975
https://www.funda.nl/en/detail/koop/amsterdam/appartement-hemonylaan-23-f/43332801/,2240000,1074 BJ Amsterdam,148,30,3,3,1,1882
https://www.funda.nl/en/detail/koop/amsterdam/appartement-polderweg-490-d/44454649/,750000,1093 KP Amsterdam,90,90,3,2,1,2018
https://www.funda.nl/en/detail/koop/amsterdam/appartement-eerste-hugo-de-grootstraat-5-h/43332703/,575000,1052 KK Amsterdam,70,160,3,1,1,1882
https://www.funda.nl/en/detail/koop/amsterdam/appartement-zeeburgerpad-46-h/43322925/,895000,1019 AB Amsterdam,109,30,3,2,1,2026
https://www.funda.nl/en/detail/koop/amsterdam/appartement-laing-s-nekstraat-18-k/43373950/,829000,1092 GW Amsterdam,99,90,4,3,1,2015
https://www.funda.nl/en/detail/koop/amsterdam/appartement-celebesstraat-57-a/80866870/,450000,1094 ER Amsterdam,56,90,2,1,1,1985
https://www.funda.nl/en/detail/koop/amsterdam/appartement-daniel-defoelaan-283/80855021/,319000,1102 ZH Amsterdam,58,120,2,1,1,1983
https://www.funda.nl/en/detail/koop/amsterdam/appartement-ten-katestraat-32-2/44482414/,485000,1053 CG Amsterdam,53,210,2,1,1,1904
https://www.funda.nl/en/detail/koop/amsterdam/appartement-patroclosstraat-5-h/43335729/,700000,1076 ND Amsterdam,72,120,3,2,1,1935
https://www.funda.nl/en/detail/koop/amsterdam/appartement-aldo-parkvilla-11-bouwnr-50/43918005/,455000,1025 WK Amsterdam,67,30,2,1,1,2027
https://www.funda.nl/en/detail/koop/amsterdam/appartement-zeeburgerpad-45-l/43322753/,395000,1019 AA Amsterdam,44,30,2,1,1,2026
https://www.funda.nl/en/detail/koop/amsterdam/appartement-cortado-urban-villa-bouwnr-481/43294161/,935000,1064 AB Amsterdam,139,50,5,4,1,2028
https://www.funda.nl/en/detail/koop/amsterdam/appartement-3-kamersappartement-bouwnr-e0407/43344800/,530840,1068 MT Amsterdam,69,30,3,2,1,2026
https://www.funda.nl/en/detail/koop/amsterdam/appartement-polderweg-492-c/43327934/,750000,1093 KP Amsterdam,93,90,3,2,1,2018
https://www.funda.nl/en/detail/koop/amsterdam/appartement-sanderijnstraat-54-3/89787695/,925000,1055 BW Amsterdam,110,90,5,4,2,1940
https://www.funda.nl/en/detail/koop/amsterdam/appartement-type-g-3-kamerappartement-bouwnr-a308/44452685/,429900,1069 EJ Amsterdam,61,50,3,2,1,2027
https://www.funda.nl/en/detail/koop/amsterdam/appartement-zeeburgerpad-45-h/43322759/,395000,1019 AA Amsterdam,44,30,2,1,1,2026
https://www.funda.nl/en/detail/koop/amsterdam/appartement-type-b-2-kamerappartement-bouwnr-c304/44452728/,342900,1069 EJ Amsterdam,43,50,2,1,1,2027
https://www.funda.nl/en/detail/koop/amsterdam/appartement-lauriergracht-47-e/43394786/,1280000,1016 RG Amsterdam,128,160,3,2,1,1923
https://www.funda.nl/en/detail/koop/amsterdam/appartement-arent-janszoon-ernststraat-153/43341305/,625000,1083 GS Amsterdam,109,120,4,2,1,1969
https://www.funda.nl/en/detail/koop/amsterdam/appartement-memeleiland-91/43333303/,800000,1014 ZL Amsterdam,102,50,6,3,1,2020
https://www.funda.nl/en/detail/koop/amsterdam/appartement-bundlaan-204/80840399/,845000,1031 KA Amsterdam,113,30,3,2,1,2020
https://www.funda.nl/en/detail/koop/amsterdam/appartement-dalsteindreef-434/44463506/,275000,1102 XA Amsterdam,43,160,2,1,1,1984
https://www.funda.nl/en/detail/koop/amsterdam/appartement-celebesstraat-58-c/44457439/,485000,1094 ER Amsterdam,61,120,3,2,1,1985
https://www.funda.nl/en/detail/koop/amsterdam/appartement-hendrik-de-bruynstraat-10-3/44403385/,350000,1065 ED Amsterdam,74,350,3,2,1,1960
https://www.funda.nl/en/detail/koop/amsterdam/appartement-nieuwe-ridderstraat-57/43381174/,1980000,1011 CN Amsterdam,214,120,6,4,1,1932
https://www.funda.nl/en/detail/koop/amsterdam/appartement-jm-den-uylstraat-88/44450632/,360000,1067 WD Amsterdam,74,90,3,2,1,1991
https://www.funda.nl/en/detail/koop/amsterdam/appartement-ceintuurbaan-254-3/43371683/,750000,1072 GH Amsterdam,115,275,4,2,1,1896
https://www.funda.nl/en/detail/koop/amsterdam/appartement-willemskerkestraat-23-a/44471686/,535000,1069 AB Amsterdam,88,30,4,3,1,2024
https://www.funda.nl/en/detail/koop/amsterdam/appartement-laurierstraat-89-h/44417782/,575000,1016 PJ Amsterdam,66,160,3,2,1,1862
https://www.funda.nl/en/detail/koop/amsterdam/appartement-appartement-bouwnummer-77-bouwnr-77/43143818/,623915,1019 AK Amsterdam,73,70,3,2,1,2028
https://www.funda.nl/en/detail/koop/amsterdam/appartement-2-kamer-appartement-bouwnr-384/43276232/,370370,1102 AK Amsterdam,48,50,2,1,1,2020
https://www.funda.nl/en/detail/koop/amsterdam/appartement-hiraistraat-5-b18/44490152/,435000,1101 DA Amsterdam,58,50,2,1,1,2026
https://www.funda.nl/en/detail/koop/amsterdam/appartement-hertzstraat-5/44464180/,695000,1098 VJ Amsterdam,103,90,3,2,1,1994
https://www.funda.nl/en/detail/koop/amsterdam/appartement-cortado-urban-80-95-bouwnr-502/43206225/,619000,1064 AB Amsterdam,83,50,4,3,1,2028
https://www.funda.nl/en/detail/koop/amsterdam/appartement-memeleiland-160/44473540/,1195000,1014 ZL Amsterdam,140,70,4,3,1,2018
https://www.funda.nl/en/detail/koop/amsterdam/appartement-sanderijnstraat-29-3/44408086/,485000,1055 BN Amsterdam,50,160,3,1,1,1936
https://www.funda.nl/en/detail/koop/amsterdam/appartement-trompenburgstraat-37-h/44459332/,650000,1079 TM Amsterdam,63,90,3,1,1,1918
https://www.funda.nl/en/detail/koop/amsterdam/appartement-curacaostraat-58-1/43200327/,475000,1058 BX Amsterdam,60,160,3,2,1,1935
https://www.funda.nl/en/detail/koop/amsterdam/appartement-staringstraat-10-3/44417122/,435000,1054 VP Amsterdam,47,160,2,1,1,1903
https://www.funda.nl/en/detail/koop/amsterdam/appartement-tasmanstraat-9-4/80873130/,550000,1013 PW Amsterdam,60,90,3,2,1,1927
https://www.funda.nl/en/detail/koop/amsterdam/appartement-zocherstraat-5-h/44492613/,975000,1054 LP Amsterdam,92,90,4,3,1,1916
https://www.funda.nl/en/detail/koop/amsterdam/appartement-3-kamer-appartement-bouwnr-308/43953567/,457060,1102 AK Amsterdam,71,50,3,2,1,2020
https://www.funda.nl/en/detail/koop/amsterdam/appartement-hillegomstraat-21-1/80872292/,490000,1058 LP Amsterdam,53,210,2,1,1,1932
https://www.funda.nl/en/detail/koop/amsterdam/appartement-giessenburg-40/44426810/,395000,1082 CW Amsterdam,66,275,3,2,1,1965
https://www.funda.nl/en/detail/koop/amsterdam/appartement-hiraistraat-5-b89/43243261/,640000,1101 DA Amsterdam,93,30,3,2,1,2020
https://www.funda.nl/en/detail/koop/amsterdam/appartement-2-kamer-appartement-bouwnr-352/43276236/,355370,1102 AK Amsterdam,48,50,2,1,1,2020
https://www.funda.nl/en/detail/koop/amsterdam/appartement-borneostraat-1-b/43323014/,650000,1094 CE Amsterdam,88,120,3,2,1,2002
https://www.funda.nl/en/detail/koop/amsterdam/appartement-frans-van-mierisstraat-131-4/44457235/,1475000,1071 RR Amsterdam,104,90,3,2,1,1918
https://www.funda.nl/en/detail/koop/amsterdam/appartement-hiraistraat-5-b161/44421481/,875000,1101 DA Amsterdam,133,30,4,3,1,2026
https://www.funda.nl/en/detail/koop/amsterdam/appartement-weteringschans-145-b/44409470/,1495000,1017 SE Amsterdam,163,160,5,4,1,1865
https://www.funda.nl/en/detail/koop/amsterdam/appartement-afroditekade-176-b/80846597/,835000,1076 DZ Amsterdam,95,90,4,3,1,2008
https://www.funda.nl/en/detail/koop/amsterdam/appartement-mauritsstraat-4/44466883/,460000,1091 DA Amsterdam,59,160,2,1,1,1988
https://www.funda.nl/en/detail/koop/amsterdam/appartement-havikshorst-105/44495098/,435000,1083 TP Amsterdam,77,160,4,3,1,1965
https://www.funda.nl/en/detail/koop/amsterdam/appartement-maassluisstraat-44/80864026/,475000,1062 GD Amsterdam,83,120,3,2,1,1965
https://www.funda.nl/en/detail/koop/amsterdam/appartement-fokke-simonszstraat-6-h/44402765/,450000,1017 TG Amsterdam,47,210,2,1,1,1905
https://www.funda.nl/en/detail/koop/amsterdam/appartement-krooswijkhof-28/80889168/,675000,1083 JB Amsterdam,104,90,4,3,1,1988
https://www.funda.nl/en/detail/koop/amsterdam/appartement-koninginneweg-249-3/44486677/,895000,1075 CV Amsterdam,65,90,3,2,1,1906
https://www.funda.nl/en/detail/koop/amsterdam/appartement-marnixkade-94-a/89609647/,500000,1015 ZJ Amsterdam,58,160,3,2,1,1886
https://www.funda.nl/en/detail/koop/amsterdam/appartement-zeeburgerkade-722/44459647/,775000,1019 HT Amsterdam,114,350,2,1,1,1990
https://www.funda.nl/en/detail/koop/amsterdam/appartement-banstraat-60-2/44463214/,1600000,1071 KB Amsterdam,199,160,8,4,1,1925
https://www.funda.nl/en/detail/koop/amsterdam/appartement-frans-van-mierisstraat-58-h/44420761/,2850000,1071 RW Amsterdam,233,275,8,6,1,1910
https://www.funda.nl/en/detail/koop/amsterdam/appartement-akoleienstraat-8-4/80823123/,760027,1016 LN Amsterdam,105,160,5,4,1,1905
https://www.funda.nl/en/detail/koop/amsterdam/appartement-appartement-bouwnummer-168-bouwnr-168/43241017/,670287,1019 AK Amsterdam,77,70,3,2,1,2028
https://www.funda.nl/en/detail/koop/amsterdam/appartement-apollolaan-87-c/44420522/,2395000,1077 AL Amsterdam,191,90,4,3,1,1927
https://www.funda.nl/en/detail/koop/amsterdam/appartement-bilderdijkstraat-179-3a/80877340/,440000,1053 KR Amsterdam,53,160,2,1,1,1891
https://www.funda.nl/en/detail/koop/amsterdam/appartement-zeeburgerpad-46-b/44406862/,1040000,1019 AB Amsterdam,93,30,4,2,1,2026
https://www.funda.nl/en/detail/koop/amsterdam/appartement-glitterstraat-134/89794891/,395000,1103 SK Amsterdam,78,90,3,2,1,2007
https://www.funda.nl/en/detail/koop/amsterdam/appartement-vrolikstraat-278-4/44410892/,775000,1092 TZ Amsterdam,82,120,4,2,1,1905
https://www.funda.nl/en/detail/koop/amsterdam/appartement-kerkstraat-261-1/44475650/,1200000,1017 GW Amsterdam,131,210,4,3,1,1906
https://www.funda.nl/en/detail/koop/amsterdam/appartement-vrijzicht-90/89758888/,400000,1068 CG Amsterdam,72,160,2,1,1,1967
https://www.funda.nl/en/detail/koop/amsterdam/appartement-faas-wilkesstraat-437/89707547/,925000,1095 MD Amsterdam,122,90,3,2,1,2020
https://www.funda.nl/en/detail/koop/amsterdam/appartement-egidiusstraat-10-1/43342903/,450000,1055 GT Amsterdam,71,120,3,2,1,1950
https://www.funda.nl/en/detail/koop/amsterdam/appartement-wamberg-22-3/44463850/,500000,1083 CV Amsterdam,79,210,4,3,1,1952
https://www.funda.nl/en/detail/koop/amsterdam/appartement-liftado-urban-80-95-bouwnr-545/43206238/,583000,1064 AB Amsterdam,80,50,3,2,1,2028
https://www.funda.nl/en/detail/koop/amsterdam/appartement-bonnefantenstraat-30/80829641/,600000,1064 PN Amsterdam,100,90,4,3,1,1998
https://www.funda.nl/en/detail/koop/amsterdam/appartement-boorderstraat-5/44473768/,400000,1033 MA Amsterdam,59,120,2,1,1,1983
https://www.funda.nl/en/detail/koop/amsterdam/appartement-lepelkruisstraat-11-2/44491001/,350000,1018 WG Amsterdam,35,160,2,1,1,1952
https://www.funda.nl/en/detail/koop/amsterdam/appartement-utrechtsedwarsstraat-32-a/43323722/,525000,1017 WG Amsterdam,60,275,2,1,1,1963
https://www.funda.nl/en/detail/koop/amsterdam/appartement-stuyvesantstraat-11-1/44454701/,450000,1058 AJ Amsterdam,50,160,3,2,1,1927
https://www.funda.nl/en/detail/koop/amsterdam/appartement-overtoom-311-h/44457784/,1850000,1054 JL Amsterdam,177,210,8,5,1,1890
https://www.funda.nl/en/detail/koop/amsterdam/appartement-laplacestraat-24/44428011/,925000,1098 HW Amsterdam,109,160,5,4,1,1929
https://www.funda.nl/en/detail/koop/amsterdam/appartement-aaf-bouberstraat-88/43393732/,250000,1065 LV Amsterdam,33,160,2,1,1,1984
https://www.funda.nl/en/detail/koop/amsterdam/appartement-reaumurstraat-31-h/44470763/,497000,1097 RE Amsterdam,56,160,2,1,1,1914
https://www.funda.nl/en/detail/koop/amsterdam/appartement-stadhouderskade-19-c/44474671/,1095000,1054 ES Amsterdam,137,90,3,2,1,1991
https://www.funda.nl/en/detail/koop/amsterdam/appartement-orteliusstraat-156-1/44402631/,450000,1057 BJ Amsterdam,51,160,3,1,1,1926
https://www.funda.nl/en/detail/koop/amsterdam/appartement-minervaplein-36-5/43301875/,1175000,1077 TT Amsterdam,110,120,3,2,1,1957
https://www.funda.nl/en/detail/koop/amsterdam/appartement-rustenburgerstraat-451-1/89601887/,495000,1072 HA Amsterdam,51,160,2,1,1,1916
https://www.funda.nl/en/detail/koop/amsterdam/appartement-archimedesweg-3-a/89695250/,895000,1098 JK Amsterdam,128,275,6,5,1,1901
https://www.funda.nl/en/detail/koop/amsterdam/appartement-rozengracht-145-1/44477609/,375000,1016 LW Amsterdam,37,160,2,1,1,1906
https://www.funda.nl/en/detail/koop/amsterdam/appartement-3-kamerappartement-bouwnr-d0301/44478971/,498000,1068 MT Amsterdam,64,30,3,2,1,2020
https://www.funda.nl/en/detail/koop/amsterdam/appartement-president-brandstraat-174/43290084/,385000,1091 WV Amsterdam,43,160,2,1,1,1985
https://www.funda.nl/en/detail/koop/amsterdam/appartement-leusdenhof-274/44450204/,325000,1108 DM Amsterdam,74,160,3,2,1,1980
https://www.funda.nl/en/detail/koop/amsterdam/appartement-eerste-nassaustraat-21-3/44418602/,675000,1052 BE Amsterdam,88,210,4,2,1,1905
https://www.funda.nl/en/detail/koop/amsterdam/appartement-sarphatipark-73/80880067/,2595000,1073 CS Amsterdam,261,120,7,6,1,1892
https://www.funda.nl/en/detail/koop/amsterdam/appartement-bijlmerdreef-1275/89789487/,450000,1103 TV Amsterdam,98,90,4,3,1,2005
https://www.funda.nl/en/detail/koop/amsterdam/appartement-govert-flinckstraat-366-b/44494273/,775000,1074 CG Amsterdam,90,90,4,3,1,1987
https://www.funda.nl/en/detail/koop/amsterdam/appartement-henegouwenstraat-60/80814865/,490000,1066 DG Amsterdam,92,90,3,2,1,1993
https://www.funda.nl/en/detail/koop/amsterdam/appartement-driekamerappartement-bouwnr-18/43395770/,563500,1087 VL Amsterdam,98,30,3,2,1,2027
https://www.funda.nl/en/detail/koop/amsterdam/appartement-fokke-simonszstraat-37-3/44414578/,565000,1017 TE Amsterdam,54,160,3,1,1,1906
https://www.funda.nl/en/detail/koop/amsterdam/appartement-valeriusstraat-251-2/80863951/,2100000,1075 GB Amsterdam,150,90,6,3,1,1914
https://www.funda.nl/en/detail/koop/amsterdam/appartement-brouwersgracht-55-c/44492959/,580000,1015 GB Amsterdam,49,120,2,1,1,1620
https://www.funda.nl/en/detail/koop/amsterdam/appartement-haringbuisdijk-453/43153736/,1200000,1086 VA Amsterdam,140,30,3,2,1,2022
https://www.funda.nl/en/detail/koop/amsterdam/appartement-landsmeerderdijk-20-e/44488070/,1000000,1035 PW Amsterdam,160,90,3,2,1,2011
https://www.funda.nl/en/detail/koop/amsterdam/appartement-nieuwe-uilenburgerstraat-70-h/80847861/,750000,1011 LV Amsterdam,60,120,3,2,1,1938
https://www.funda.nl/en/detail/koop/amsterdam/appartement-amstelkade-79-3/44490221/,500000,1078 AM Amsterdam,56,90,4,2,1,1924
https://www.funda.nl/en/detail/koop/amsterdam/appartement-pieter-van-der-doesstraat-70-1/44482580/,450000,1056 VK Amsterdam,56,275,3,2,1,1932
https://www.funda.nl/en/detail/koop/amsterdam/appartement-tweede-atjehstraat-26-2/44457654/,500000,1094 LG Amsterdam,59,160,2,1,1,1905
https://www.funda.nl/en/detail/koop/amsterdam/appartement-tesselschadestraat-15-c/43328468/,2200000,1054 ET Amsterdam,161,90,4,3,1,1879
https://www.funda.nl/en/detail/koop/amsterdam/appartement-okeghemstraat-6-3/44484469/,875000,1075 PM Amsterdam,76,275,3,2,1,1906
https://www.funda.nl/en/detail/koop/amsterdam/appartement-hogehilweg-12-b121/43398691/,715000,1101 CD Amsterdam,103,30,3,2,1,2026
https://www.funda.nl/en/detail/koop/amsterdam/appartement-baarsjesweg-134-3/44425941/,775000,1057 HL Amsterdam,105,120,6,4,1,1928
https://www.funda.nl/en/detail/koop/amsterdam/appartement-westlandgracht-225-2/44480988/,465000,1059 TP Amsterdam,61,210,4,2,1,1935
https://www.funda.nl/en/detail/koop/amsterdam/appartement-driekamerappartement-bouwnr-64/43360587/,743700,1087 LA Amsterdam,111,30,3,2,1,2027
https://www.funda.nl/en/detail/koop/amsterdam/appartement-kolfschotenstraat-262/44403969/,250000,1104 PE Amsterdam,46,120,1,1,1,1984
https://www.funda.nl/en/detail/koop/amsterdam/appartement-johannes-verhulststraat-210-a/44400133/,1795000,1075 HG Amsterdam,130,90,4,3,1,1911
https://www.funda.nl/en/detail/koop/amsterdam/appartement-conradstraat-86-d/80818418/,700000,1018 NK Amsterdam,92,70,3,2,1,2004
https://www.funda.nl/en/detail/koop/amsterdam/appartement-terrasappartementen-fase-2-bouwnr-0808-l4/43326372/,615000,1096 BN Amsterdam,64,50,3,2,1,2026
https://www.funda.nl/en/detail/koop/amsterdam/appartement-charlotte-brontestraat-235/43320313/,280000,1102 XD Amsterdam,50,160,2,1,1,1984
https://www.funda.nl/en/detail/koop/amsterdam/appartement-wethouder-de-roosplein-245/80860038/,385000,1107 AM Amsterdam,92,160,4,3,1,1984
https://www.funda.nl/en/detail/koop/amsterdam/appartement-appartement-bouwnummer-54-bouwnr-54/43143804/,618915,1019 AK Amsterdam,73,70,3,2,1,2028
https://www.funda.nl/en/detail/koop/amsterdam/appartement-afroditekade-29-b/80811481/,750000,1076 DP Amsterdam,82,90,3,2,1,2008
https://www.funda.nl/en/detail/koop/amsterdam/appartement-plantage-doklaan-36-h/80843188/,425000,1018 CN Amsterdam,52,160,3,2,1,1871
https://www.funda.nl/en/detail/koop/amsterdam/appartement-willem-de-zwijgerlaan-334-d11/44403976/,375000,1055 RD Amsterdam,58,160,3,2,1,1959
https://www.funda.nl/en/detail/koop/amsterdam/appartement-admiraal-de-ruijterweg-254-e/44498723/,1350000,1055 MP Amsterdam,157,90,6,5,1,1922
https://www.funda.nl/en/detail/koop/amsterdam/appartement-vancouverstraat-22-2/44406239/,525000,1056 DW Amsterdam,55,160,3,2,1,1931
https://www.funda.nl/en/detail/koop/amsterdam/appartement-leerdamhof-257/80881343/,385000,1108 BX Amsterdam,98,120,4,3,1,1980
https://www.funda.nl/en/detail/koop/amsterdam/appartement-schipluidenlaan-146/43332641/,500000,1062 HE Amsterdam,68,90,3,2,1,2018
https://www.funda.nl/en/detail/koop/amsterdam/appartement-welnastraat-103/44463156/,280000,1096 GJ Amsterdam,28,90,1,1,1,2014
https://www.funda.nl/en/detail/koop/amsterdam/appartement-ten-katestraat-45-4/43335536/,395000,1053 BX Amsterdam,43,160,2,1,1,1894
https://www.funda.nl/en/detail/koop/amsterdam/appartement-hemonylaan-19-h/44498956/,500000,1074 BH Amsterdam,50,350,2,1,1,1884
https://www.funda.nl/en/detail/koop/amsterdam/appartement-graaf-florisstraat-8-2/44477863/,395000,1091 TG Amsterdam,44,210,3,2,1,1900
https://www.funda.nl/en/detail/koop/amsterdam/appartement-de-lairessestraat-14-h/43376627/,3250000,1071 PA Amsterdam,334,120,9,5,1,1918
https://www.funda.nl/en/detail/koop/amsterdam/appartement-nilda-pintostraat-2-b/44420331/,299000,1103 ML Amsterdam,45,90,2,1,1,1999
https://www.funda.nl/en/detail/koop/amsterdam/appartement-bonaireplein-2-3/44415009/,800000,1058 XB Amsterdam,109,350,5,4,1,1931
https://www.funda.nl/en/detail/koop/amsterdam/appartement-cornelis-vermuydenstraat-38/80858794/,525000,1018 RN Amsterdam,64,90,3,1,1,2016
https://www.funda.nl/en/detail/koop/amsterdam/appartement-albert-luthulistraat-31-d/43344285/,725000,1091 NS Amsterdam,80,120,4,2,1,1918
https://www.funda.nl/en/detail/koop/amsterdam/appartement-van-oldenbarneveldtstraat-49-h/44485111/,1080000,1052 JT Amsterdam,104,90,4,3,1,1882
https://www.funda.nl/en/detail/koop/amsterdam/appartement-brinkstraat-75/80826870/,425000,1097 VJ Amsterdam,65,275,2,1,1,1924
https://www.funda.nl/en/detail/koop/amsterdam/appartement-3-kamersappartement-bouwnr-e0305/43344809/,520840,1068 MT Amsterdam,71,30,3,2,1,2026
https://www.funda.nl/en/detail/koop/amsterdam/appartement-van-oldenbarneveldtstraat-81-c/44425537/,570000,1052 JW Amsterdam,58,160,3,2,1,1882
https://www.funda.nl/en/detail/koop/amsterdam/appartement-nachtwachtlaan-366/44401480/,395000,1058 EM Amsterdam,59,160,2,1,1,1974
https://www.funda.nl/en/detail/koop/amsterdam/appartement-herengracht-47-h/44428165/,875000,1015 BB Amsterdam,100,90,2,1,1,1875
https://www.funda.nl/en/detail/koop/amsterdam/appartement-3-kamersappartement-bouwnr-e0307/43344818/,520840,1068 MT Amsterdam,69,30,3,2,1,2026
https://www.funda.nl/en/detail/koop/amsterdam/appartement-danie-theronstraat-22-b/44425486/,750000,1091 XZ Amsterdam,95,120,4,3,1,1926
https://www.funda.nl/en/detail/koop/amsterdam/appartement-spaarndammerstraat-17-2/44405598/,400000,1013 SR Amsterdam,46,160,2,1,1,1906
https://www.funda.nl/en/detail/koop/amsterdam/appartement-elpermeer-160/43377736/,390000,1025 AM Amsterdam,83,120,4,3,1,1966
https://www.funda.nl/en/detail/koop/amsterdam/appartement-churchill-laan-123-3/43371752/,950000,1078 DN Amsterdam,104,120,4,3,2,1918
https://www.funda.nl/en/detail/koop/amsterdam/appartement-type-a-bouwnr-206/43716709/,400000,1062 HE Amsterdam,50,10,2,1,1,2026
https://www.funda.nl/en/detail/koop/amsterdam/appartement-sarphatipark-62-2/43342541/,965000,1073 EA Amsterdam,106,160,4,2,1,1890
https://www.funda.nl/en/detail/koop/amsterdam/appartement-spadinalaan-87/44480825/,1150000,1031 KB Amsterdam,139,90,4,3,1,2010
https://www.funda.nl/en/detail/koop/amsterdam/appartement-herenmarkt-16-1/43344197/,1800000,1013 ED Amsterdam,159,160,5,4,1,1725
https://www.funda.nl/en/detail/koop/amsterdam/appartement-johan-hofmanstraat-245/80834523/,499000,1069 KD Amsterdam,109,90,5,4,1,2009
https://www.funda.nl/en/detail/koop/amsterdam/appartement-orteliusstraat-231-1/44471723/,439000,1056 NR Amsterdam,50,160,2,1,1,1927
https://www.funda.nl/en/detail/koop/amsterdam/appartement-hogehilweg-12-b117/43398699/,713000,1101 CD Amsterdam,103,30,3,2,1,2026
https://www.funda.nl/en/detail/koop/amsterdam/appartement-reigersbos-67/80813866/,310000,1106 AP Amsterdam,72,120,3,2,1,1985
https://www.funda.nl/en/detail/koop/amsterdam/appartement-prinsengracht-373-a/44408089/,625000,1016 HL Amsterdam,64,210,2,1,2,1730
https://www.funda.nl/en/detail/koop/amsterdam/appartement-amsteldijk-143-3/43302427/,850000,1079 LE Amsterdam,82,90,4,3,1,1925
https://www.funda.nl/en/detail/koop/amsterdam/appartement-rhijnvis-feithstraat-10-1/80839527/,475000,1054 TX Amsterdam,45,210,2,1,1,1906
https://www.funda.nl/en/detail/koop/amsterdam/appartement-magalhaensplein-9-1/43249949/,425000,1057 VD Amsterdam,50,210,3,2,1,1928
https://www.funda.nl/en/detail/koop/amsterdam/appartement-burgemeester-hogguerstraat-867/43342752/,325000,1064 EC Amsterdam,46,160,2,1,1,1964
https://www.funda.nl/en/detail/koop/amsterdam/appartement-lanseloetstraat-5-1/80848347/,495000,1055 BA Amsterdam,56,160,3,2,1,1940
https://www.funda.nl/en/detail/koop/amsterdam/appartement-westerkade-10-3l/80889925/,275000,1015 XD Amsterdam,22,120,1,1,1,1876
https://www.funda.nl/en/detail/koop/amsterdam/appartement-gerard-doustraat-3-3/44454547/,675000,1072 VH Amsterdam,78,90,3,2,1,1880
https://www.funda.nl/en/detail/koop/amsterdam/appartement-rozenstraat-208-d/80822563/,495000,1016 PA Amsterdam,47,90,2,1,1,2007
https://www.funda.nl/en/detail/koop/amsterdam/appartement-kinkerstraat-314-1/44412412/,425000,1053 GD Amsterdam,46,90,2,1,1,1898
https://www.funda.nl/en/detail/koop/amsterdam/appartement-rijnstraat-15-1/44479231/,775000,1078 PV Amsterdam,83,160,3,2,1,1922
https://www.funda.nl/en/detail/koop/amsterdam/appartement-van-der-duijnstraat-35/89606082/,595000,1051 AS Amsterdam,79,160,4,2,1,1981
https://www.funda.nl/en/detail/koop/amsterdam/appartement-oogststraat-57/44481951/,450000,1097 ZS Amsterdam,51,210,3,2,1,1924
https://www.funda.nl/en/detail/koop/amsterdam/appartement-hogehilweg-12-b77/43381392/,742000,1101 CD Amsterdam,109,50,3,2,1,2026
https://www.funda.nl/en/detail/koop/amsterdam/appartement-prinsengracht-788-o/44426211/,795000,1017 LG Amsterdam,93,160,4,2,1,1885
https://www.funda.nl/en/detail/koop/amsterdam/appartement-troelstralaan-211/80838285/,375000,1067 MX Amsterdam,73,70,2,1,1,2018
https://www.funda.nl/en/detail/koop/amsterdam/appartement-amerbos-177/43142917/,295000,1025 ZB Amsterdam,57,160,2,1,1,1969
https://www.funda.nl/en/detail/koop/amsterdam/appartement-3-kamersappartement-bouwnr-d0205/43344870/,498840,1068 MT Amsterdam,71,30,3,2,1,2026
https://www.funda.nl/en/detail/koop/amsterdam/appartement-bestevaerstraat-133-h/43318911/,500000,1056 HL Amsterdam,52,210,2,1,1,1924
https://www.funda.nl/en/detail/koop/amsterdam/appartement-nassaukade-158-2b/44410974/,400000,1053 LK Amsterdam,35,70,2,1,1,1900
https://www.funda.nl/en/detail/koop/amsterdam/appartement-vrolikstraat-272-h/44420601/,575000,1092 TZ Amsterdam,58,90,2,1,1,1905
https://www.funda.nl/en/detail/koop/amsterdam/appartement-type-b-2-kamerappartement-bouwnr-c308/44452736/,345900,1069 EJ Amsterdam,43,50,2,1,1,2027
https://www.funda.nl/en/detail/koop/amsterdam/appartement-hogehilweg-12-b12/43381337/,573725,1101 CD Amsterdam,86,30,3,2,1,2026
https://www.funda.nl/en/detail/koop/amsterdam/appartement-parkvilla-9-4-kamer-appartement-selu-bouwnr-34/44405456/,800000,1022 LA Amsterdam,132,30,4,3,1,2020
https://www.funda.nl/en/detail/koop/amsterdam/appartement-nova-zemblastraat-95/43306400/,725000,1013 RJ Amsterdam,99,90,5,3,1,1978
https://www.funda.nl/en/detail/koop/amsterdam/appartement-bella-vistastraat-192/44477400/,1025000,1096 GM Amsterdam,112,90,5,3,1,2020
https://www.funda.nl/en/detail/koop/amsterdam/appartement-balthasar-floriszstraat-28-1/43366505/,620000,1071 VD Amsterdam,63,90,3,2,1,1899
https://www.funda.nl/en/detail/koop/amsterdam/appartement-type-b-2-kamerappartement-bouwnr-c503/44452739/,354900,1069 EJ Amsterdam,43,50,2,1,1,2027
https://www.funda.nl/en/detail/koop/amsterdam/appartement-loodskotterhof-20/43330079/,435000,1034 CN Amsterdam,80,210,4,3,1,1965
https://www.funda.nl/en/detail/koop/amsterdam/appartement-amsteldijk-139-1/44484956/,450000,1079 LE Amsterdam,56,160,2,1,1,1924
https://www.funda.nl/en/detail/koop/amsterdam/appartement-admiraal-de-ruijterweg-499-2/44412978/,425000,1055 MH Amsterdam,65,210,3,2,1,1926
https://www.funda.nl/en/detail/koop/amsterdam/appartement-type-i-3-kamerappartement-bouwnr-a201/44452520/,452900,1069 EJ Amsterdam,65,50,3,2,1,2027
https://www.funda.nl/en/detail/koop/amsterdam/appartement-type-a-3-kamerappartement-bouwnr-c301/44452588/,464900,1069 EJ Amsterdam,64,50,3,2,1,2027
https://www.funda.nl/en/detail/koop/amsterdam/appartement-hoogte-kadijk-167-3/44411029/,400000,1018 BJ Amsterdam,45,275,2,1,1,1956
https://www.funda.nl/en/detail/koop/amsterdam/appartement-carnapstraat-93/80834509/,695000,1062 KX Amsterdam,97,90,3,2,1,1998
https://www.funda.nl/en/detail/koop/amsterdam/appartement-frans-van-mierisstraat-56-1/80815002/,925000,1071 RW Amsterdam,85,160,3,2,1,1905
https://www.funda.nl/en/detail/koop/amsterdam/appartement-andries-copierstraat-72/44480665/,500000,1061 SE Amsterdam,85,90,3,2,1,2008
https://www.funda.nl/en/detail/koop/amsterdam/appartement-burgemeester-roellstraat-14-3/44483271/,339000,1064 BN Amsterdam,59,275,3,2,1,1962
https://www.funda.nl/en/detail/koop/amsterdam/appartement-botterstraat-278/43328520/,350000,1034 BX Amsterdam,76,275,4,3,1,1967
https://www.funda.nl/en/detail/koop/amsterdam/appartement-lindengracht-79-b/43303718/,495000,1015 KD Amsterdam,51,90,2,1,1,2018
https://www.funda.nl/en/detail/koop/amsterdam/appartement-vondelstraat-31-b/44487525/,2950000,1054 GJ Amsterdam,178,210,5,3,1,1892
https://www.funda.nl/en/detail/koop/amsterdam/appartement-orteliuskade-49-h/44499897/,800000,1057 AJ Amsterdam,87,90,3,2,1,1940
https://www.funda.nl/en/detail/koop/amsterdam/appartement-maasstraat-41-2/89770693/,749500,1078 HC Amsterdam,103,160,4,2,1,1928
https://www.funda.nl/en/detail/koop/amsterdam/appartement-jh-hisgenpad-1048/43208872/,495000,1025 WK Amsterdam,67,30,2,1,1,2025
https://www.funda.nl/en/detail/koop/amsterdam/appartement-theodoor-van-hoytemastraat-18/44427240/,436000,1062 CG Amsterdam,46,70,2,1,1,2015
https://www.funda.nl/en/detail/koop/amsterdam/appartement-polanenstraat-70-a/43214287/,449000,1013 WB Amsterdam,53,160,2,1,1,1921
https://www.funda.nl/en/detail/koop/amsterdam/appartement-type-c1-bouwnr-13/43229761/,1275000,1081 LA Amsterdam,98,30,3,2,2,2020
https://www.funda.nl/en/detail/koop/amsterdam/appartement-jacques-veltmanstraat-40-3/43388284/,340000,1065 EK Amsterdam,47,350,2,1,1,1956
https://www.funda.nl/en/detail/koop/amsterdam/appartement-amstelkade-62-2/44471245/,560000,1078 AK Amsterdam,55,120,3,2,1,1925
https://www.funda.nl/en/detail/koop/amsterdam/appartement-parkvilla-9-3-kamer-appartement-mizu-bouwnr-33/44405448/,556000,1022 LA Amsterdam,88,30,3,2,1,2020
https://www.funda.nl/en/detail/koop/amsterdam/appartement-steelvlietplein-86/80878528/,499500,1069 AT Amsterdam,90,30,3,2,1,2024
https://www.funda.nl/en/detail/koop/amsterdam/appartement-3-kamerappartement-bouwnr-d0307/44478970/,510000,1068 MT Amsterdam,69,30,3,2,1,2020
https://www.funda.nl/en/detail/koop/amsterdam/appartement-elizabeth-anscombestraat-139/44402286/,825000,1062 LE Amsterdam,95,50,3,2,1,2025
https://www.funda.nl/en/detail/koop/amsterdam/appartement-gerard-doustraat-58-1/43325246/,520000,1072 VV Amsterdam,57,90,3,2,1,1886
https://www.funda.nl/en/detail/koop/amsterdam/appartement-niasstraat-12-b/89787230/,395000,1095 VA Amsterdam,42,160,2,1,1,1925
https://www.funda.nl/en/detail/koop/amsterdam/appartement-buyskade-98/44478146/,880000,1051 MD Amsterdam,112,90,4,3,1,2002
https://www.funda.nl/en/detail/koop/amsterdam/appartement-tuigerstraat-56/89764235/,325000,1033 PH Amsterdam,46,160,3,2,1,1984
https://www.funda.nl/en/detail/koop/amsterdam/appartement-grasweg-496/43344742/,2325000,1031 HX Amsterdam,176,50,4,3,1,2020
https://www.funda.nl/en/detail/koop/amsterdam/appartement-leidsekade-72-b/43353146/,625000,1016 DA Amsterdam,61,275,3,2,1,1877
https://www.funda.nl/en/detail/koop/amsterdam/appartement-parnassusweg-15-3/80811422/,1295000,1077 DB Amsterdam,174,160,7,6,3,1931
https://www.funda.nl/en/detail/koop/amsterdam/appartement-nieuwe-kerkstraat-32-a/44400076/,425000,1018 EB Amsterdam,42,120,2,1,1,1968
https://www.funda.nl/en/detail/koop/amsterdam/appartement-veerstraat-7-2/44483993/,675000,1075 SL Amsterdam,59,90,3,2,1,1911
https://www.funda.nl/en/detail/koop/amsterdam/appartement-rubensstraat-104-2/44471676/,1380000,1077 NC Amsterdam,157,210,6,3,1,1931
https://www.funda.nl/en/detail/koop/amsterdam/appartement-president-allendelaan-173/44413188/,425000,1068 VM Amsterdam,94,90,4,3,1,2006
https://www.funda.nl/en/detail/koop/amsterdam/appartement-aakstraat-191/89753787/,415000,1034 BN Amsterdam,76,210,4,3,1,1967
https://www.funda.nl/en/detail/koop/amsterdam/appartement-develstein-60/43064070/,525000,1102 AK Amsterdam,91,70,4,2,1,2020
https://www.funda.nl/en/detail/koop/amsterdam/appartement-boterdiepstraat-15-1/44409407/,540000,1079 SR Amsterdam,55,120,3,2,1,1934
https://www.funda.nl/en/detail/koop/amsterdam/appartement-albert-cuypstraat-201-1/44488843/,497500,1073 BE Amsterdam,56,120,3,2,1,1892
https://www.funda.nl/en/detail/koop/amsterdam/appartement-vleutenstraat-86/43342728/,350000,1106 CX Amsterdam,89,160,4,3,1,1982
https://www.funda.nl/en/detail/koop/amsterdam/appartement-daniel-stalpertstraat-77-2/43339312/,475000,1072 XC Amsterdam,63,160,3,2,1,1906
https://www.funda.nl/en/detail/koop/amsterdam/appartement-zeeburgerpad-46-d/43322912/,700000,1019 AB Amsterdam,88,30,3,2,1,2026
https://www.funda.nl/en/detail/koop/amsterdam/appartement-eerste-oosterparkstraat-5-3/44497177/,695000,1091 GT Amsterdam,78,90,3,2,1,1911
https://www.funda.nl/en/detail/koop/amsterdam/appartement-hoofdweg-6-h/44413755/,1395000,1058 BC Amsterdam,141,90,6,4,1,1927
https://www.funda.nl/en/detail/koop/amsterdam/appartement-willem-de-zwijgerlaan-334-d12/44412606/,350000,1055 RD Amsterdam,53,120,1,1,1,1959
https://www.funda.nl/en/detail/koop/amsterdam/appartement-marjoleinstraat-119/43336536/,400000,1034 DT Amsterdam,57,90,3,2,1,1989
https://www.funda.nl/en/detail/koop/amsterdam/appartement-scheldestraat-31-1/44456838/,765000,1078 GE Amsterdam,92,160,4,3,1,1928
https://www.funda.nl/en/detail/koop/amsterdam/appartement-liftado-urban-80-95-bouwnr-546/43206221/,723000,1064 AB Amsterdam,95,50,4,3,1,2028
https://www.funda.nl/en/detail/koop/amsterdam/appartement-waalstraat-104-1/44471900/,825000,1079 EB Amsterdam,95,210,5,4,1,1933
https://www.funda.nl/en/detail/koop/amsterdam/appartement-plantage-muidergracht-79-a/44406204/,1000000,1018 TN Amsterdam,110,90,4,2,1,1905
https://www.funda.nl/en/detail/koop/amsterdam/appartement-wamberg-49-a/44463910/,475000,1083 CW Amsterdam,57,120,3,2,1,1965
https://www.funda.nl/en/detail/koop/amsterdam/appartement-jan-van-galenstraat-170-3/44458106/,495000,1056 CJ Amsterdam,56,90,3,2,1,1927
https://www.funda.nl/en/detail/koop/amsterdam/appartement-rustenburgerstraat-376-3/43121176/,650000,1072 HG Amsterdam,61,90,3,2,1,1964
https://www.funda.nl/en/detail/koop/amsterdam/appartement-tweede-kostverlorenkade-129-1/44427593/,475000,1053 SE Amsterdam,49,450,3,2,1,1927
https://www.funda.nl/en/detail/koop/amsterdam/appartement-vrolikstraat-248-h/43387531/,550000,1092 TW Amsterdam,57,160,3,2,1,1905
https://www.funda.nl/en/detail/koop/amsterdam/appartement-2-kamerappartement-bouwnr-d0402/44478965/,402840,1068 MT Amsterdam,48,30,2,1,1,2026
https://www.funda.nl/en/detail/koop/amsterdam/appartement-zocherstraat-38-1/89702470/,465000,1054 LZ Amsterdam,50,120,2,1,1,1919
https://www.funda.nl/en/detail/koop/amsterdam/appartement-tuinstraat-179-3/43325090/,995000,1015 PC Amsterdam,101,90,4,3,1,1934
https://www.funda.nl/en/detail/koop/amsterdam/appartement-burgemeester-cramergracht-64/44405289/,375000,1064 AG Amsterdam,77,210,3,2,1,1957
https://www.funda.nl/en/detail/koop/amsterdam/appartement-3-kamersappartement-bouwnr-d0404/43344890/,520840,1068 MT Amsterdam,71,30,3,2,1,2026
https://www.funda.nl/en/detail/koop/amsterdam/appartement-rangeerderstraat-16/44496079/,799000,1019 TN Amsterdam,115,90,4,3,1,1999
https://www.funda.nl/en/detail/koop/amsterdam/appartement-barajasweg-104/43174872/,1100000,1043 CP Amsterdam,159,70,3,2,1,2023
https://www.funda.nl/en/detail/koop/amsterdam/appartement-kraijenhoffstraat-28-3/44452019/,435000,1018 RL Amsterdam,54,275,3,1,1,1936
https://www.funda.nl/en/detail/koop/amsterdam/appartement-m-gandhilaan-98/44489273/,400000,1069 ND Amsterdam,81,120,3,2,1,1988
https://www.funda.nl/en/detail/koop/amsterdam/appartement-driekamerappartement-bouwnr-15/43732530/,657500,1087 VA Amsterdam,104,50,3,2,1,2026
https://www.funda.nl/en/detail/koop/amsterdam/appartement-kleiburg-815/44496719/,325000,1104 EA Amsterdam,68,90,3,2,1,1972
https://www.funda.nl/en/detail/koop/amsterdam/appartement-teldershof-57/80826012/,425000,1067 ML Amsterdam,89,70,3,2,1,2009
https://www.funda.nl/en/detail/koop/amsterdam/appartement-freek-oxstraat-25-2/80825327/,300000,1063 ZV Amsterdam,43,210,2,1,1,1953
https://www.funda.nl/en/detail/koop/amsterdam/appartement-grensstraat-18-2/44489760/,625000,1091 SZ Amsterdam,67,160,3,2,1,1901
https://www.funda.nl/en/detail/koop/amsterdam/appartement-willy-sluiterstraat-114/43374963/,600000,1061 TJ Amsterdam,90,70,4,3,1,2013
https://www.funda.nl/en/detail/koop/amsterdam/appartement-gerrit-van-der-veenstraat-78-1/89781306/,975000,1077 EK Amsterdam,123,210,3,2,1,1930
https://www.funda.nl/en/detail/koop/amsterdam/appartement-van-eeghenstraat-32-2/44456137/,1350000,1071 GH Amsterdam,115,160,5,3,1,1896
https://www.funda.nl/en/detail/koop/amsterdam/appartement-reinwardtstraat-63-c/80842397/,500000,1093 GZ Amsterdam,93,90,4,3,1,1983
https://www.funda.nl/en/detail/koop/amsterdam/appartement-westermarkt-3-b/44499997/,350000,1016 DH Amsterdam,34,210,2,1,1,1760
https://www.funda.nl/en/detail/koop/amsterdam/appartement-bijlmerdreef-1053/89602391/,375000,1103 TW Amsterdam,84,90,3,2,1,2005
https://www.funda.nl/en/detail/koop/amsterdam/appartement-loenermark-90/43337129/,310000,1025 SJ Amsterdam,66,210,2,1,1,1976
https://www.funda.nl/en/detail/koop/amsterdam/appartement-jodenbreestraat-16-d/44480391/,625000,1011 NK Amsterdam,71,120,3,2,1,2001
https://www.funda.nl/en/detail/koop/amsterdam/appartement-pieter-langendijkstraat-34-3/44428824/,1050000,1054 ZB Amsterdam,107,90,5,4,1,1910
https://www.funda.nl/en/detail/koop/amsterdam/appartement-achillesstraat-114-2/44470917/,595000,1076 RJ Amsterdam,75,210,3,2,1,1930
https://www.funda.nl/en/detail/koop/amsterdam/appartement-fraunhoferstraat-18-h/43347988/,750000,1098 LR Amsterdam,112,160,4,3,1,1929
https://www.funda.nl/en/detail/koop/amsterdam/appartement-libau-eiland-39/43331657/,407913,1014 ZK Amsterdam,37,70,1,1,1,2025
https://www.funda.nl/en/detail/koop/amsterdam/appartement-postjesweg-423/44483470/,449000,1062 JT Amsterdam,82,275,3,2,1,1961
https://www.funda.nl/en/detail/koop/amsterdam/appartement-helmholtzstraat-65-2/44462761/,535000,1098 LE Amsterdam,63,210,3,2,1,1953
https://www.funda.nl/en/detail/koop/amsterdam/appartement-vinkenstraat-105-1/44450564/,450000,1013 JN Amsterdam,49,160,3,2,1,1938
https://www.funda.nl/en/detail/koop/amsterdam/appartement-trouringhstraat-10-3/44499454/,450000,1055 HA Amsterdam,60,160,4,2,1,1940
https://www.funda.nl/en/detail/koop/amsterdam/appartement-leksmondhof-44/44416877/,350000,1108 EN Amsterdam,69,90,3,2,1,1979
https://www.funda.nl/en/detail/koop/amsterdam/appartement-arent-janszoon-ernststraat-133/43372993/,660000,1083 GS Amsterdam,107,160,4,3,1,1969
https://www.funda.nl/en/detail/koop/amsterdam/appartement-hermanus-coenradistraat-12-1/44493527/,350000,1063 XS Amsterdam,48,120,2,1,1,1953
https://www.funda.nl/en/detail/koop/amsterdam/appartement-langswater-853/44421387/,350000,1069 EH Amsterdam,72,120,3,2,1,1970
https://www.funda.nl/en/detail/koop/amsterdam/appartement-bouvigne-28-1/80854947/,525000,1083 BP Amsterdam,83,160,4,3,1,1959
https://www.funda.nl/en/detail/koop/amsterdam/appartement-langswater-649/44471923/,315000,1069 EE Amsterdam,72,160,4,3,1,1966
https://www.funda.nl/en/detail/koop/amsterdam/appartement-koggestraat-6-c/44489355/,495000,1012 TA Amsterdam,72,90,2,1,1,1730
https://www.funda.nl/en/detail/koop/amsterdam/appartement-lodewijk-boisotstraat-6-h/44458127/,725000,1057 ZN Amsterdam,82,120,3,2,1,1926
https://www.funda.nl/en/detail/koop/amsterdam/appartement-nieuwe-osdorpergracht-480-e/44493502/,575000,1068 HV Amsterdam,82,50,3,2,1,2023
https://www.funda.nl/en/detail/koop/amsterdam/appartement-cortado-urban-villa-bouwnr-479/43292877/,876000,1064 AB Amsterdam,127,50,5,4,1,2028
https://www.funda.nl/en/detail/koop/amsterdam/appartement-oude-ijselstraat-26-4/80838399/,495000,1078 CN Amsterdam,57,210,3,2,1,1923
https://www.funda.nl/en/detail/koop/amsterdam/appartement-kinkerstraat-324-2/44429740/,425000,1053 GD Amsterdam,42,120,2,1,1,1899
https://www.funda.nl/en/detail/koop/amsterdam/appartement-eastonstraat-59/44478418/,425000,1068 JA Amsterdam,79,160,4,3,1,1962
https://www.funda.nl/en/detail/koop/amsterdam/appartement-olympiaplein-156-2/44470537/,795000,1076 AL Amsterdam,93,210,4,2,1,1935
https://www.funda.nl/en/detail/koop/amsterdam/appartement-marco-polostraat-78-2/44401065/,700000,1057 WT Amsterdam,115,210,6,5,2,1929
https://www.funda.nl/en/detail/koop/amsterdam/appartement-haparandadam-2-f1/44460021/,1600000,1013 AK Amsterdam,180,50,4,3,1,2018
https://www.funda.nl/en/detail/koop/amsterdam/appartement-van-boetzelaerstraat-94-1/44459597/,390000,1051 EC Amsterdam,33,210,2,1,1,1912
https://www.funda.nl/en/detail/koop/amsterdam/appartement-jacob-burggraafstraat-110/44404587/,649000,1018 WA Amsterdam,100,90,2,1,1,2004
https://www.funda.nl/en/detail/koop/amsterdam/appartement-radioweg-15-h/43318473/,875000,1098 NE Amsterdam,86,160,4,3,1,1931
https://www.funda.nl/en/detail/koop/amsterdam/appartement-hudsonstraat-142-1/44427724/,400000,1057 ST Amsterdam,45,90,3,2,1,1924
https://www.funda.nl/en/detail/koop/amsterdam/appartement-alhambralaan-49/44412939/,975000,1064 NV Amsterdam,152,90,3,2,1,1998
https://www.funda.nl/en/detail/koop/amsterdam/appartement-dijkmanshuizenstraat-279/44479659/,895000,1024 XR Amsterdam,178,30,7,6,1,2023
https://www.funda.nl/en/detail/koop/amsterdam/appartement-knsm-laan-353/44419461/,750000,1019 LG Amsterdam,107,120,3,2,1,1995
https://www.funda.nl/en/detail/koop/amsterdam/appartement-mercatorplein-72/43318919/,680000,1056 CL Amsterdam,105,120,4,3,1,1996
https://www.funda.nl/en/detail/koop/amsterdam/appartement-groetstraat-44/44471072/,375000,1024 TX Amsterdam,65,160,2,1,1,1966
https://www.funda.nl/en/detail/koop/amsterdam/appartement-van-effenstraat-3-2/43338182/,415000,1053 BT Amsterdam,45,90,2,1,1,1919
https://www.funda.nl/en/detail/koop/amsterdam/appartement-hoogoord-10/43234120/,375000,1102 CA Amsterdam,93,70,5,4,1,1969
https://www.funda.nl/en/detail/koop/amsterdam/appartement-maisonnette-bouwnr-e0004/44478915/,665000,1068 MT Amsterdam,98,30,5,3,1,2020
https://www.funda.nl/en/detail/koop/amsterdam/appartement-heemstedestraat-13-2/80862363/,495000,1059 CX Amsterdam,62,90,2,1,1,1929
https://www.funda.nl/en/detail/koop/amsterdam/appartement-westlandgracht-195-3/43338636/,865000,1059 TL Amsterdam,114,160,6,4,2,1933
https://www.funda.nl/en/detail/koop/amsterdam/appartement-bloemgracht-41-c/44486529/,500000,1016 KD Amsterdam,53,160,2,1,1,1855
https://www.funda.nl/en/detail/koop/amsterdam/appartement-van-ostadestraat-190-c/80864566/,429000,1072 TH Amsterdam,43,160,2,1,1,1996
https://www.funda.nl/en/detail/koop/amsterdam/appartement-klaas-katerstraat-88/43324282/,685000,1069 RT Amsterdam,147,90,6,5,1,2003
https://www.funda.nl/en/detail/koop/amsterdam/appartement-van-reedestraat-186/44481938/,675000,1018 LB Amsterdam,69,30,2,1,1,2020
https://www.funda.nl/en/detail/koop/amsterdam/appartement-sausalitolaan-20/43349713/,625000,1031 KE Amsterdam,73,50,2,1,1,2022
https://www.funda.nl/en/detail/koop/amsterdam/appartement-binnen-brouwersstraat-7-1/43336448/,575000,1013 EE Amsterdam,55,120,3,2,1,1750
https://www.funda.nl/en/detail/koop/amsterdam/appartement-eerste-oosterparkstraat-49-3/89795914/,369000,1091 GV Amsterdam,30,70,2,1,1,1918
https://www.funda.nl/en/detail/koop/amsterdam/appartement-pontsteiger-114/43317659/,4280000,1014 ZP Amsterdam,330,90,5,3,1,2019
https://www.funda.nl/en/detail/koop/amsterdam/appartement-waalstraat-89-1/80835913/,525000,1079 DS Amsterdam,67,160,5,2,1,1934
https://www.funda.nl/en/detail/koop/amsterdam/appartement-rietnesse-12-3/43240400/,573000,1082 CH Amsterdam,109,210,5,4,1,1961
https://www.funda.nl/en/detail/koop/amsterdam/appartement-terrasappartement-bouwnr-50/43053802/,842500,1061 AV Amsterdam,100,30,4,3,1,2027
https://www.funda.nl/en/detail/koop/amsterdam/appartement-elizabeth-anscombestraat-251/43383174/,820000,1062 LE Amsterdam,102,50,3,2,1,2025
https://www.funda.nl/en/detail/koop/amsterdam/appartement-het-breed-553/44458926/,375000,1025 HV Amsterdam,103,210,4,3,1,1971
https://www.funda.nl/en/detail/koop/amsterdam/appartement-sanderijnstraat-37-3/44491874/,525000,1055 BP Amsterdam,67,160,4,3,1,1940
https://www.funda.nl/en/detail/koop/amsterdam/appartement-govert-flinckstraat-271-h/80826909/,450000,1073 BZ Amsterdam,52,90,2,1,1,1989
https://www.funda.nl/en/detail/koop/amsterdam/appartement-jan-evertsenstraat-551/43325062/,585000,1061 XZ Amsterdam,91,70,3,2,1,2008
https://www.funda.nl/en/detail/koop/amsterdam/appartement-keizersgracht-489-a1/80832856/,625000,1017 DM Amsterdam,53,160,2,1,1,1997
https://www.funda.nl/en/detail/koop/amsterdam/appartement-vaartstraat-48-3/44427017/,780000,1075 RR Amsterdam,99,210,4,3,1,1913
https://www.funda.nl/en/detail/koop/amsterdam/appartement-leo-smitstraat-47/43331802/,880000,1082 MP Amsterdam,93,90,3,2,1,2015
https://www.funda.nl/en/detail/koop/amsterdam/appartement-danie-theronstraat-9-d/44461282/,725000,1091 XV Amsterdam,88,160,5,2,1,1928
https://www.funda.nl/en/detail/koop/amsterdam/appartement-de-rijpgracht-61-2/44479310/,400000,1056 XS Amsterdam,53,350,3,2,1,1934
https://www.funda.nl/en/detail/koop/amsterdam/appartement-goudsbloemstraat-118-d/80849370/,550000,1015 JT Amsterdam,57,90,3,2,1,2005
https://www.funda.nl/en/detail/koop/amsterdam/appartement-fannius-scholtenstraat-66-1/80820792/,545000,1051 GA Amsterdam,66,90,3,2,2,1900
https://www.funda.nl/en/detail/koop/amsterdam/appartement-de-boelelaan-373/80883024/,420000,1082 RG Amsterdam,86,350,3,2,1,1964
https://www.funda.nl/en/detail/koop/amsterdam/appartement-overtoom-463-d/44464248/,274500,1054 LE Amsterdam,20,90,1,1,1,1882
https://www.funda.nl/en/detail/koop/amsterdam/appartement-turnerstraat-27-d/80867012/,525000,1076 VC Amsterdam,67,275,4,3,1,1931
https://www.funda.nl/en/detail/koop/amsterdam/appartement-maassluisstraat-256-l/44496964/,375000,1062 GL Amsterdam,39,160,2,1,1,1965
https://www.funda.nl/en/detail/koop/amsterdam/appartement-le-mairekade-177/43393128/,450000,1013 CC Amsterdam,59,210,2,1,1,1984
https://www.funda.nl/en/detail/koop/amsterdam/appartement-van-beuningenstraat-67/80819881/,425000,1051 XD Amsterdam,53,90,3,2,1,1975
https://www.funda.nl/en/detail/koop/amsterdam/appartement-louis-davidsstraat-28/44491651/,395000,1068 SH Amsterdam,60,90,2,1,1,1985
https://www.funda.nl/en/detail/koop/amsterdam/appartement-nachtegaalstraat-118/44485267/,400000,1021 GE Amsterdam,59,160,3,2,1,1915
https://www.funda.nl/en/detail/koop/amsterdam/appartement-hogehilweg-12-b113/43398697/,711000,1101 CD Amsterdam,103,30,3,2,1,2026
https://www.funda.nl/en/detail/koop/amsterdam/appartement-eerste-atjehstraat-97-2/80850865/,399000,1094 KE Amsterdam,42,90,2,1,1,1915
https://www.funda.nl/en/detail/koop/amsterdam/appartement-orteliusstraat-254-1/44452585/,435000,1056 PK Amsterdam,52,210,2,1,1,1927
https://www.funda.nl/en/detail/koop/amsterdam/appartement-amsteldijk-56/80869289/,935000,1074 HX Amsterdam,90,30,3,2,1,2022
https://www.funda.nl/en/detail/koop/amsterdam/appartement-ton-de-leeuwstraat-46/43334167/,1290000,1011 DE Amsterdam,126,50,4,3,1,2021
https://www.funda.nl/en/detail/koop/amsterdam/appartement-maisonnette-bouwnr-d0003/44478912/,655000,1068 MT Amsterdam,98,30,5,3,1,2020
https://www.funda.nl/en/detail/koop/amsterdam/appartement-ceramiquelaan-295/89671830/,1100000,1031 KG Amsterdam,143,50,4,3,1,2022
https://www.funda.nl/en/detail/koop/amsterdam/appartement-type-b-2-kamerappartement-bouwnr-c108/44452720/,339900,1069 EJ Amsterdam,43,50,2,1,1,2027
https://www.funda.nl/en/detail/koop/amsterdam/appartement-ijburglaan-1480/44492805/,575000,1087 KG Amsterdam,108,90,3,2,1,2006
https://www.funda.nl/en/detail/koop/amsterdam/appartement-driekamerappartement-bouwnr-17/43360561/,517500,1087 LA Amsterdam,90,30,3,2,1,2027
https://www.funda.nl/en/detail/koop/amsterdam/appartement-borssenburgplein-117/44495233/,425000,1078 WB Amsterdam,44,120,2,1,1,1987
https://www.funda.nl/en/detail/koop/amsterdam/appartement-van-ostadestraat-169-h/43354258/,450000,1073 TL Amsterdam,54,160,3,1,1,1903
https://www.funda.nl/en/detail/koop/amsterdam/appartement-type-c2-bouwnr-9/43229779/,1215000,1081 LA Amsterdam,96,30,3,2,1,2020
https://www.funda.nl/en/detail/koop/amsterdam/appartement-kwakersstraat-20-2/80843081/,475000,1053 WD Amsterdam,52,160,2,1,1,1905
https://www.funda.nl/en/detail/koop/amsterdam/appartement-tweekamer-appartement-bouwnr-20/43732544/,377000,1087 VA Amsterdam,58,50,2,1,1,2026
https://www.funda.nl/en/detail/koop/amsterdam/appartement-type-g-3-kamerappartement-bouwnr-a403/44452675/,439900,1069 EJ Amsterdam,61,50,3,2,1,2027
https://www.funda.nl/en/detail/koop/amsterdam/appartement-tugelaweg-74-h/80849284/,385000,1091 VM Amsterdam,40,450,2,1,1,1930
https://www.funda.nl/en/detail/koop/amsterdam/appartement-kleiburg-21-a/43342057/,535000,1104 EA Amsterdam,138,90,4,2,1,1972
https://www.funda.nl/en/detail/koop/amsterdam/appartement-wethouder-serrurierstraat-82/44495218/,325000,1107 CJ Amsterdam,78,120,4,3,1,1984
https://www.funda.nl/en/detail/koop/amsterdam/appartement-kleiburg-845/89798875/,325000,1104 EA Amsterdam,60,160,3,2,1,2014
https://www.funda.nl/en/detail/koop/amsterdam/appartement-javastraat-86-d/44463417/,489000,1094 HL Amsterdam,52,90,3,2,1,1902
https://www.funda.nl/en/detail/koop/amsterdam/appartement-john-franklinstraat-34-h/43316551/,695000,1056 TD Amsterdam,76,90,3,2,1,1926
https://www.funda.nl/en/detail/koop/amsterdam/appartement-tuigerstraat-40/80821954/,465000,1033 PH Amsterdam,77,120,3,2,1,1984
https://www.funda.nl/en/detail/koop/amsterdam/appartement-deymanstraat-18-1/44417132/,775000,1091 SE Amsterdam,98,120,4,3,1,1888
https://www.funda.nl/en/detail/koop/amsterdam/appartement-3-kamersappartement-bouwnr-e0405/43344807/,530840,1068 MT Amsterdam,71,30,3,2,1,2026
https://www.funda.nl/en/detail/koop/amsterdam/appartement-memlingstraat-27-h/44481650/,1450000,1077 LR Amsterdam,121,160,8,5,1,1950
https://www.funda.nl/en/detail/koop/amsterdam/appartement-terrasappartementen-fase-2-bouwnr-0807-l4/43326379/,600000,1096 BN Amsterdam,64,50,3,2,1,2026
https://www.funda.nl/en/detail/koop/amsterdam/appartement-derde-oosterparkstraat-106-d/44494515/,685000,1091 KC Amsterdam,88,120,4,3,1,1982
https://www.funda.nl/en/detail/koop/amsterdam/appartement-sausalitolaan-50/80816444/,1100000,1031 KE Amsterdam,130,50,4,3,1,2022
https://www.funda.nl/en/detail/koop/amsterdam/appartement-appartement-bouwnummer-263-bouwnr-263/43242479/,567722,1019 AK Amsterdam,63,70,3,2,1,2028
https://www.funda.nl/en/detail/koop/amsterdam/appartement-staringstraat-6-3/44475853/,850000,1054 VP Amsterdam,85,120,4,2,1,1904
https://www.funda.nl/en/detail/koop/amsterdam/appartement-jacob-catskade-45-2/44417500/,625000,1052 BV Amsterdam,70,160,3,2,1,1899
https://www.funda.nl/en/detail/koop/amsterdam/appartement-van-boshuizenstraat-501/80889003/,495000,1082 AT Amsterdam,66,160,2,1,1,1965
https://www.funda.nl/en/detail/koop/amsterdam/appartement-sumatrakade-1407/80856291/,850000,1019 RP Amsterdam,126,120,4,3,1,1996
https://www.funda.nl/en/detail/koop/amsterdam/appartement-lijnbaansgracht-165-h/44494536/,995000,1016 VX Amsterdam,183,160,4,2,1,1894
https://www.funda.nl/en/detail/koop/amsterdam/appartement-zuideinde-366-9/89619310/,790000,1035 PP Amsterdam,117,30,3,2,1,2020
https://www.funda.nl/en/detail/koop/amsterdam/appartement-gerard-doustraat-79-b/44457307/,300000,1072 VM Amsterdam,30,210,1,1,1,1906
https://www.funda.nl/en/detail/koop/amsterdam/appartement-vossiusstraat-31-h/43353291/,6200000,1071 AG Amsterdam,323,160,9,6,1,1905
https://www.funda.nl/en/detail/koop/amsterdam/appartement-van-hogendorpstraat-92-2/44452872/,400000,1051 BT Amsterdam,44,160,3,1,1,1900
https://www.funda.nl/en/detail/koop/amsterdam/appartement-singel-190-3/43117091/,895000,1016 AA Amsterdam,95,350,4,2,1,1730
https://www.funda.nl/en/detail/koop/amsterdam/appartement-krugerplein-22-2a/44425627/,350000,1091 KZ Amsterdam,31,210,2,1,1,1915
https://www.funda.nl/en/detail/koop/amsterdam/appartement-runstraat-14-2/44477242/,900000,1016 GK Amsterdam,141,120,7,5,1,1934
https://www.funda.nl/en/detail/koop/amsterdam/appartement-keizersgracht-223-a/44472643/,4100000,1016 DV Amsterdam,318,275,9,4,1,1620
https://www.funda.nl/en/detail/koop/amsterdam/appartement-haparandaweg-674/44418099/,1950000,1013 BD Amsterdam,183,90,5,4,1,2016
https://www.funda.nl/en/detail/koop/amsterdam/appartement-johan-hofmanstraat-332/43361385/,550000,1069 KE Amsterdam,111,90,4,3,1,2009
https://www.funda.nl/en/detail/koop/amsterdam/appartement-type-g-3-kamerappartement-bouwnr-a208/44452672/,419900,1069 EJ Amsterdam,61,50,3,2,1,2027
https://www.funda.nl/en/detail/koop/amsterdam/appartement-kerdijkhof-7/43303696/,475000,1067 MN Amsterdam,95,70,4,3,1,2008
https://www.funda.nl/en/detail/koop/amsterdam/appartement-biesboschstraat-55-2/44488120/,700000,1078 MN Amsterdam,76,210,3,2,1,1930
https://www.funda.nl/en/detail/koop/amsterdam/appartement-hoofdweg-342-1/80846803/,425000,1056 DB Amsterdam,56,160,3,2,1,1927
https://www.funda.nl/en/detail/koop/amsterdam/appartement-utrechtsedwarsstraat-46/43305854/,589000,1017 WG Amsterdam,63,120,3,1,1,2008
https://www.funda.nl/en/detail/koop/amsterdam/appartement-overtoom-467-a/44464116/,995000,1054 LE Amsterdam,94,50,4,3,1,1933
https://www.funda.nl/en/detail/koop/amsterdam/appartement-tweede-jan-van-der-heijdenstraat-30-h/44419391/,995000,1073 VJ Amsterdam,108,160,3,2,1,1906
https://www.funda.nl/en/detail/koop/amsterdam/appartement-type-a-bouwnr-205/43716708/,400000,1062 HE Amsterdam,50,10,2,1,1,2026
https://www.funda.nl/en/detail/koop/amsterdam/appartement-kolfschotenstraat-126/44493765/,360000,1104 PB Amsterdam,82,160,5,4,1,1984
https://www.funda.nl/en/detail/koop/amsterdam/appartement-menadostraat-35-b/80824159/,495000,1095 TH Amsterdam,69,90,3,2,1,1985
https://www.funda.nl/en/detail/koop/amsterdam/appartement-jacob-van-lennepkade-16-2/44457804/,465000,1053 MJ Amsterdam,49,160,2,1,1,1887
https://www.funda.nl/en/detail/koop/amsterdam/appartement-haardstee-94/43970324/,350000,1102 NE Amsterdam,83,275,4,3,1,1981
https://www.funda.nl/en/detail/koop/amsterdam/appartement-van-nijenrodeweg-158/43364954/,510000,1083 EK Amsterdam,87,210,3,2,1,1967
https://www.funda.nl/en/detail/koop/amsterdam/appartement-bos-en-lommerplein-97/43344453/,635000,1055 AD Amsterdam,96,90,3,2,1,2009
https://www.funda.nl/en/detail/koop/amsterdam/appartement-wittenburgergracht-5/44490505/,1095000,1018 MT Amsterdam,142,160,3,2,1,1670
https://www.funda.nl/en/detail/koop/amsterdam/appartement-radarweg-424/43290856/,880000,1043 NV Amsterdam,130,50,3,2,1,2022
https://www.funda.nl/en/detail/koop/amsterdam/appartement-3-kamersappartement-bouwnr-e0306/43344806/,520840,1068 MT Amsterdam,71,30,3,2,1,2026
https://www.funda.nl/en/detail/koop/amsterdam/appartement-olympiaweg-28-1/44490108/,469000,1076 VX Amsterdam,47,90,2,1,1,1926
https://www.funda.nl/en/detail/koop/amsterdam/appartement-noorderakerweg-90-f/43152311/,489000,1069 LW Amsterdam,88,120,2,1,1,2002
https://www.funda.nl/en/detail/koop/amsterdam/appartement-jan-pieter-heijestraat-136-2/44489585/,499000,1054 MJ Amsterdam,51,210,3,2,1,1918
https://www.funda.nl/en/detail/koop/amsterdam/appartement-valeriusplein-9-b1/44484087/,4475000,1075 BG Amsterdam,194,90,6,2,1,2020
https://www.funda.nl/en/detail/koop/amsterdam/appartement-radarweg-368/80813087/,950000,1043 NV Amsterdam,101,50,3,2,1,2023
https://www.funda.nl/en/detail/koop/amsterdam/appartement-sint-pietershalsteeg-4/44450127/,750000,1012 GL Amsterdam,88,90,3,2,1,1980
https://www.funda.nl/en/detail/koop/amsterdam/appartement-libau-eiland-27/43302578/,397877,1014 ZK Amsterdam,37,50,1,1,1,2025
https://www.funda.nl/en/detail/koop/amsterdam/appartement-eef-kamerbeekstraat-402/44425561/,575000,1095 MP Amsterdam,81,50,3,2,1,2021
https://www.funda.nl/en/detail/koop/amsterdam/appartement-griseldestraat-30-4/80825879/,575000,1055 AX Amsterdam,62,90,3,2,1,1940
https://www.funda.nl/en/detail/koop/amsterdam/appartement-steve-bikoplein-7-4/44429095/,575000,1092 GM Amsterdam,72,160,3,2,1,1910
https://www.funda.nl/en/detail/koop/amsterdam/appartement-barajasweg-74/43151166/,875000,1043 CP Amsterdam,147,50,5,3,1,2023
https://www.funda.nl/en/detail/koop/amsterdam/appartement-christoffelkruidstraat-82/80852411/,995000,1032 LK Amsterdam,133,50,4,3,1,2017
https://www.funda.nl/en/detail/koop/amsterdam/appartement-westlandgracht-191-h/44495267/,695000,1059 TL Amsterdam,72,160,3,2,1,1933
https://www.funda.nl/en/detail/koop/amsterdam/appartement-tweede-weteringdwarsstraat-44-1/44404279/,435000,1017 SX Amsterdam,45,160,2,1,1,1929
https://www.funda.nl/en/detail/koop/amsterdam/appartement-driekamerappartement-bouwnr-33/43360572/,636000,1087 LA Amsterdam,106,30,3,2,1,2027
https://www.funda.nl/en/detail/koop/amsterdam/appartement-entrepothof-24/44492731/,525000,1019 DH Amsterdam,79,120,3,2,1,1992
https://www.funda.nl/en/detail/koop/amsterdam/appartement-cortado-penthouse-bouwnr-512/43205419/,1109000,1064 AB Amsterdam,159,70,5,4,1,2028
https://www.funda.nl/en/detail/koop/amsterdam/appartement-middenweg-410/44470957/,375000,1097 VB Amsterdam,48,275,2,1,1,1925
https://www.funda.nl/en/detail/koop/amsterdam/appartement-2-kamer-appartement-bouwnr-383/43276244/,370370,1102 AK Amsterdam,48,50,2,1,1,2020
https://www.funda.nl/en/detail/koop/amsterdam/appartement-bessemerstraat-80/80842368/,595000,1097 AN Amsterdam,87,450,4,3,1,1981
https://www.funda.nl/en/detail/koop/amsterdam/appartement-hogehilweg-12-b66/43381390/,767000,1101 CD Amsterdam,114,50,3,2,1,2026
https://www.funda.nl/en/detail/koop/amsterdam/appartement-cortado-urban-80-95-bouwnr-509/43206210/,609000,1064 AB Amsterdam,83,50,4,3,1,2028
https://www.funda.nl/en/detail/koop/amsterdam/appartement-quellijnstraat-88-2/44462908/,475000,1072 XX Amsterdam,50,210,1,1,1,1879
https://www.funda.nl/en/detail/koop/amsterdam/appartement-prinsengracht-48-c/44472775/,425000,1015 DW Amsterdam,49,120,2,1,1,1984
https://www.funda.nl/en/detail/koop/amsterdam/appartement-jan-van-eijckstraat-8-3/44471661/,690000,1077 LJ Amsterdam,75,90,3,2,1,1928
https://www.funda.nl/en/detail/koop/amsterdam/appartement-krimpertplein-22/44414938/,325000,1104 PH Amsterdam,70,120,3,2,1,1984
https://www.funda.nl/en/detail/koop/amsterdam/appartement-4-kamersappartement-bouwnr-e0002/43344808/,650840,1068 MT Amsterdam,82,30,4,3,1,2026
https://www.funda.nl/en/detail/koop/amsterdam/appartement-raden-adjeng-kartinistraat-15/44402338/,500000,1103 MG Amsterdam,110,70,4,3,1,1999
https://www.funda.nl/en/detail/koop/amsterdam/appartement-grote-ruwenberg-25-2/44495876/,450000,1083 BS Amsterdam,64,160,3,2,1,1959
https://www.funda.nl/en/detail/koop/amsterdam/appartement-oogststraat-3-h/80846585/,425000,1097 ZR Amsterdam,57,160,3,2,1,1960
https://www.funda.nl/en/detail/koop/amsterdam/appartement-stadswoning-bouwnummer-6-bouwnr-6/43143749/,910063,1019 AK Amsterdam,116,70,3,2,1,2028
https://www.funda.nl/en/detail/koop/amsterdam/appartement-akersingel-148/89764280/,445000,1060 NK Amsterdam,93,90,4,3,1,1996
https://www.funda.nl/en/detail/koop/amsterdam/appartement-nachtwachtlaan-62/89660190/,425000,1058 EB Amsterdam,58,90,2,1,1,1972
https://www.funda.nl/en/detail/koop/amsterdam/appartement-hectorstraat-28-h/43324670/,750000,1076 PS Amsterdam,76,160,3,2,1,1930
https://www.funda.nl/en/detail/koop/amsterdam/appartement-sarphatipark-110-2/44493792/,675000,1073 EC Amsterdam,68,160,4,1,1,1892
https://www.funda.nl/en/detail/koop/amsterdam/appartement-teslastraat-27/43342889/,695000,1098 VD Amsterdam,104,90,4,3,1,1994
https://www.funda.nl/en/detail/koop/amsterdam/appartement-dirk-van-hasseltssteeg-30-a/43307308/,600000,1012 NE Amsterdam,84,160,3,2,1,1994
https://www.funda.nl/en/detail/koop/amsterdam/appartement-kuipersstraat-87-b/80889657/,649000,1074 EJ Amsterdam,73,120,3,2,1,1985
https://www.funda.nl/en/detail/koop/amsterdam/appartement-churchill-laan-51-a/44475415/,1195000,1078 DG Amsterdam,110,160,4,3,1,1927
https://www.funda.nl/en/detail/koop/amsterdam/appartement-van-ostadestraat-86-3/44493481/,925000,1072 TB Amsterdam,103,90,3,2,1,1905
https://www.funda.nl/en/detail/koop/amsterdam/appartement-het-breed-911/89786444/,450000,1025 JG Amsterdam,110,160,3,1,1,1972
https://www.funda.nl/en/detail/koop/amsterdam/appartement-rinus-michelslaan-211/89510658/,895000,1061 MB Amsterdam,132,70,4,3,1,2021
https://www.funda.nl/en/detail/koop/amsterdam/appartement-city-lofts-bouwnr-15/44467386/,447994,1095 PG Amsterdam,52,30,2,1,1,2027
https://www.funda.nl/en/detail/koop/amsterdam/appartement-nicolaas-anslijnstraat-160/43320780/,349000,1068 WZ Amsterdam,80,160,3,2,1,1963
https://www.funda.nl/en/detail/koop/amsterdam/appartement-houtmankade-10-h/43339778/,1075000,1013 MX Amsterdam,146,120,4,3,1,1938
https://www.funda.nl/en/detail/koop/amsterdam/appartement-eef-kamerbeekstraat-526/43399596/,539000,1095 MP Amsterdam,82,90,3,2,1,2019
https://www.funda.nl/en/detail/koop/amsterdam/appartement-van-speijkstraat-129-h/43334384/,1150000,1057 GT Amsterdam,166,120,5,3,1,1924
https://www.funda.nl/en/detail/koop/amsterdam/appartement-slaakstraat-12-4b/43101941/,500000,1078 BD Amsterdam,53,120,3,1,1,1929
https://www.funda.nl/en/detail/koop/amsterdam/appartement-parkvilla-8-3-en-4-kamer-appartement-nori-bouwnr-17/44405576/,644000,1022 LA Amsterdam,103,30,4,3,1,2020
https://www.funda.nl/en/detail/koop/amsterdam/appartement-zocherstraat-23-f/44492392/,1350000,1054 LR Amsterdam,119,90,3,2,1,1923
https://www.funda.nl/en/detail/koop/amsterdam/appartement-churchill-laan-63-c/44478766/,639000,1078 DH Amsterdam,75,160,4,3,1,1927
https://www.funda.nl/en/detail/koop/amsterdam/appartement-bestevaerstraat-241-h/44475723/,625000,1055 TN Amsterdam,86,120,2,1,1,1934
https://www.funda.nl/en/detail/koop/amsterdam/appartement-revaleiland-53/44463641/,795000,1014 ZG Amsterdam,109,70,4,3,1,2019
https://www.funda.nl/en/detail/koop/amsterdam/appartement-lijnbaansgracht-322-h/44426371/,900000,1017 XA Amsterdam,92,120,3,2,1,1893
https://www.funda.nl/en/detail/koop/amsterdam/appartement-banstraat-54-3/44463624/,1595000,1071 KB Amsterdam,151,120,4,3,1,1925
https://www.funda.nl/en/detail/koop/amsterdam/appartement-nicolaas-witsenkade-30-b/43311772/,2245000,1017 ZT Amsterdam,191,120,7,3,1,1906
https://www.funda.nl/en/detail/koop/amsterdam/appartement-tweede-oosterparkstraat-310/80874150/,775000,1092 BV Amsterdam,93,120,4,3,1,1998
https://www.funda.nl/en/detail/koop/amsterdam/appartement-jacob-van-lennepstraat-36-3a/43346384/,350000,1053 HK Amsterdam,32,90,1,1,1,1881
https://www.funda.nl/en/detail/koop/amsterdam/appartement-nassaukade-76-h/43313790/,1750000,1052 CS Amsterdam,181,120,5,3,1,1881
https://www.funda.nl/en/detail/koop/amsterdam/appartement-nieuwe-nieuwstraat-25-2/43390441/,425000,1012 NG Amsterdam,50,450,3,1,1,1789
https://www.funda.nl/en/detail/koop/amsterdam/appartement-commelinstraat-40/43346548/,490000,1093 TV Amsterdam,51,90,2,1,1,1994
https://www.funda.nl/en/detail/koop/amsterdam/appartement-obiplein-51/44416198/,550000,1094 RB Amsterdam,84,120,4,3,1,1981
https://www.funda.nl/en/detail/koop/amsterdam/appartement-matrozenhof-35/80869532/,500000,1018 ZP Amsterdam,64,120,2,1,1,1989
https://www.funda.nl/en/detail/koop/amsterdam/appartement-eerste-jan-van-der-heijdenstraat-118-1/43344847/,625000,1072 VB Amsterdam,62,160,3,2,1,1892
https://www.funda.nl/en/detail/koop/amsterdam/appartement-zeeburgerpad-46-f/44406893/,700000,1019 AB Amsterdam,88,30,3,2,1,2026
https://www.funda.nl/en/detail/koop/amsterdam/appartement-nassaukade-352-1/80867201/,650000,1053 LZ Amsterdam,75,160,3,2,1,1881
https://www.funda.nl/en/detail/koop/amsterdam/appartement-jan-maijenstraat-21-2/80867806/,449000,1056 SE Amsterdam,50,210,2,1,1,1925
https://www.funda.nl/en/detail/koop/amsterdam/appartement-2-kamer-appartement-bouwnr-336/43276234/,350370,1102 AK Amsterdam,48,50,2,1,1,2020
https://www.funda.nl/en/detail/koop/amsterdam/appartement-vierkamer-hoekappartement-bouwnr-12/43732552/,680000,1087 VA Amsterdam,103,50,4,3,1,2026
https://www.funda.nl/en/detail/koop/amsterdam/appartement-esplanade-de-meer-122/80843151/,645000,1098 WN Amsterdam,96,120,3,2,1,2001
https://www.funda.nl/en/detail/koop/amsterdam/appartement-uithoornstraat-27-h/43348590/,1385000,1078 ST Amsterdam,150,90,4,3,1,1922
https://www.funda.nl/en/detail/koop/amsterdam/appartement-waldeck-pyrmontlaan-4-h/43186978/,2840000,1075 BV Amsterdam,195,90,4,3,1,1913
https://www.funda.nl/en/detail/koop/amsterdam/appartement-de-egmondenstraat-205/43349077/,375000,1024 SH Amsterdam,77,160,5,3,1,1966
https://www.funda.nl/en/detail/koop/amsterdam/appartement-3-kamersappartement-bouwnr-d0405/43344896/,520840,1068 MT Amsterdam,71,30,3,2,1,2026
https://www.funda.nl/en/detail/koop/amsterdam/appartement-leksmondhof-254/89682994/,399000,1108 EZ Amsterdam,110,90,4,3,1,1979
https://www.funda.nl/en/detail/koop/amsterdam/appartement-van-breestraat-142-h/44400228/,2995000,1071 ZW Amsterdam,224,90,8,5,1,1901
https://www.funda.nl/en/detail/koop/amsterdam/appartement-parkvilla-8-3-en-4-kamer-appartement-nori-bouwnr-4/44405579/,644000,1022 LA Amsterdam,104,50,3,2,1,2020
https://www.funda.nl/en/detail/koop/amsterdam/appartement-jacob-catskade-51-1/43341894/,650000,1052 BV Amsterdam,67,120,4,3,1,1903
https://www.funda.nl/en/detail/koop/amsterdam/appartement-hoofddorpplein-17-3/44499277/,850000,1059 CV Amsterdam,103,120,3,2,1,1928
https://www.funda.nl/en/detail/koop/amsterdam/appartement-van-heenvlietlaan-284-a/43236261/,325000,1083 CN Amsterdam,36,210,1,1,1,1977
https://www.funda.nl/en/detail/koop/amsterdam/appartement-fagelstraat-53-1/43380777/,300000,1052 EZ Amsterdam,28,350,2,1,1,1879
https://www.funda.nl/en/detail/koop/amsterdam/appartement-van-spilbergenstraat-139-1/44415117/,420000,1057 RD Amsterdam,50,210,3,2,1,1924
https://www.funda.nl/en/detail/koop/amsterdam/appartement-juliana-van-stolbergstraat-49-2/44451056/,500000,1055 RL Amsterdam,55,90,3,2,1,1937
https://www.funda.nl/en/detail/koop/amsterdam/appartement-marnixstraat-265-h/44483478/,629000,1015 WJ Amsterdam,79,160,4,3,1,1899
https://www.funda.nl/en/detail/koop/amsterdam/appartement-looiersgracht-83/44473560/,1000000,1016 WC Amsterdam,130,90,6,4,1,1990
https://www.funda.nl/en/detail/koop/amsterdam/appartement-onsenoort-52/89768529/,475000,1083 BW Amsterdam,80,160,3,2,1,1968
https://www.funda.nl/en/detail/koop/amsterdam/appartement-andreasplein-55/43225678/,960000,1058 GD Amsterdam,116,70,4,3,1,2009
https://www.funda.nl/en/detail/koop/amsterdam/appartement-gustav-mahlerlaan-278/43690703/,4850000,1082 ME Amsterdam,500,90,8,4,1,2008
https://www.funda.nl/en/detail/koop/amsterdam/appartement-type-a-bouwnr-515/43716757/,410000,1062 HE Amsterdam,50,10,2,1,1,2026
https://www.funda.nl/en/detail/koop/amsterdam/appartement-van-ostadestraat-7-3/44452016/,475000,1072 SL Amsterdam,54,210,2,1,1,1906
https://www.funda.nl/en/detail/koop/amsterdam/appartement-4-kamerappartement-bouwnr-e0001/44478901/,630000,1068 MT Amsterdam,82,30,4,3,1,2026
https://www.funda.nl/en/detail/koop/amsterdam/appartement-sophialaan-23-a/44495262/,1650000,1075 BL Amsterdam,125,160,4,2,2,1894
https://www.funda.nl/en/detail/koop/amsterdam/appartement-appartement-bouwnummer-34-bouwnr-34/43143894/,635284,1019 AK Amsterdam,77,70,3,2,1,2028
https://www.funda.nl/en/detail/koop/amsterdam/appartement-achillesstraat-113-2/89759991/,475000,1076 RA Amsterdam,53,210,3,2,1,1930
https://www.funda.nl/en/detail/koop/amsterdam/appartement-willem-de-zwijgerlaan-29-1/43293201/,465000,1056 JE Amsterdam,60,210,2,1,1,1939
https://www.funda.nl/en/detail/koop/amsterdam/appartement-bloemgracht-197-h/44497094/,1125000,1016 KP Amsterdam,106,90,4,3,1,1906
https://www.funda.nl/en/detail/koop/amsterdam/appartement-pieter-calandlaan-369/80836274/,375000,1068 NJ Amsterdam,80,120,5,3,1,1965
https://www.funda.nl/en/detail/koop/amsterdam/appartement-gaasterlandstraat-238/80862619/,1495000,1079 RH Amsterdam,146,90,4,3,1,2020
https://www.funda.nl/en/detail/koop/amsterdam/appartement-ceintuurbaan-460/43316931/,775000,1074 EC Amsterdam,88,90,4,2,1,2000
https://www.funda.nl/en/detail/koop/amsterdam/appartement-solitudolaan-264/44409127/,2995000,1096 DS Amsterdam,250,90,5,4,1,2019
https://www.funda.nl/en/detail/koop/amsterdam/appartement-fazantenweg-71/44428445/,475000,1021 HL Amsterdam,73,210,3,2,1,1926
https://www.funda.nl/en/detail/koop/amsterdam/appartement-marco-polostraat-255-3/44487545/,425000,1056 DM Amsterdam,48,450,3,2,1,1926
https://www.funda.nl/en/detail/koop/amsterdam/appartement-kleiburg-945/89793344/,295000,1104 EA Amsterdam,60,90,2,1,1,2015
https://www.funda.nl/en/detail/koop/amsterdam/appartement-jacob-geelstraat-23/89604915/,425000,1065 VM Amsterdam,50,30,2,1,1,2020
https://www.funda.nl/en/detail/koop/amsterdam/appartement-vondelstraat-108-a/43987246/,2850000,1054 GR Amsterdam,219,450,8,7,1,1882
https://www.funda.nl/en/detail/koop/amsterdam/appartement-rooseveltlaan-81-3/43316708/,995000,1079 AE Amsterdam,200,275,9,7,1,1928
https://www.funda.nl/en/detail/koop/amsterdam/appartement-tussen-meer-190/89790073/,345000,1069 DV Amsterdam,83,120,3,3,1,1961
https://www.funda.nl/en/detail/koop/amsterdam/appartement-rozengracht-67-a/44483522/,825000,1016 LT Amsterdam,86,90,2,1,1,1992
https://www.funda.nl/en/detail/koop/amsterdam/appartement-chestertonlaan-33/44404978/,310000,1102 XT Amsterdam,70,160,2,1,1,1984
https://www.funda.nl/en/detail/koop/amsterdam/appartement-eerste-kostverlorenkade-6-2/43336597/,570000,1052 EL Amsterdam,69,160,3,2,1,1922
https://www.funda.nl/en/detail/koop/amsterdam/appartement-reinier-claeszenstraat-88-3/44429916/,485000,1056 WR Amsterdam,60,210,2,2,1,1925
https://www.funda.nl/en/detail/koop/amsterdam/appartement-dickenslaan-73/44495354/,300000,1102 XP Amsterdam,72,90,3,2,1,1984
https://www.funda.nl/en/detail/koop/amsterdam/appartement-zinranapad-211/42059564/,968000,1096 GV Amsterdam,97,30,3,2,1,2020
https://www.funda.nl/en/detail/koop/amsterdam/appartement-orange-polly-bouwnr-109/43169653/,380000,1032 KN Amsterdam,43,30,2,1,1,2025
https://www.funda.nl/en/detail/koop/amsterdam/appartement-hiraistraat-5-b102/43249745/,595000,1101 DA Amsterdam,81,50,3,2,1,2020
https://www.funda.nl/en/detail/koop/amsterdam/appartement-funenpark-209/44428102/,1100000,1018 AK Amsterdam,142,70,3,2,1,2002
https://www.funda.nl/en/detail/koop/amsterdam/appartement-surinameplein-82-3/44406047/,675000,1058 GT Amsterdam,77,160,5,3,1,1935
https://www.funda.nl/en/detail/koop/amsterdam/appartement-3-kamersappartement-bouwnr-d0305/43344887/,510840,1068 MT Amsterdam,71,30,3,2,1,2026
https://www.funda.nl/en/detail/koop/amsterdam/appartement-jacob-van-lennepkade-293-4/43101688/,585000,1054 ZV Amsterdam,67,120,3,2,1,1905
https://www.funda.nl/en/detail/koop/amsterdam/appartement-veeteeltstraat-113-b/44410627/,450000,1097 WS Amsterdam,79,210,3,2,1,1924
https://www.funda.nl/en/detail/koop/amsterdam/appartement-de-lierhof-48/80867569/,650000,1059 WE Amsterdam,82,90,3,2,1,2000
https://www.funda.nl/en/detail/koop/amsterdam/appartement-van-hogendorpstraat-899/44409698/,579000,1051 CE Amsterdam,63,90,3,2,1,1923
https://www.funda.nl/en/detail/koop/amsterdam/appartement-wilhelminastraat-165-1/44464466/,525000,1054 WD Amsterdam,49,210,4,1,1,1905
https://www.funda.nl/en/detail/koop/amsterdam/appartement-wilhelminastraat-117-3/44409366/,975000,1054 WB Amsterdam,110,120,4,3,2,1906
https://www.funda.nl/en/detail/koop/amsterdam/appartement-onstein-134/44462502/,469000,1082 KM Amsterdam,77,275,4,2,1,1971
https://www.funda.nl/en/detail/koop/amsterdam/appartement-granidastraat-78-h/44482071/,350000,1055 HP Amsterdam,42,350,2,1,1,1941
https://www.funda.nl/en/detail/koop/amsterdam/appartement-tussen-meer-110/80854261/,375000,1069 DT Amsterdam,84,160,5,4,1,1961
https://www.funda.nl/en/detail/koop/amsterdam/appartement-driekamerappartement-bouwnr-28/43360575/,632200,1087 LA Amsterdam,109,30,3,2,1,2027
https://www.funda.nl/en/detail/koop/amsterdam/appartement-van-speijkstraat-139-2/44405402/,500000,1057 GW Amsterdam,64,210,4,3,1,1924
https://www.funda.nl/en/detail/koop/amsterdam/appartement-van-neckstraat-29/80836043/,385000,1013 PJ Amsterdam,43,160,2,1,1,1915
https://www.funda.nl/en/detail/koop/amsterdam/appartement-erich-salomonstraat-128/44419401/,625000,1087 EH Amsterdam,105,90,3,2,1,2010
https://www.funda.nl/en/detail/koop/amsterdam/appartement-3-kamersappartement-bouwnr-d0403/43344892/,520840,1068 MT Amsterdam,71,30,3,2,1,2026
https://www.funda.nl/en/detail/koop/amsterdam/appartement-kleiburg-742/44478882/,375000,1104 EA Amsterdam,99,90,5,4,1,2016
https://www.funda.nl/en/detail/koop/amsterdam/appartement-ijburglaan-1445/89513340/,725000,1087 KH Amsterdam,139,70,4,3,1,2004
https://www.funda.nl/en/detail/koop/amsterdam/appartement-maisonnette-bouwnr-d0006/43344816/,655840,1068 MT Amsterdam,98,30,4,3,1,2026
https://www.funda.nl/en/detail/koop/amsterdam/appartement-heathrowstraat-386/44403078/,1075000,1043 CH Amsterdam,120,30,4,3,1,2024
https://www.funda.nl/en/detail/koop/amsterdam/appartement-3-kamersappartement-bouwnr-e0404/43344811/,530840,1068 MT Amsterdam,71,30,3,2,1,2026
https://www.funda.nl/en/detail/koop/amsterdam/appartement-mauvestraat-56-2/44494335/,735000,1073 RN Amsterdam,114,275,4,2,1,1923
https://www.funda.nl/en/detail/koop/amsterdam/appartement-nieuwe-laan-4-b/44457979/,300000,1068 BZ Amsterdam,46,90,2,1,1,2018
https://www.funda.nl/en/detail/koop/amsterdam/appartement-terrasappartement-bouwnr-49/43053807/,700000,1061 AV Amsterdam,83,30,3,2,1,2027
https://www.funda.nl/en/detail/koop/amsterdam/appartement-lange-leidsedwarsstraat-105-2/44462174/,950000,1017 NJ Amsterdam,92,160,2,1,1,1968
https://www.funda.nl/en/detail/koop/amsterdam/appartement-terrasappartement-bouwnr-41/43053898/,935000,1061 AV Amsterdam,109,30,4,3,1,2027
https://www.funda.nl/en/detail/koop/amsterdam/appartement-appartement-bouwnummer-190-bouwnr-190/43241184/,665286,1019 AK Amsterdam,77,70,3,2,1,2028
https://www.funda.nl/en/detail/koop/amsterdam/appartement-kuipersstraat-149-a2/44454740/,500000,1073 ER Amsterdam,51,90,3,2,1,2006
https://www.funda.nl/en/detail/koop/amsterdam/appartement-gamerenstraat-61-b/80864046/,385000,1087 VN Amsterdam,55,30,2,1,1,2022
https://www.funda.nl/en/detail/koop/amsterdam/appartement-legmeerstraat-24-h/44454653/,525000,1058 NE Amsterdam,60,160,2,1,1,1931
https://www.funda.nl/en/detail/koop/amsterdam/appartement-bos-en-lommerplein-30/44414895/,525000,1055 EK Amsterdam,81,90,3,2,1,2003
https://www.funda.nl/en/detail/koop/amsterdam/appartement-van-spilbergenstraat-163-3/43389559/,545000,1057 RE Amsterdam,65,350,3,2,1,1937
https://www.funda.nl/en/detail/koop/amsterdam/appartement-vianenstraat-1/44499891/,440000,1106 DB Amsterdam,123,160,5,3,1,1983
https://www.funda.nl/en/detail/koop/amsterdam/appartement-nicolaas-beetsplantsoen-10/44407030/,650000,1053 GV Amsterdam,72,90,3,2,1,1989
https://www.funda.nl/en/detail/koop/amsterdam/appartement-pretoriusstraat-89-2/43304202/,535000,1092 GD Amsterdam,65,120,3,2,1,1914
https://www.funda.nl/en/detail/koop/amsterdam/appartement-blasiusstraat-113-3/80883325/,535000,1091 CP Amsterdam,57,210,2,1,1,1954
https://www.funda.nl/en/detail/koop/amsterdam/appartement-terrasappartementen-fase-2-bouwnr-0410-l1/43326373/,435000,1096 BN Amsterdam,47,50,2,1,1,2026
https://www.funda.nl/en/detail/koop/amsterdam/appartement-stolwijkstraat-62-1/89579205/,495000,1059 XZ Amsterdam,59,160,3,2,1,1929
https://www.funda.nl/en/detail/koop/amsterdam/appartement-gerrit-van-der-veenstraat-132-h/44499375/,1695000,1077 ES Amsterdam,148,160,5,4,1,1927
https://www.funda.nl/en/detail/koop/amsterdam/appartement-funenpark-547/43302029/,745000,1018 AK Amsterdam,82,90,3,2,1,2007
https://www.funda.nl/en/detail/koop/amsterdam/appartement-pieter-langendijkstraat-18-2/80884960/,500000,1054 ZA Amsterdam,50,160,2,1,1,1930
https://www.funda.nl/en/detail/koop/amsterdam/appartement-marnixkade-28-2/44413439/,500000,1015 XP Amsterdam,59,90,3,2,1,1905
https://www.funda.nl/en/detail/koop/amsterdam/appartement-middenweg-426/44498944/,375000,1097 VC Amsterdam,48,210,2,1,1,1929
https://www.funda.nl/en/detail/koop/amsterdam/appartement-stadionweg-164-4/44461598/,850000,1077 TB Amsterdam,84,210,3,2,1,1957
https://www.funda.nl/en/detail/koop/amsterdam/appartement-valkenburgerstraat-186-a/44421655/,725000,1011 NC Amsterdam,94,90,3,2,1,2007
https://www.funda.nl/en/detail/koop/amsterdam/appartement-appartement-bouwnummer-94-bouwnr-94/43143834/,680382,1019 AK Amsterdam,82,70,3,2,1,2028
https://www.funda.nl/en/detail/koop/amsterdam/appartement-haarlemmerdijk-24-2/80833305/,625000,1013 JD Amsterdam,68,160,3,2,1,1805
https://www.funda.nl/en/detail/koop/amsterdam/appartement-toutenburgstraat-30/44490693/,375000,1107 PT Amsterdam,81,120,3,2,1,1984
https://www.funda.nl/en/detail/koop/amsterdam/appartement-vechtstraat-166-1/43319543/,450000,1079 JT Amsterdam,54,120,2,1,1,1934
https://www.funda.nl/en/detail/koop/amsterdam/appartement-nieuwpoortstraat-106-3/43347893/,400000,1055 RZ Amsterdam,48,450,3,2,1,1934
https://www.funda.nl/en/detail/koop/amsterdam/appartement-brouwersgracht-60-b/44414935/,1750000,1013 GX Amsterdam,186,160,7,5,1,1772
https://www.funda.nl/en/detail/koop/amsterdam/appartement-hendrik-de-bruynstraat-16-1/89716514/,385000,1065 EE Amsterdam,73,450,3,2,1,1960
https://www.funda.nl/en/detail/koop/amsterdam/appartement-anjeliersstraat-4-d/80881242/,520000,1015 NH Amsterdam,56,160,3,2,1,1985
https://www.funda.nl/en/detail/koop/amsterdam/appartement-surinameplein-2-1/44487468/,699000,1058 GP Amsterdam,80,210,3,2,2,1956
https://www.funda.nl/en/detail/koop/amsterdam/appartement-van-spilbergenstraat-48-1/44411750/,595000,1057 RJ Amsterdam,78,120,4,2,1,1924
https://www.funda.nl/en/detail/koop/amsterdam/appartement-de-klencke-103-a/43392047/,670000,1083 HH Amsterdam,74,90,3,2,1,2017
https://www.funda.nl/en/detail/koop/amsterdam/appartement-th-k-van-lohuizenlaan-234/44493650/,750000,1095 DW Amsterdam,105,90,3,2,1,2005
https://www.funda.nl/en/detail/koop/amsterdam/appartement-wolvenstraat-19-2/80813888/,750000,1016 EN Amsterdam,89,160,4,3,1,1906
https://www.funda.nl/en/detail/koop/amsterdam/appartement-van-nijenrodeweg-488/43331703/,495000,1082 HN Amsterdam,87,90,5,4,1,1965
https://www.funda.nl/en/detail/koop/amsterdam/appartement-johannes-verhulststraat-24-2/44489424/,1200000,1071 ND Amsterdam,92,90,2,1,1,1904
https://www.funda.nl/en/detail/koop/amsterdam/appartement-van-ostadestraat-58-2/44421927/,445000,1072 TA Amsterdam,45,120,2,1,1,1901
https://www.funda.nl/en/detail/koop/amsterdam/appartement-hoogoord-50-a/89712434/,450000,1102 CB Amsterdam,138,90,6,4,1,1995
https://www.funda.nl/en/detail/koop/amsterdam/appartement-oudezijds-achterburgwal-169-a/44401235/,460000,1012 DH Amsterdam,45,90,2,1,1,1906
https://www.funda.nl/en/detail/koop/amsterdam/appartement-bestevaerstraat-193-h/44426397/,500000,1055 TL Amsterdam,64,160,3,2,1,1925
https://www.funda.nl/en/detail/koop/amsterdam/appartement-baarsjesweg-165-1/44429493/,400000,1057 HN Amsterdam,48,275,3,2,1,1925
https://www.funda.nl/en/detail/koop/amsterdam/appartement-prinseneiland-77-3/44460548/,997500,1013 LM Amsterdam,144,160,3,2,1,1906
https://www.funda.nl/en/detail/koop/amsterdam/appartement-recht-boomssloot-42-b/44478645/,525000,1011 EC Amsterdam,60,160,2,1,1,1633
https://www.funda.nl/en/detail/koop/amsterdam/appartement-liftado-waterfront-95-100-bouwnr-532/43294187/,723000,1064 AB Amsterdam,95,50,3,2,1,2028
https://www.funda.nl/en/detail/koop/amsterdam/appartement-oetewalerstraat-44-1/43323026/,450000,1093 JV Amsterdam,37,90,3,2,1,1887
https://www.funda.nl/en/detail/koop/amsterdam/appartement-van-oldenbarneveldtstraat-28-3/44484159/,699000,1052 KB Amsterdam,105,275,4,3,1,1884
https://www.funda.nl/en/detail/koop/amsterdam/appartement-fagelstraat-36-2/89775825/,449500,1052 GD Amsterdam,45,160,2,1,1,1902
https://www.funda.nl/en/detail/koop/amsterdam/appartement-bronckhorststraat-46-1/43333490/,700000,1071 WV Amsterdam,81,160,4,2,1,1923
https://www.funda.nl/en/detail/koop/amsterdam/appartement-saxen-weimarlaan-41-c/44475127/,1225000,1075 BZ Amsterdam,104,90,3,2,1,1910
https://www.funda.nl/en/detail/koop/amsterdam/appartement-insulindeweg-5-b/44491799/,675000,1094 NW Amsterdam,84,70,3,2,1,2015
https://www.funda.nl/en/detail/koop/amsterdam/appartement-tip-maruggstraat-1-c1/80866387/,550000,1087 VR Amsterdam,93,30,3,2,1,2022
https://www.funda.nl/en/detail/koop/amsterdam/appartement-hugo-de-grootkade-14-3/44494922/,745000,1052 LR Amsterdam,88,120,3,2,1,1906
https://www.funda.nl/en/detail/koop/amsterdam/appartement-badhuiskade-45/44482505/,998000,1031 KV Amsterdam,131,10,3,2,1,2021
https://www.funda.nl/en/detail/koop/amsterdam/appartement-brouwersgracht-657/44410095/,450000,1015 GJ Amsterdam,47,350,2,1,1,1928
https://www.funda.nl/en/detail/koop/amsterdam/appartement-uithoornstraat-3-h/44465903/,700000,1078 SR Amsterdam,83,160,4,2,1,1922
https://www.funda.nl/en/detail/koop/amsterdam/appartement-terrasappartement-bouwnr-18/43051980/,632500,1061 AV Amsterdam,80,30,3,2,1,2027
https://www.funda.nl/en/detail/koop/amsterdam/appartement-jisperveldstraat-55/44467123/,549000,1024 AB Amsterdam,101,160,4,2,1,1967
https://www.funda.nl/en/detail/koop/amsterdam/appartement-erich-salomonstraat-6/44459466/,525000,1087 BC Amsterdam,95,70,3,2,1,2006
https://www.funda.nl/en/detail/koop/amsterdam/appartement-stadswoning-bouwnummer-14-bouwnr-14/43143874/,910600,1019 AK Amsterdam,110,70,4,3,1,2028
https://www.funda.nl/en/detail/koop/amsterdam/appartement-3-kamersappartement-bouwnr-d0303/43344895/,510840,1068 MT Amsterdam,71,30,3,2,1,2026
https://www.funda.nl/en/detail/koop/amsterdam/appartement-oostzaanstraat-90/44472253/,525000,1013 WN Amsterdam,76,275,4,2,1,1915
https://www.funda.nl/en/detail/koop/amsterdam/appartement-plantage-middenlaan-8-d/80843124/,1580000,1018 DD Amsterdam,154,120,5,3,1,1905
https://www.funda.nl/en/detail/koop/amsterdam/appartement-zwanebloemlaan-106/44403541/,675000,1087 EP Amsterdam,104,90,5,3,1,2004
https://www.funda.nl/en/detail/koop/amsterdam/appartement-anna-spenglerstraat-6/44405501/,530000,1054 NK Amsterdam,62,120,2,1,1,1987
https://www.funda.nl/en/detail/koop/amsterdam/appartement-nieuwevaartweg-3/43321751/,450000,1019 AL Amsterdam,54,50,2,1,1,2021
https://www.funda.nl/en/detail/koop/amsterdam/appartement-oeverpad-167/43374187/,450000,1068 PH Amsterdam,81,90,3,2,1,2007
https://www.funda.nl/en/detail/koop/amsterdam/appartement-groenhoven-436/44463837/,365000,1103 LM Amsterdam,108,210,5,4,1,1975
https://www.funda.nl/en/detail/koop/amsterdam/appartement-soesterberghof-101/44453003/,375000,1107 GS Amsterdam,84,160,4,3,1,1982
https://www.funda.nl/en/detail/koop/amsterdam/appartement-amstelkade-70-2/44495037/,925000,1078 AL Amsterdam,122,160,5,3,1,1924
https://www.funda.nl/en/detail/koop/amsterdam/appartement-curacaostraat-103-h/44410941/,550000,1058 BS Amsterdam,56,160,2,1,1,1935
https://www.funda.nl/en/detail/koop/amsterdam/appartement-bankastraat-59-e/44410274/,525000,1094 EC Amsterdam,62,210,3,2,1,1912
https://www.funda.nl/en/detail/koop/amsterdam/appartement-cornelis-vermuydenstraat-16/44466720/,595000,1018 RN Amsterdam,69,70,3,2,1,2016
https://www.funda.nl/en/detail/koop/amsterdam/appartement-biesboschstraat-70-3/43342601/,1200000,1078 MZ Amsterdam,123,120,5,4,1,1929
https://www.funda.nl/en/detail/koop/amsterdam/appartement-werfkade-89/44458711/,385000,1033 TA Amsterdam,50,50,2,1,1,2025
https://www.funda.nl/en/detail/koop/amsterdam/appartement-welnastraat-235/80884548/,275000,1096 GJ Amsterdam,28,90,1,1,1,2011
https://www.funda.nl/en/detail/koop/amsterdam/appartement-knsm-laan-727/43311162/,750000,1019 LH Amsterdam,104,90,5,4,1,1993
https://www.funda.nl/en/detail/koop/amsterdam/appartement-sanderijnstraat-13-3/80835900/,685000,1055 BM Amsterdam,69,275,4,3,1,1940
https://www.funda.nl/en/detail/koop/amsterdam/appartement-3-kamersappartement-bouwnr-d0204/43344872/,498840,1068 MT Amsterdam,71,30,3,2,1,2026
https://www.funda.nl/en/detail/koop/amsterdam/appartement-wagenaarstraat-95/44475921/,350000,1093 CH Amsterdam,43,160,2,1,1,1985
https://www.funda.nl/en/detail/koop/amsterdam/appartement-reizigersweg-211/44486608/,325000,1033 ZP Amsterdam,57,160,2,1,1,1988
https://www.funda.nl/en/detail/koop/amsterdam/appartement-maisonnette-bouwnr-e0005/43344815/,665840,1068 MT Amsterdam,98,30,4,3,1,2026
https://www.funda.nl/en/detail/koop/amsterdam/appartement-klaas-katerstraat-158/44412583/,595000,1069 RT Amsterdam,118,120,4,3,1,2003
https://www.funda.nl/en/detail/koop/amsterdam/appartement-stadhouderskade-149-1/43322971/,2700000,1074 BB Amsterdam,415,160,1,8,1,1881
https://www.funda.nl/en/detail/koop/amsterdam/appartement-zeeburgerpad-45-m/43322750/,395000,1019 AA Amsterdam,44,30,2,1,1,2026
https://www.funda.nl/en/detail/koop/amsterdam/appartement-dijkgraafplein-231/44461397/,375000,1069 ER Amsterdam,99,120,5,3,1,1969
https://www.funda.nl/en/detail/koop/amsterdam/appartement-hugo-de-grootkade-42-h/89795114/,550000,1052 LT Amsterdam,46,160,2,1,1,1923
https://www.funda.nl/en/detail/koop/amsterdam/appartement-de-oosterlingen-bouwnummer-761/42280359/,770000,1018 CA Amsterdam,76,30,3,2,1,2020
https://www.funda.nl/en/detail/koop/amsterdam/appartement-van-speijkstraat-125-1/44480386/,525000,1057 GT Amsterdam,59,160,3,2,1,1924
https://www.funda.nl/en/detail/koop/amsterdam/appartement-appartement-bouwnummer-92-bouwnr-92/43143829/,628915,1019 AK Amsterdam,73,70,3,2,1,2028
https://www.funda.nl/en/detail/koop/amsterdam/appartement-jh-hisgenpad-299/43356031/,495000,1025 WK Amsterdam,69,50,3,2,1,2025
https://www.funda.nl/en/detail/koop/amsterdam/appartement-borneolaan-268/44405133/,595000,1019 KK Amsterdam,78,90,3,2,1,1992
https://www.funda.nl/en/detail/koop/amsterdam/appartement-bestevaerstraat-227-h/80857492/,630000,1055 TM Amsterdam,68,120,3,2,1,1933
https://www.funda.nl/en/detail/koop/amsterdam/appartement-hoofdweg-380-3/43305099/,475000,1056 DD Amsterdam,58,275,3,2,1,1927
https://www.funda.nl/en/detail/koop/amsterdam/appartement-lepelstraat-2-3/44450073/,525000,1018 XL Amsterdam,57,350,3,2,1,1918
https://www.funda.nl/en/detail/koop/amsterdam/appartement-appartement-bouwnummer-213-bouwnr-213/43241279/,670286,1019 AK Amsterdam,77,70,3,2,1,2028
https://www.funda.nl/en/detail/koop/amsterdam/appartement-millingenhof-283/44457604/,315000,1106 KT Amsterdam,73,70,3,2,1,1977
https://www.funda.nl/en/detail/koop/amsterdam/appartement-anna-blamansingel-40/89709682/,475000,1102 SR Amsterdam,101,70,3,2,1,2006
https://www.funda.nl/en/detail/koop/amsterdam/appartement-derde-schinkelstraat-22-2l/44494818/,425000,1075 TL Amsterdam,38,90,2,1,1,1912
https://www.funda.nl/en/detail/koop/amsterdam/appartement-baden-powellweg-9/89757252/,375000,1069 LB Amsterdam,91,160,4,3,1,1960
https://www.funda.nl/en/detail/koop/amsterdam/appartement-rustenburgerstraat-128-h/44403615/,850000,1073 GH Amsterdam,87,210,3,2,1,1905
https://www.funda.nl/en/detail/koop/amsterdam/appartement-weteringschans-80-4/43208735/,900000,1017 XR Amsterdam,104,90,3,2,1,1918
https://www.funda.nl/en/detail/koop/amsterdam/appartement-dirk-vreekenstraat-120/44480172/,689000,1019 GD Amsterdam,105,70,4,3,1,2001
https://www.funda.nl/en/detail/koop/amsterdam/appartement-4-kamersappartement-bouwnr-e0001/43344823/,630840,1068 MT Amsterdam,82,30,4,3,1,2026
https://www.funda.nl/en/detail/koop/amsterdam/appartement-reinier-claeszenstraat-68-h/44492358/,995000,1056 WP Amsterdam,131,160,4,3,2,1925
https://www.funda.nl/en/detail/koop/amsterdam/appartement-gaaspstraat-17-2/44458678/,420000,1079 VB Amsterdam,52,160,2,1,1,1928
https://www.funda.nl/en/detail/koop/amsterdam/appartement-develstein-46-a/43360975/,340370,1102 AK Amsterdam,48,50,2,1,1,2020
https://www.funda.nl/en/detail/koop/amsterdam/appartement-chassestraat-94-h/44469986/,1450000,1057 JK Amsterdam,172,160,8,4,1,1911
https://www.funda.nl/en/detail/koop/amsterdam/appartement-houtmankade-14-3/43339180/,550000,1013 MX Amsterdam,68,210,4,3,1,1937
https://www.funda.nl/en/detail/koop/amsterdam/appartement-reizigersweg-27/44428450/,425000,1033 WD Amsterdam,84,90,4,3,1,1991
https://www.funda.nl/en/detail/koop/amsterdam/appartement-jacob-marisstraat-16-2/43368123/,1250000,1058 HZ Amsterdam,143,160,6,4,1,1906
https://www.funda.nl/en/detail/koop/amsterdam/appartement-roemer-24/80812481/,425000,1035 KE Amsterdam,73,90,3,2,1,1994
https://www.funda.nl/en/detail/koop/amsterdam/appartement-beethovenstraat-156-3/44402442/,995000,1077 JV Amsterdam,125,210,5,3,1,1931
https://www.funda.nl/en/detail/koop/amsterdam/appartement-leusdenhof-352/44400635/,299000,1108 DT Amsterdam,74,210,3,2,1,1980
https://www.funda.nl/en/detail/koop/amsterdam/appartement-den-helderstraat-86/44493789/,375000,1024 GB Amsterdam,76,160,4,3,1,1966
https://www.funda.nl/en/detail/koop/amsterdam/appartement-gijsbrecht-van-ijselsteinstraat-125/43243992/,795000,1082 KG Amsterdam,119,160,5,4,1,1968
https://www.funda.nl/en/detail/koop/amsterdam/appartement-binnenzagerij-36/89729340/,350000,1021 PK Amsterdam,43,120,2,1,1,1985
https://www.funda.nl/en/detail/koop/amsterdam/appartement-haarlemmerweg-153-h/43344062/,550000,1051 KZ Amsterdam,68,120,3,2,1,1902
https://www.funda.nl/en/detail/koop/amsterdam/appartement-uithoornstraat-3-1/44405740/,600000,1078 SR Amsterdam,82,210,4,2,1,1922
https://www.funda.nl/en/detail/koop/amsterdam/appartement-tolstraat-44-1/44414238/,875000,1073 SC Amsterdam,94,90,3,2,1,1912
https://www.funda.nl/en/detail/koop/amsterdam/appartement-postjeskade-12-3/80848445/,865000,1057 DS Amsterdam,93,120,4,2,1,1949
https://www.funda.nl/en/detail/koop/amsterdam/appartement-tussendek-36/44499282/,375000,1034 TR Amsterdam,103,90,4,2,1,1977
https://www.funda.nl/en/detail/koop/amsterdam/appartement-frans-van-mierisstraat-18-h/44428244/,1800000,1071 RS Amsterdam,145,210,6,5,1,1911
https://www.funda.nl/en/detail/koop/amsterdam/appartement-filips-van-almondestraat-27-2/89792107/,450000,1057 ZS Amsterdam,52,160,2,1,1,1925
https://www.funda.nl/en/detail/koop/amsterdam/appartement-sam-van-houtenstraat-191-d/89678983/,475000,1067 JG Amsterdam,100,90,4,3,1,2006
https://www.funda.nl/en/detail/koop/amsterdam/appartement-hoofdweg-692/43228769/,675000,1055 AB Amsterdam,95,90,4,3,1,2008
https://www.funda.nl/en/detail/koop/amsterdam/appartement-leidsegracht-112-f/89706163/,365000,1016 CT Amsterdam,29,90,1,1,1,1882
https://www.funda.nl/en/detail/koop/amsterdam/appartement-grasweg-488/44484082/,1445000,1031 HX Amsterdam,132,30,4,3,1,2025
https://www.funda.nl/en/detail/koop/amsterdam/appartement-revaleiland-425/89618653/,1949000,1014 ZG Amsterdam,258,30,7,5,1,2020
https://www.funda.nl/en/detail/koop/amsterdam/appartement-cortado-waterfront-95-100-bouwnr-487/43294101/,706000,1064 AB Amsterdam,96,50,4,3,1,2028
https://www.funda.nl/en/detail/koop/amsterdam/appartement-leerdamhof-75/89799181/,399000,1108 BG Amsterdam,88,90,4,3,1,1980
https://www.funda.nl/en/detail/koop/amsterdam/appartement-potgieterstraat-63-4/80877212/,425000,1053 XV Amsterdam,46,120,3,2,1,1890
https://www.funda.nl/en/detail/koop/amsterdam/appartement-burgemeester-de-vlugtlaan-219/89741665/,250000,1063 BL Amsterdam,27,275,2,1,1,1958
https://www.funda.nl/en/detail/koop/amsterdam/appartement-appartement-bouwnr-546/43040092/,700000,1025 WL Amsterdam,101,50,4,3,1,2020
https://www.funda.nl/en/detail/koop/amsterdam/appartement-bertelmanstraat-16-1/43660277/,525000,1075 LX Amsterdam,61,210,2,1,1,1921
https://www.funda.nl/en/detail/koop/amsterdam/appartement-franz-zieglerstraat-18/44463830/,1095000,1087 HN Amsterdam,189,90,5,4,1,2008
https://www.funda.nl/en/detail/koop/amsterdam/appartement-gustav-mahlerlaan-66/44410747/,1250000,1082 ME Amsterdam,170,70,3,2,1,2008
https://www.funda.nl/en/detail/koop/amsterdam/appartement-nachtwachtlaan-107/80878801/,399000,1058 EC Amsterdam,61,160,2,1,1,1973
https://www.funda.nl/en/detail/koop/amsterdam/appartement-biesboschstraat-13-2/44426364/,795000,1078 MK Amsterdam,88,160,3,2,1,1930
https://www.funda.nl/en/detail/koop/amsterdam/appartement-valeriusstraat-91-2/44460475/,1250000,1075 EP Amsterdam,61,70,3,2,1,1904
https://www.funda.nl/en/detail/koop/amsterdam/appartement-terrasappartementen-fase-2-bouwnr-0407-l1/43338584/,420000,1096 BN Amsterdam,46,50,2,1,1,2026
https://www.funda.nl/en/detail/koop/amsterdam/appartement-jan-muschstraat-44/44489577/,335000,1065 LZ Amsterdam,45,210,2,1,1,1984
https://www.funda.nl/en/detail/koop/amsterdam/appartement-type-g-3-kamerappartement-bouwnr-a105/44452662/,414900,1069 EJ Amsterdam,61,50,3,2,1,2027
https://www.funda.nl/en/detail/koop/amsterdam/appartement-wagenaarstraat-376/80866219/,550000,1093 CX Amsterdam,72,90,4,3,1,1977
https://www.funda.nl/en/detail/koop/amsterdam/appartement-willem-augustinstraat-224/44478773/,615000,1061 MJ Amsterdam,86,90,3,2,1,2013
https://www.funda.nl/en/detail/koop/amsterdam/appartement-overtoom-467-c/43398601/,320000,1054 LE Amsterdam,22,70,2,1,1,1933
https://www.funda.nl/en/detail/koop/amsterdam/appartement-tweede-kostverlorenkade-120-1/43330571/,495000,1053 SC Amsterdam,57,120,4,2,1,1939
https://www.funda.nl/en/detail/koop/amsterdam/appartement-binnen-dommersstraat-27-h/44485916/,450000,1013 HK Amsterdam,46,120,2,1,1,1918
https://www.funda.nl/en/detail/koop/amsterdam/appartement-valkenburgerstraat-198-f/43327015/,675000,1011 NC Amsterdam,85,50,3,2,1,2007
https://www.funda.nl/en/detail/koop/amsterdam/appartement-kinkerstraat-59-2v/44484623/,300000,1053 DE Amsterdam,31,350,2,1,1,1910
https://www.funda.nl/en/detail/koop/amsterdam/appartement-javastraat-80-3/44478448/,475000,1094 HL Amsterdam,56,160,2,1,1,1905
https://www.funda.nl/en/detail/koop/amsterdam/appartement-keizersgracht-644-c/89721577/,795000,1017 ES Amsterdam,93,210,3,1,1,1700
https://www.funda.nl/en/detail/koop/amsterdam/appartement-pieter-aertszstraat-100-1/43326109/,599000,1074 VS Amsterdam,66,120,3,2,1,1911
https://www.funda.nl/en/detail/koop/amsterdam/appartement-rijnlandlaan-243/89782453/,620000,1062 MX Amsterdam,80,30,3,2,1,2025
https://www.funda.nl/en/detail/koop/amsterdam/appartement-wamelstraat-44/43346578/,370000,1106 DL Amsterdam,84,160,3,2,1,1982
https://www.funda.nl/en/detail/koop/amsterdam/appartement-westlandgracht-69-2/44483499/,475000,1058 TN Amsterdam,55,210,3,2,1,1934
https://www.funda.nl/en/detail/koop/amsterdam/appartement-type-g-3-kamerappartement-bouwnr-a408/44452694/,439900,1069 EJ Amsterdam,61,50,3,2,1,2027
https://www.funda.nl/en/detail/koop/amsterdam/appartement-daniel-stalpertstraat-39/80855047/,895000,1072 XA Amsterdam,86,90,3,2,1,2014
https://www.funda.nl/en/detail/koop/amsterdam/appartement-johan-hofmanstraat-321/89693965/,530000,1069 KD Amsterdam,106,90,4,3,1,2009
https://www.funda.nl/en/detail/koop/amsterdam/appartement-amaliastraat-22-1/43367128/,525000,1052 GP Amsterdam,62,120,3,2,1,1921
https://www.funda.nl/en/detail/koop/amsterdam/appartement-rooseveltlaan-191-2/44404091/,825000,1079 AP Amsterdam,101,275,3,2,1,1934
https://www.funda.nl/en/detail/koop/amsterdam/appartement-kermispad-2/89509904/,375000,1033 ZC Amsterdam,68,120,3,2,1,1989
https://www.funda.nl/en/detail/koop/amsterdam/appartement-maissonnette-bouwnr-3/43732538/,555000,1087 VA Amsterdam,90,50,4,3,1,2026
https://www.funda.nl/en/detail/koop/amsterdam/appartement-gustav-mahlerlaan-130/44410683/,1275000,1082 ME Amsterdam,168,70,3,2,1,2008
https://www.funda.nl/en/detail/koop/amsterdam/appartement-john-franklinstraat-64-1/44406251/,399000,1056 TE Amsterdam,50,160,2,1,1,1927
https://www.funda.nl/en/detail/koop/amsterdam/appartement-sassenheimstraat-58-1/44425402/,575000,1059 BK Amsterdam,61,120,4,2,1,1935
https://www.funda.nl/en/detail/koop/amsterdam/appartement-commelinstraat-378/44400145/,495000,1093 VD Amsterdam,60,120,3,2,1,1979
https://www.funda.nl/en/detail/koop/amsterdam/appartement-johannes-verhulststraat-143-d/44409122/,1250000,1071 NB Amsterdam,85,160,3,2,1,1903
https://www.funda.nl/en/detail/koop/amsterdam/appartement-sloterkade-99/44460437/,475000,1058 HL Amsterdam,52,90,2,1,1,2004
https://www.funda.nl/en/detail/koop/amsterdam/appartement-langswater-745/80869431/,298000,1069 EG Amsterdam,61,160,3,2,1,1968
https://www.funda.nl/en/detail/koop/amsterdam/appartement-van-suchtelen-van-de-haarestraat-83/43105736/,550000,1068 GR Amsterdam,91,50,4,3,1,2023
https://www.funda.nl/en/detail/koop/amsterdam/appartement-rozenstraat-213-hrv/44403897/,475000,1016 NT Amsterdam,44,90,2,1,1,1928
https://www.funda.nl/en/detail/koop/amsterdam/appartement-ruyschstraat-70-3/80873025/,520000,1091 CE Amsterdam,58,120,3,2,1,1898
https://www.funda.nl/en/detail/koop/amsterdam/appartement-rademakerstraat-632/42059563/,756000,1096 GS Amsterdam,73,30,3,2,1,2020
https://www.funda.nl/en/detail/koop/amsterdam/appartement-apollolaan-193-b/44492344/,799000,1077 AW Amsterdam,70,350,2,1,1,1937
https://www.funda.nl/en/detail/koop/amsterdam/appartement-bestevaerstraat-88-2/44483159/,385000,1056 HR Amsterdam,48,120,3,2,1,1918
https://www.funda.nl/en/detail/koop/amsterdam/appartement-barentszstraat-226/43230286/,450000,1013 NT Amsterdam,53,160,3,2,1,1883
https://www.funda.nl/en/detail/koop/amsterdam/appartement-karel-du-jardinstraat-14-1/44452217/,675000,1072 SJ Amsterdam,76,120,3,2,1,1921
https://www.funda.nl/en/detail/koop/amsterdam/appartement-rhijnvis-feithstraat-24-e/44496720/,525000,1054 TX Amsterdam,52,160,2,1,1,1905
https://www.funda.nl/en/detail/koop/amsterdam/appartement-hasebroekstraat-3-h/44469060/,465000,1053 CL Amsterdam,64,120,2,1,1,1904
https://www.funda.nl/en/detail/koop/amsterdam/appartement-type-a-3-kamerappartement-bouwnr-c506/44458228/,469900,1069 EJ Amsterdam,64,50,3,2,1,2027
https://www.funda.nl/en/detail/koop/amsterdam/appartement-welnastraat-427/44479975/,275000,1096 GJ Amsterdam,28,90,1,1,1,2015
https://www.funda.nl/en/detail/koop/amsterdam/appartement-type-b-2-kamerappartement-bouwnr-c104/44452712/,337900,1069 EJ Amsterdam,43,50,2,1,1,2027
https://www.funda.nl/en/detail/koop/amsterdam/appartement-de-wittenkade-65-h/44404480/,445000,1052 AE Amsterdam,50,275,2,1,1,1906
https://www.funda.nl/en/detail/koop/amsterdam/appartement-oudeschans-22-c/44459477/,649000,1011 LA Amsterdam,83,120,3,1,1,1900
https://www.funda.nl/en/detail/koop/amsterdam/appartement-bloemgracht-24-c/80811642/,545000,1015 TJ Amsterdam,47,90,2,1,1,1881
https://www.funda.nl/en/detail/koop/amsterdam/appartement-cruquiusweg-100-f/44469836/,1195000,1019 AJ Amsterdam,232,90,6,2,3,2007
https://www.funda.nl/en/detail/koop/amsterdam/appartement-george-gershwinlaan-119/43395049/,1595000,1082 MT Amsterdam,176,90,6,4,1,2010
https://www.funda.nl/en/detail/koop/amsterdam/appartement-cornelis-van-rijplantsoen-5/80871605/,495000,1063 MC Amsterdam,91,90,3,2,1,1955
https://www.funda.nl/en/detail/koop/amsterdam/appartement-admiraal-de-ruijterweg-237-h/80880986/,1500000,1055 LS Amsterdam,187,70,7,3,1,1912
https://www.funda.nl/en/detail/koop/amsterdam/appartement-isaac-titsinghkade-82/43268666/,740000,1018 CA Amsterdam,74,30,3,1,1,2020
https://www.funda.nl/en/detail/koop/amsterdam/appartement-eastonstraat-183/44401177/,350000,1068 JG Amsterdam,77,275,3,2,1,1962
https://www.funda.nl/en/detail/koop/amsterdam/appartement-toutenburgstraat-97/80865544/,295000,1107 PX Amsterdam,61,120,2,1,1,1984
https://www.funda.nl/en/detail/koop/amsterdam/appartement-baarsjesweg-245-1/43319360/,450000,1058 AB Amsterdam,51,160,2,1,1,1926
https://www.funda.nl/en/detail/koop/amsterdam/appartement-scherpenzeelstraat-61/89761788/,335000,1107 HS Amsterdam,74,120,3,2,1,1986
https://www.funda.nl/en/detail/koop/amsterdam/appartement-parkvilla-9-penthouse-nalu-bouwnr-40/44405455/,965000,1022 LA Amsterdam,148,50,4,3,1,2020
https://www.funda.nl/en/detail/koop/amsterdam/appartement-terrasappartementen-fase-2-bouwnr-0807-l4/43338583/,600000,1096 BN Amsterdam,64,50,3,2,1,2026
https://www.funda.nl/en/detail/koop/amsterdam/appartement-van-mourik-broekmanstraat-13-2/43331185/,425000,1065 EP Amsterdam,76,160,4,3,1,1958
https://www.funda.nl/en/detail/koop/amsterdam/appartement-gustav-mahlerlaan-13-g/80824016/,415000,1082 MK Amsterdam,40,90,1,1,1,2020
https://www.funda.nl/en/detail/koop/amsterdam/appartement-eendrachtstraat-2-h/43111844/,599000,1078 XX Amsterdam,76,120,2,1,1,1929
https://www.funda.nl/en/detail/koop/amsterdam/appartement-montfoorthof-120/44454001/,300000,1106 JT Amsterdam,62,90,2,1,1,1977
https://www.funda.nl/en/detail/koop/amsterdam/appartement-govert-flinckstraat-106-b/43301173/,450000,1072 EL Amsterdam,48,160,3,1,1,1893
https://www.funda.nl/en/detail/koop/amsterdam/appartement-roerstraat-14-3/80851048/,940000,1078 LN Amsterdam,122,210,5,4,1,1930
https://www.funda.nl/en/detail/koop/amsterdam/appartement-waterkeringweg-121/44474685/,750000,1051 NZ Amsterdam,101,120,3,2,1,1996
https://www.funda.nl/en/detail/koop/amsterdam/appartement-bloys-van-treslongstraat-50-h/44462895/,600000,1056 XD Amsterdam,64,120,2,2,1,1937
https://www.funda.nl/en/detail/koop/amsterdam/appartement-henrick-de-keijserstraat-23-2/44454219/,480000,1073 TG Amsterdam,49,160,3,2,1,1927
https://www.funda.nl/en/detail/koop/amsterdam/appartement-oranje-nassaulaan-17-b/43398504/,1650000,1075 AH Amsterdam,76,70,3,2,1,1918
https://www.funda.nl/en/detail/koop/amsterdam/appartement-saenredamstraat-28-e/80881397/,495000,1072 CH Amsterdam,50,160,2,1,1,1876
https://www.funda.nl/en/detail/koop/amsterdam/appartement-tilanusstraat-77-1/44473723/,500000,1091 BG Amsterdam,56,120,2,1,1,1906
https://www.funda.nl/en/detail/koop/amsterdam/appartement-overtoom-406-3/44407342/,995000,1054 JS Amsterdam,113,90,3,2,1,1918
https://www.funda.nl/en/detail/koop/amsterdam/appartement-mesdagstraat-55-2/44476704/,750000,1073 HK Amsterdam,87,160,3,2,1,1925
https://www.funda.nl/en/detail/koop/amsterdam/appartement-van-ostadestraat-200-3/44410734/,649000,1073 TS Amsterdam,60,90,3,2,1,1901
https://www.funda.nl/en/detail/koop/amsterdam/appartement-czaar-peterstraat-23-e/44492363/,695000,1018 NX Amsterdam,86,90,3,2,1,1879
https://www.funda.nl/en/detail/koop/amsterdam/appartement-wisseloord-73/44488092/,250000,1107 NB Amsterdam,59,160,2,1,1,1982
https://www.funda.nl/en/detail/koop/amsterdam/appartement-jan-van-schaffelaarplantsoen-15-b/44416432/,465000,1061 DL Amsterdam,60,120,3,2,1,1952
https://www.funda.nl/en/detail/koop/amsterdam/appartement-don-boscostraat-397/44421836/,558000,1068 TH Amsterdam,68,30,3,2,1,2026
https://www.funda.nl/en/detail/koop/amsterdam/appartement-paulus-potterstraat-24-a/43379321/,4000000,1071 DA Amsterdam,238,90,4,3,1,1903
https://www.funda.nl/en/detail/koop/amsterdam/appartement-pieter-cornelisz-hooftstraat-174/44463129/,3200000,1071 CH Amsterdam,148,90,4,3,1,2016
https://www.funda.nl/en/detail/koop/amsterdam/appartement-lange-leidsedwarsstraat-42-b/80840528/,395000,1017 NL Amsterdam,40,120,2,1,1,1860
https://www.funda.nl/en/detail/koop/amsterdam/appartement-appartement-bouwnr-492/43040060/,800000,1025 WL Amsterdam,133,50,4,3,1,2020
https://www.funda.nl/en/detail/koop/amsterdam/appartement-begoniastraat-6-a/44407146/,525000,1031 GM Amsterdam,65,90,3,2,1,2022
https://www.funda.nl/en/detail/koop/amsterdam/appartement-develstein-56-d/43360888/,385370,1102 AK Amsterdam,49,50,2,1,1,2020
https://www.funda.nl/en/detail/koop/amsterdam/appartement-overtoom-278-a/44478864/,1825000,1054 JC Amsterdam,222,120,7,4,1,1904
https://www.funda.nl/en/detail/koop/amsterdam/appartement-eemsstraat-24-1/43300526/,475000,1079 TH Amsterdam,53,160,2,1,1,1934
https://www.funda.nl/en/detail/koop/amsterdam/appartement-cjk-van-aalststraat-60/44454934/,595000,1019 JZ Amsterdam,100,90,5,3,1,1999
https://www.funda.nl/en/detail/koop/amsterdam/appartement-oranje-vrijstaatplein-5/43204564/,900000,1093 NG Amsterdam,125,70,3,2,1,2014
https://www.funda.nl/en/detail/koop/amsterdam/appartement-wagenaarstraat-327/43232825/,545000,1093 CN Amsterdam,80,160,4,3,1,1978
https://www.funda.nl/en/detail/koop/amsterdam/appartement-brittenburg-19/44426910/,495000,1082 BS Amsterdam,85,160,4,3,1,1963
https://www.funda.nl/en/detail/koop/amsterdam/appartement-trimurtistraat-32/44468002/,450000,1087 VH Amsterdam,63,30,3,2,1,2023
https://www.funda.nl/en/detail/koop/amsterdam/appartement-deurloostraat-66-3/44481694/,825000,1078 JE Amsterdam,89,210,4,3,1,1928
https://www.funda.nl/en/detail/koop/amsterdam/appartement-laurierstraat-65-f/89796851/,625000,1016 PJ Amsterdam,78,120,2,1,1,1926
https://www.funda.nl/en/detail/koop/amsterdam/appartement-leenhofstraat-9-1/80843166/,375000,1067 KW Amsterdam,64,90,4,3,1,1956
https://www.funda.nl/en/detail/koop/amsterdam/appartement-holendrechtstraat-1-1/44450273/,795000,1078 TM Amsterdam,82,90,3,2,1,1918
https://www.funda.nl/en/detail/koop/amsterdam/appartement-ceintuurbaan-298-3/43340724/,700000,1072 GK Amsterdam,71,210,4,2,1,1896
https://www.funda.nl/en/detail/koop/amsterdam/appartement-prins-hendrikkade-79-h/44478168/,459000,1012 AE Amsterdam,49,160,2,1,1,1979
https://www.funda.nl/en/detail/koop/amsterdam/appartement-jan-luijkenstraat-86-2/43118653/,1975000,1071 CT Amsterdam,231,160,6,4,1,1904
https://www.funda.nl/en/detail/koop/amsterdam/appartement-timorplein-1-l/43241880/,850000,1094 CB Amsterdam,106,90,4,3,1,2002
https://www.funda.nl/en/detail/koop/amsterdam/appartement-albert-neuhuysstraat-30-3/44495304/,750000,1058 SE Amsterdam,98,160,5,2,1,1932
https://www.funda.nl/en/detail/koop/amsterdam/appartement-isaac-titsinghkade-249/43329010/,500000,1018 LL Amsterdam,54,50,2,1,1,2022
https://www.funda.nl/en/detail/koop/amsterdam/appartement-recht-boomssloot-41-h/44417684/,1250000,1011 CS Amsterdam,184,120,5,2,2,1940
https://www.funda.nl/en/detail/koop/amsterdam/appartement-parkvilla-8-3-en-4-kamer-appartement-auri-bouwnr-2/44405451/,549000,1022 LA Amsterdam,88,50,3,2,1,2020
https://www.funda.nl/en/detail/koop/amsterdam/appartement-vossiusstraat-76/44490197/,2300000,1071 AK Amsterdam,153,90,4,2,1,1997
https://www.funda.nl/en/detail/koop/amsterdam/appartement-werkhovenstraat-64/89675760/,350000,1107 KH Amsterdam,85,160,4,3,1,1982
https://www.funda.nl/en/detail/koop/amsterdam/appartement-waalstraat-122/43343907/,595000,1079 EC Amsterdam,72,90,3,1,1,1933
https://www.funda.nl/en/detail/koop/amsterdam/appartement-nieuwe-prinsengracht-28-2/44400320/,1000000,1018 XJ Amsterdam,83,160,4,2,1,2020
https://www.funda.nl/en/detail/koop/amsterdam/appartement-type-a-bouwnr-518/43716745/,410000,1062 HE Amsterdam,50,10,2,1,1,2026
https://www.funda.nl/en/detail/koop/amsterdam/appartement-makassarstraat-52-1/44468102/,425000,1095 TA Amsterdam,46,160,3,2,1,1925
https://www.funda.nl/en/detail/koop/amsterdam/appartement-2-kamer-appartement-bouwnr-394/43276364/,365370,1102 AK Amsterdam,49,50,2,1,1,2020
https://www.funda.nl/en/detail/koop/amsterdam/appartement-leusdenhof-48/80865600/,315000,1108 CT Amsterdam,68,120,3,2,1,1980
https://www.funda.nl/en/detail/koop/amsterdam/appartement-saxen-weimarlaan-12-1/44477033/,785000,1075 CB Amsterdam,86,210,3,2,1,1911
https://www.funda.nl/en/detail/koop/amsterdam/appartement-crown-terrace-residences-bouwnr-22-f/43229775/,1525000,1081 LA Amsterdam,102,30,3,2,1,2020
https://www.funda.nl/en/detail/koop/amsterdam/appartement-sarphatipark-14-1/44463061/,1875000,1072 PA Amsterdam,211,210,7,5,1,1890
https://www.funda.nl/en/detail/koop/amsterdam/appartement-terrasappartementen-fase-2-bouwnr-0407-l1/43326371/,420000,1096 BN Amsterdam,46,50,2,1,1,2026
https://www.funda.nl/en/detail/koop/amsterdam/appartement-johan-jongkindstraat-184/44494168/,495000,1062 DK Amsterdam,80,90,2,1,1,1998
https://www.funda.nl/en/detail/koop/amsterdam/appartement-parkvilla-8-3-en-4-kamer-appartement-auri-bouwnr-13/44405459/,491000,1022 LA Amsterdam,77,30,4,3,1,2020
https://www.funda.nl/en/detail/koop/amsterdam/appartement-des-presstraat-2/43229185/,875000,1075 NX Amsterdam,92,160,3,2,1,1914
https://www.funda.nl/en/detail/koop/amsterdam/appartement-orteliusstraat-183-h/80860362/,675000,1057 AZ Amsterdam,72,160,3,2,2,1926
https://www.funda.nl/en/detail/koop/amsterdam/appartement-appartement-bouwnummer-188-bouwnr-188/43241039/,671659,1019 AK Amsterdam,83,70,3,2,1,2028
https://www.funda.nl/en/detail/koop/amsterdam/appartement-jacques-veltmanstraat-57/80889680/,715000,1065 EG Amsterdam,128,90,3,2,1,2003
https://www.funda.nl/en/detail/koop/amsterdam/appartement-waalstraat-30-2/44485798/,595000,1078 BT Amsterdam,62,120,3,2,1,1925
https://www.funda.nl/en/detail/koop/amsterdam/appartement-baarsstraat-7-2/80824543/,545000,1075 RT Amsterdam,58,210,3,2,1,1913
https://www.funda.nl/en/detail/koop/amsterdam/appartement-hiraistraat-5-b40/43249704/,543000,1101 DA Amsterdam,79,50,3,2,1,2020
https://www.funda.nl/en/detail/koop/amsterdam/appartement-henegouwenstraat-56/89794675/,500000,1066 DG Amsterdam,97,90,4,3,1,1993
https://www.funda.nl/en/detail/koop/amsterdam/appartement-potgieterstraat-61-3/80843092/,849000,1053 XT Amsterdam,91,275,3,2,1,1890
https://www.funda.nl/en/detail/koop/amsterdam/appartement-krijn-taconiskade-23/43392225/,1200000,1087 HW Amsterdam,164,30,5,3,1,2022
https://www.funda.nl/en/detail/koop/amsterdam/appartement-type-i-3-kamerappartement-bouwnr-a401/44452521/,462900,1069 EJ Amsterdam,65,50,3,2,1,2027
https://www.funda.nl/en/detail/koop/amsterdam/appartement-willem-frederik-hermansstraat-79/43312360/,1900000,1011 DG Amsterdam,238,70,7,4,1,2012
https://www.funda.nl/en/detail/koop/amsterdam/appartement-wagenaarstraat-329/44499493/,500000,1093 CN Amsterdam,72,160,2,1,1,1978
https://www.funda.nl/en/detail/koop/amsterdam/appartement-nicolaas-witsenstraat-2-c/43338480/,599000,1017 ZH Amsterdam,50,120,3,2,1,1906
https://www.funda.nl/en/detail/koop/amsterdam/appartement-dijkgraafplein-14/80818281/,375000,1069 EW Amsterdam,92,160,4,3,1,1963
https://www.funda.nl/en/detail/koop/amsterdam/appartement-type-b-2-kamerappartement-bouwnr-c307/44452722/,345900,1069 EJ Amsterdam,43,50,2,1,1,2027
https://www.funda.nl/en/detail/koop/amsterdam/appartement-hogehilweg-12-b7/43383132/,550000,1101 CD Amsterdam,87,50,3,2,1,2026
https://www.funda.nl/en/detail/koop/amsterdam/appartement-nieuwezijds-voorburgwal-306-h/44488847/,675000,1012 RV Amsterdam,76,120,2,1,1,1906
https://www.funda.nl/en/detail/koop/amsterdam/appartement-overtoom-555/44463086/,375000,1054 LK Amsterdam,38,210,2,1,1,1961
https://www.funda.nl/en/detail/koop/amsterdam/appartement-ijburglaan-231/80856030/,535000,1086 ZJ Amsterdam,77,90,3,1,1,2009
https://www.funda.nl/en/detail/koop/amsterdam/appartement-herengracht-441-b/44463631/,750000,1017 BR Amsterdam,71,160,4,1,1,1892
https://www.funda.nl/en/detail/koop/amsterdam/appartement-van-heenvlietlaan-222-c/43338299/,235000,1083 CN Amsterdam,23,210,1,1,1,1977
https://www.funda.nl/en/detail/koop/amsterdam/appartement-president-kennedylaan-88/89796326/,695000,1079 NH Amsterdam,74,275,3,2,1,1934
https://www.funda.nl/en/detail/koop/amsterdam/appartement-type-g-3-kamerappartement-bouwnr-a206/44452688/,419900,1069 EJ Amsterdam,61,50,3,2,1,2027
https://www.funda.nl/en/detail/koop/amsterdam/appartement-badhuiskade-351/44450628/,5500000,1031 KV Amsterdam,433,30,1,4,1,2021
https://www.funda.nl/en/detail/koop/amsterdam/appartement-breughelstraat-8-2/44417501/,1625000,1077 LC Amsterdam,172,90,9,6,1,1927
https://www.funda.nl/en/detail/koop/amsterdam/appartement-gerard-brandtstraat-3-1/80843578/,765000,1054 JH Amsterdam,82,275,3,2,1,1906
https://www.funda.nl/en/detail/koop/amsterdam/appartement-camperstraat-20-n/44473564/,765000,1091 AG Amsterdam,82,90,3,2,1,2010
https://www.funda.nl/en/detail/koop/amsterdam/appartement-nachtwachtlaan-55/43323105/,650000,1058 EB Amsterdam,124,160,5,4,1,1972
https://www.funda.nl/en/detail/koop/amsterdam/appartement-prins-hendrikkade-78-d/80867541/,495000,1012 AE Amsterdam,62,120,2,1,1,1975
https://www.funda.nl/en/detail/koop/amsterdam/appartement-gerrit-mannourystraat-26/44479986/,550000,1062 LA Amsterdam,104,90,4,3,1,1993
https://www.funda.nl/en/detail/koop/amsterdam/appartement-aalsmeerweg-7-2/44482581/,410000,1059 AA Amsterdam,55,160,3,2,1,1928
https://www.funda.nl/en/detail/koop/amsterdam/appartement-esther-de-boer-van-rijkstraat-104-2/44480170/,550000,1065 GR Amsterdam,116,210,5,4,1,1957
https://www.funda.nl/en/detail/koop/amsterdam/appartement-sumatrastraat-37-1/44414614/,525000,1094 LN Amsterdam,54,90,3,2,1,1902
https://www.funda.nl/en/detail/koop/amsterdam/appartement-weteringschans-43-a/44493032/,1300000,1017 RW Amsterdam,145,70,6,3,1,1884
https://www.funda.nl/en/detail/koop/amsterdam/appartement-fagelstraat-57-h/44450766/,375000,1052 EZ Amsterdam,35,160,1,1,1,1897
https://www.funda.nl/en/detail/koop/amsterdam/appartement-nieuwe-kerkstraat-114-f/44489219/,550000,1018 VM Amsterdam,69,90,3,2,1,1897
https://www.funda.nl/en/detail/koop/amsterdam/appartement-van-hogendorpstraat-153-3/43382386/,875000,1051 BN Amsterdam,94,160,3,2,1,1903
https://www.funda.nl/en/detail/koop/amsterdam/appartement-gillis-van-ledenberchstraat-16-a/44484747/,450000,1052 VG Amsterdam,49,70,2,1,1,2010
https://www.funda.nl/en/detail/koop/amsterdam/appartement-courbetstraat-48-1/44450299/,550000,1077 ZW Amsterdam,71,160,3,2,1,1951
https://www.funda.nl/en/detail/koop/amsterdam/appartement-overhoeksparklaan-180/44410876/,900000,1031 KC Amsterdam,96,90,4,2,1,2011
https://www.funda.nl/en/detail/koop/amsterdam/appartement-langswater-749/80873041/,349500,1069 EG Amsterdam,61,160,3,2,1,1969
https://www.funda.nl/en/detail/koop/amsterdam/appartement-rustenburgerstraat-131-1/43361875/,900000,1073 EW Amsterdam,95,160,3,2,1,1908
https://www.funda.nl/en/detail/koop/amsterdam/appartement-govert-flinckstraat-115-1v/44461634/,350000,1072 EG Amsterdam,34,160,2,1,1,1892
https://www.funda.nl/en/detail/koop/amsterdam/appartement-noordzijde-323/44491747/,395000,1064 MG Amsterdam,60,120,2,1,1,1986
https://www.funda.nl/en/detail/koop/amsterdam/appartement-pasteurstraat-45/80818628/,750000,1097 ES Amsterdam,92,120,3,2,1,1902
https://www.funda.nl/en/detail/koop/amsterdam/appartement-de-oosterlingen-bouwnummer-751/43513309/,660000,1018 CA Amsterdam,69,30,2,1,1,2020
https://www.funda.nl/en/detail/koop/amsterdam/appartement-keizersgracht-444-f/43336097/,1100000,1016 GD Amsterdam,94,210,4,2,1,1720
https://www.funda.nl/en/detail/koop/amsterdam/appartement-tolstraat-194-3/44413401/,490000,1074 VN Amsterdam,55,275,2,1,1,1929
https://www.funda.nl/en/detail/koop/amsterdam/appartement-pieter-calandlaan-409/44425619/,395000,1068 NK Amsterdam,81,160,5,3,1,1965
https://www.funda.nl/en/detail/koop/amsterdam/appartement-beukenweg-8-3/44458507/,835000,1091 KD Amsterdam,106,160,4,3,1,1894
https://www.funda.nl/en/detail/koop/amsterdam/appartement-staringplein-5-h/44458115/,875000,1054 VJ Amsterdam,92,160,4,3,1,1910
https://www.funda.nl/en/detail/koop/amsterdam/appartement-sarphatipark-131-h/44409742/,725000,1073 CX Amsterdam,83,160,2,1,1,1888
https://www.funda.nl/en/detail/koop/amsterdam/appartement-singel-436-k/44451113/,449000,1017 AV Amsterdam,52,210,2,1,1,1718
https://www.funda.nl/en/detail/koop/amsterdam/appartement-kleiburg-1002/80861640/,300000,1104 EA Amsterdam,60,120,2,1,1,2014
https://www.funda.nl/en/detail/koop/amsterdam/appartement-eerste-jan-van-der-heijdenstraat-94-1/44408546/,395000,1072 VA Amsterdam,43,210,2,1,1,1892
https://www.funda.nl/en/detail/koop/amsterdam/appartement-keizersgracht-107-c/44459824/,1195000,1015 CH Amsterdam,109,160,3,1,1,1630
https://www.funda.nl/en/detail/koop/amsterdam/appartement-achtersteven-3/44413180/,360000,1034 VA Amsterdam,92,160,4,3,1,1977
https://www.funda.nl/en/detail/koop/amsterdam/appartement-willem-de-zwijgerlaan-92-3/80811455/,475000,1056 JT Amsterdam,56,350,3,2,1,1935
https://www.funda.nl/en/detail/koop/amsterdam/appartement-govert-flinckstraat-353-h/44458144/,850000,1074 CD Amsterdam,100,90,3,2,1,1881
https://www.funda.nl/en/detail/koop/amsterdam/appartement-fagelstraat-24-h/43391429/,895000,1052 GC Amsterdam,95,120,3,2,1,1895
https://www.funda.nl/en/detail/koop/amsterdam/appartement-van-ostadestraat-144-1v/80855282/,390000,1072 TE Amsterdam,38,70,2,1,1,1902
https://www.funda.nl/en/detail/koop/amsterdam/appartement-van-kinsbergenstraat-22-2/43232073/,595000,1057 PR Amsterdam,66,160,3,2,1,1918
https://www.funda.nl/en/detail/koop/amsterdam/appartement-eerste-atjehstraat-60-f/80828579/,350000,1094 KP Amsterdam,35,120,2,1,1,1906
https://www.funda.nl/en/detail/koop/amsterdam/appartement-bestevaerstraat-50-3/44473318/,925000,1056 HP Amsterdam,125,120,5,4,1,1930
https://www.funda.nl/en/detail/koop/amsterdam/appartement-brederodestraat-57-h/44406384/,995000,1054 MS Amsterdam,100,90,4,3,1,1918
https://www.funda.nl/en/detail/koop/amsterdam/appartement-paramaribostraat-105-1/44452757/,795000,1058 VJ Amsterdam,98,160,4,3,1,1930
https://www.funda.nl/en/detail/koop/amsterdam/appartement-kromme-mijdrechtstraat-14-1/44499637/,550000,1079 KV Amsterdam,65,120,3,2,1,1921
https://www.funda.nl/en/detail/koop/amsterdam/appartement-ferguutstraat-10-1/44495830/,445000,1055 SW Amsterdam,58,160,4,2,1,1939
https://www.funda.nl/en/detail/koop/amsterdam/appartement-rie-mastenbroekstraat-17/44481664/,350000,1095 MJ Amsterdam,39,90,1,1,1,2017
https://www.funda.nl/en/detail/koop/amsterdam/appartement-h-cleyndertweg-581/44456193/,425000,1025 DX Amsterdam,127,450,5,4,1,1974
https://www.funda.nl/en/detail/koop/amsterdam/appartement-appartement-bouwnr-469/43040068/,570000,1025 WL Amsterdam,90,50,4,3,1,2020
https://www.funda.nl/en/detail/koop/amsterdam/appartement-dijkmeerlaan-361/44403701/,439000,1096 DE Amsterdam,45,50,2,1,1,2024
https://www.funda.nl/en/detail/koop/amsterdam/appartement-makassarstraat-32-3/44464573/,700000,1095 SZ Amsterdam,83,90,4,3,1,1925
https://www.funda.nl/en/detail/koop/amsterdam/appartement-derkinderenstraat-160/43321042/,485000,1061 VX Amsterdam,72,90,3,2,1,2006
https://www.funda.nl/en/detail/koop/amsterdam/appartement-goudsbloemstraat-122-b/44472441/,495000,1015 JT Amsterdam,52,120,2,1,1,2002
https://www.funda.nl/en/detail/koop/amsterdam/appartement-bos-en-lommerweg-315-1/44453890/,750000,1055 DZ Amsterdam,89,90,4,3,1,1940
https://www.funda.nl/en/detail/koop/amsterdam/appartement-boomstraat-69/44406777/,595000,1015 LB Amsterdam,61,90,3,2,2,1950
https://www.funda.nl/en/detail/koop/amsterdam/appartement-stadhouderskade-98-2/43355073/,685000,1073 AW Amsterdam,78,210,3,2,1,1876
https://www.funda.nl/en/detail/koop/amsterdam/appartement-plantage-doklaan-21/44410669/,725000,1018 CM Amsterdam,87,120,3,2,1,1989
https://www.funda.nl/en/detail/koop/amsterdam/appartement-nieuwe-amstelstraat-57/44488077/,775000,1011 PL Amsterdam,100,160,2,2,1,1956
https://www.funda.nl/en/detail/koop/amsterdam/appartement-appartementen-op-het-groene-erf-bouwnr-7/89599787/,775000,1035 PP Amsterdam,117,30,3,2,1,2020
https://www.funda.nl/en/detail/koop/amsterdam/appartement-plantage-muidergracht-141-h/44450419/,845000,1018 TS Amsterdam,92,210,4,3,1,1881
https://www.funda.nl/en/detail/koop/amsterdam/appartement-schimmelstraat-41-h/44483865/,675000,1053 TC Amsterdam,73,90,3,2,1,2000
https://www.funda.nl/en/detail/koop/amsterdam/appartement-von-zesenstraat-360/44425621/,475000,1093 BJ Amsterdam,56,160,3,2,1,1985
https://www.funda.nl/en/detail/koop/amsterdam/appartement-blankenbergestraat-43/89775889/,425000,1066 TK Amsterdam,75,120,3,2,1,1995
https://www.funda.nl/en/detail/koop/amsterdam/appartement-zandpad-3-b/44474049/,3300000,1054 GA Amsterdam,187,90,6,2,1,1893
https://www.funda.nl/en/detail/koop/amsterdam/appartement-overhaalsgang-32/44400204/,475000,1018 ZT Amsterdam,56,120,2,1,1,1988
https://www.funda.nl/en/detail/koop/amsterdam/appartement-terrasappartement-bouwnr-43/43053896/,983750,1061 AV Amsterdam,109,30,4,3,1,2027
https://www.funda.nl/en/detail/koop/amsterdam/appartement-bertrand-russellstraat-30/80879893/,900000,1097 HL Amsterdam,103,90,4,3,1,1991
https://www.funda.nl/en/detail/koop/amsterdam/appartement-evert-cornelisstraat-9-4/80851443/,895000,1077 KV Amsterdam,104,275,4,3,1,1955
https://www.funda.nl/en/detail/koop/amsterdam/appartement-burgemeester-hogguerstraat-359/43319115/,350000,1064 CR Amsterdam,44,160,2,1,1,1965
https://www.funda.nl/en/detail/koop/amsterdam/appartement-orange-polly-bouwnr-77/43169647/,376000,1032 KN Amsterdam,43,50,2,1,1,2025
https://www.funda.nl/en/detail/koop/amsterdam/appartement-wolbrantskerkweg-199-b/44489926/,425000,1069 CL Amsterdam,79,90,3,2,1,2008
https://www.funda.nl/en/detail/koop/amsterdam/appartement-kempenlaan-31/44411597/,575000,1066 PX Amsterdam,110,160,3,2,1,1994
https://www.funda.nl/en/detail/koop/amsterdam/appartement-rustenburgerstraat-323-2/43236610/,525000,1073 GG Amsterdam,58,210,2,1,1,1921
https://www.funda.nl/en/detail/koop/amsterdam/appartement-jh-hisgenpad-1084/43375807/,895000,1025 WK Amsterdam,137,30,3,2,1,2025
https://www.funda.nl/en/detail/koop/amsterdam/appartement-talbotstraat-221/43393663/,525000,1087 DM Amsterdam,90,90,3,2,1,2006
https://www.funda.nl/en/detail/koop/amsterdam/appartement-3-kamerappartement-bouwnr-d0305/44478986/,510000,1068 MT Amsterdam,71,30,3,2,1,2020
https://www.funda.nl/en/detail/koop/amsterdam/appartement-jan-haringstraat-9-h/43999304/,475000,1056 XE Amsterdam,54,160,2,1,1,1933
https://www.funda.nl/en/detail/koop/amsterdam/appartement-haarlemmerplein-23-1/43256285/,625000,1013 HP Amsterdam,68,160,2,1,1,1750
https://www.funda.nl/en/detail/koop/amsterdam/appartement-van-ostadestraat-374-4/89794687/,495000,1074 XA Amsterdam,45,160,2,1,1,1900
https://www.funda.nl/en/detail/koop/amsterdam/appartement-bloemgracht-20-3/44421937/,595000,1015 TJ Amsterdam,66,120,2,1,1,1877
https://www.funda.nl/en/detail/koop/amsterdam/appartement-rozenstraat-198/44450853/,700000,1016 PA Amsterdam,91,90,2,1,1,2007
https://www.funda.nl/en/detail/koop/amsterdam/appartement-heer-halewijnstraat-16-3/44456245/,425000,1055 SR Amsterdam,49,210,3,2,1,1939
https://www.funda.nl/en/detail/koop/amsterdam/appartement-jacques-veltmanstraat-42-3/80818583/,395000,1065 EK Amsterdam,59,275,3,2,1,1956
https://www.funda.nl/en/detail/koop/amsterdam/appartement-tweede-oosterparkstraat-39-f/44404679/,545000,1091 HV Amsterdam,61,90,3,2,1,1895
https://www.funda.nl/en/detail/koop/amsterdam/appartement-valeriusstraat-260-3/44485948/,1015000,1075 GM Amsterdam,107,120,4,3,1,1914
https://www.funda.nl/en/detail/koop/amsterdam/appartement-gooise-kant-408/44499416/,425000,1104 MM Amsterdam,60,50,3,2,1,2024
https://www.funda.nl/en/detail/koop/amsterdam/appartement-cortado-waterfront-95-100-bouwnr-491/43294113/,711000,1064 AB Amsterdam,96,50,4,3,1,2028
https://www.funda.nl/en/detail/koop/amsterdam/appartement-agatha-dekenstraat-61-h/43344656/,750000,1053 AN Amsterdam,88,120,3,2,1,1904
https://www.funda.nl/en/detail/koop/amsterdam/appartement-niersstraat-37-1/43257355/,745000,1078 VH Amsterdam,109,160,4,3,1,1930
https://www.funda.nl/en/detail/koop/amsterdam/appartement-rooseveltlaan-120-1/44418229/,800000,1078 NP Amsterdam,100,120,5,3,1,1930
https://www.funda.nl/en/detail/koop/amsterdam/appartement-van-nijenrodeweg-192/44429639/,325000,1083 EM Amsterdam,33,160,2,1,1,1965
https://www.funda.nl/en/detail/koop/amsterdam/appartement-haarlemmermeerstraat-38-1/44483390/,600000,1058 KA Amsterdam,66,90,3,2,1,1933
https://www.funda.nl/en/detail/koop/amsterdam/appartement-laurierstraat-77-e/44474900/,365000,1016 PJ Amsterdam,31,120,2,1,1,1907
https://www.funda.nl/en/detail/koop/amsterdam/appartement-titus-van-rijnstraat-271/44409400/,735000,1058 GB Amsterdam,86,50,3,2,1,2009
https://www.funda.nl/en/detail/koop/amsterdam/appartement-langestraat-49-c/89709510/,699000,1015 AK Amsterdam,84,120,3,2,1,1906
https://www.funda.nl/en/detail/koop/amsterdam/appartement-scheepstimmermanstraat-86-c/43382984/,775000,1019 WZ Amsterdam,99,90,5,4,1,1999
https://www.funda.nl/en/detail/koop/amsterdam/appartement-appartement-bouwnummer-181-bouwnr-181/43241029/,623918,1019 AK Amsterdam,73,70,3,2,1,2028
https://www.funda.nl/en/detail/koop/amsterdam/appartement-van-heenvlietlaan-262-m/43368907/,285000,1083 CN Amsterdam,28,160,1,1,1,1977
https://www.funda.nl/en/detail/koop/amsterdam/appartement-molukkenstraat-447/44485566/,485000,1095 BJ Amsterdam,63,120,2,1,1,1983
https://www.funda.nl/en/detail/koop/amsterdam/appartement-lekstraat-66-4/44405556/,1000000,1079 ET Amsterdam,132,120,4,3,1,1932
https://www.funda.nl/en/detail/koop/amsterdam/appartement-type-b-2-kamerappartement-bouwnr-c303/44452735/,342900,1069 EJ Amsterdam,43,50,2,1,1,2027
https://www.funda.nl/en/detail/koop/amsterdam/appartement-geuzenstraat-14-3/44483357/,625000,1056 KC Amsterdam,75,210,4,3,1,1937
https://www.funda.nl/en/detail/koop/amsterdam/appartement-vogelenzangstraat-9-h/44420728/,625000,1058 SM Amsterdam,80,160,3,2,2,1937
https://www.funda.nl/en/detail/koop/amsterdam/appartement-haarlemmerstraat-125-k/44475976/,400000,1013 EN Amsterdam,38,90,2,1,1,1822
https://www.funda.nl/en/detail/koop/amsterdam/appartement-govert-flinckstraat-356-o/44476955/,799995,1074 CG Amsterdam,121,90,3,2,1,1884
https://www.funda.nl/en/detail/koop/amsterdam/appartement-de-oosterlingen-bouwnummer-714/42103313/,415000,1018 CA Amsterdam,49,30,2,1,1,2020
https://www.funda.nl/en/detail/koop/amsterdam/appartement-type-b1-bouwnr-18/43229659/,1150000,1081 LA Amsterdam,89,30,3,2,1,2020
https://www.funda.nl/en/detail/koop/amsterdam/appartement-2-kamer-appartement-bouwnr-373/43276256/,350370,1102 AK Amsterdam,49,50,2,1,1,2020
https://www.funda.nl/en/detail/koop/amsterdam/appartement-elisabeth-samsonstraat-9/43218403/,450000,1103 MR Amsterdam,113,90,4,3,1,1999
https://www.funda.nl/en/detail/koop/amsterdam/appartement-pieter-cornelisz-hooftstraat-172/44473063/,3000000,1071 CH Amsterdam,155,90,3,2,1,2016
https://www.funda.nl/en/detail/koop/amsterdam/appartement-gustav-mahlerplein-285/43297041/,2250000,1082 MS Amsterdam,193,90,5,3,1,2010
https://www.funda.nl/en/detail/koop/amsterdam/appartement-de-wittenkade-65-2/44400096/,455000,1052 AE Amsterdam,46,210,2,1,1,1906
https://www.funda.nl/en/detail/koop/amsterdam/appartement-3-kamersappartement-bouwnr-e0204/43344889/,510840,1068 MT Amsterdam,71,30,3,2,1,2026
https://www.funda.nl/en/detail/koop/amsterdam/appartement-hoogte-kadijk-145-y3/44425944/,955000,1018 BH Amsterdam,86,50,4,3,1,2026
https://www.funda.nl/en/detail/koop/amsterdam/appartement-eerste-van-der-helststraat-55-1/44478322/,435000,1073 AD Amsterdam,51,160,3,1,1,1881
https://www.funda.nl/en/detail/koop/amsterdam/appartement-van-ostadestraat-328-2/43323709/,425000,1073 TZ Amsterdam,44,210,2,1,1,1913
https://www.funda.nl/en/detail/koop/amsterdam/appartement-zinranapad-19/42968121/,761000,1096 GV Amsterdam,74,30,3,2,1,2020
https://www.funda.nl/en/detail/koop/amsterdam/appartement-admiraal-de-ruijterweg-45-2/44472629/,675000,1057 JW Amsterdam,75,160,3,2,1,1910
https://www.funda.nl/en/detail/koop/amsterdam/appartement-rapenburgerstraat-73-b5/44497105/,495000,1011 VK Amsterdam,54,120,2,1,1,1960
https://www.funda.nl/en/detail/koop/amsterdam/appartement-columbusplein-26-2/80863339/,450000,1057 VA Amsterdam,53,160,3,2,1,1918
https://www.funda.nl/en/detail/koop/amsterdam/appartement-johan-jongkindstraat-202/44426592/,425000,1062 DK Amsterdam,81,120,3,2,1,1998
https://www.funda.nl/en/detail/koop/amsterdam/appartement-akersingel-200/80852647/,425000,1060 NK Amsterdam,95,90,4,3,1,1996
https://www.funda.nl/en/detail/koop/amsterdam/appartement-laplacestraat-47-3a/43308978/,350000,1098 HS Amsterdam,40,90,2,1,1,1929
https://www.funda.nl/en/detail/koop/amsterdam/appartement-spinozastraat-23-1/44498953/,675000,1018 HE Amsterdam,61,160,2,1,1,1906
https://www.funda.nl/en/detail/koop/amsterdam/appartement-cabotstraat-16-1/43341709/,485000,1057 VR Amsterdam,52,210,3,2,1,1918
https://www.funda.nl/en/detail/koop/amsterdam/appartement-nova-zemblastraat-239/43364844/,565000,1013 RJ Amsterdam,78,120,3,2,1,1985
https://www.funda.nl/en/detail/koop/amsterdam/appartement-conny-stuartstraat-18/44409007/,950000,1031 HZ Amsterdam,112,50,4,4,1,2024
https://www.funda.nl/en/detail/koop/amsterdam/appartement-lanseloetstraat-18-h/43340589/,950000,1055 BE Amsterdam,114,210,5,4,1,1940
https://www.funda.nl/en/detail/koop/amsterdam/appartement-jacob-van-lennepkade-155-2/43319365/,495000,1054 ZL Amsterdam,56,160,3,1,1,1899
https://www.funda.nl/en/detail/koop/amsterdam/appartement-ceintuurbaan-408-2/44458259/,600000,1074 EA Amsterdam,58,210,3,2,1,1897
https://www.funda.nl/en/detail/koop/amsterdam/appartement-van-oldenbarneveldtstraat-52-f/44472794/,695000,1052 KC Amsterdam,81,90,2,1,1,2006
https://www.funda.nl/en/detail/koop/amsterdam/appartement-joubertstraat-21-1/44475342/,450000,1091 XN Amsterdam,52,210,3,2,1,1929
https://www.funda.nl/en/detail/koop/amsterdam/appartement-herengracht-9-c/43330014/,550000,1015 BA Amsterdam,51,160,2,1,1,1760
https://www.funda.nl/en/detail/koop/amsterdam/appartement-ferguutstraat-10-2/80889104/,435000,1055 SW Amsterdam,60,160,2,1,1,1939
https://www.funda.nl/en/detail/koop/amsterdam/appartement-jan-zwanenburghof-18-2/43331187/,375000,1063 JL Amsterdam,80,160,5,4,1,1954
https://www.funda.nl/en/detail/koop/amsterdam/appartement-boeninlaan-342/44408524/,365000,1102 TR Amsterdam,70,120,3,2,1,1985
https://www.funda.nl/en/detail/koop/amsterdam/appartement-lootsstraat-3-2/44452558/,400000,1053 NT Amsterdam,43,160,2,1,1,1903
https://www.funda.nl/en/detail/koop/amsterdam/appartement-hogehilweg-12-b105/43398698/,706000,1101 CD Amsterdam,103,30,3,2,1,2026
https://www.funda.nl/en/detail/koop/amsterdam/appartement-kuipersstraat-69-a2/44408810/,500000,1074 EH Amsterdam,51,160,3,2,1,1903
https://www.funda.nl/en/detail/koop/amsterdam/appartement-de-oosterlingen-bouwnummer-771/42103329/,845000,1018 CA Amsterdam,94,30,4,3,1,2020
https://www.funda.nl/en/detail/koop/amsterdam/appartement-cornelis-van-rijplantsoen-85/80812874/,575000,1063 MD Amsterdam,98,120,4,3,1,1995
https://www.funda.nl/en/detail/koop/amsterdam/appartement-koninginneweg-191-2/44400872/,1590000,1075 CR Amsterdam,163,120,6,4,1,1906
https://www.funda.nl/en/detail/koop/amsterdam/appartement-type-h-3-kamerappartement-bouwnr-a402/44452529/,419900,1069 EJ Amsterdam,58,50,3,2,1,2027
https://www.funda.nl/en/detail/koop/amsterdam/appartement-valkenburgerstraat-22-f/44403780/,660000,1011 LZ Amsterdam,78,90,3,2,1,2000
https://www.funda.nl/en/detail/koop/amsterdam/appartement-jan-haringstraat-20-2/44479613/,450000,1056 XJ Amsterdam,48,120,3,2,1,1938
https://www.funda.nl/en/detail/koop/amsterdam/appartement-welnastraat-318/43332165/,1395000,1096 GJ Amsterdam,176,90,6,4,1,2019
https://www.funda.nl/en/detail/koop/amsterdam/appartement-narva-eiland-143/89735712/,1675000,1014 ZJ Amsterdam,168,70,4,3,1,2019
https://www.funda.nl/en/detail/koop/amsterdam/appartement-gustav-mahlerlaan-977/80878467/,1900000,1082 MK Amsterdam,141,70,4,3,1,2016
https://www.funda.nl/en/detail/koop/amsterdam/appartement-3-kamersappartement-bouwnr-d0406/43344803/,520840,1068 MT Amsterdam,71,30,3,2,1,2026
https://www.funda.nl/en/detail/koop/amsterdam/appartement-eerste-jan-van-der-heijdenstraat-100-2/44473101/,475000,1072 VA Amsterdam,48,160,2,1,1,1892
https://www.funda.nl/en/detail/koop/amsterdam/appartement-weissenbruchstraat-13-1/44404096/,500000,1058 KL Amsterdam,56,160,3,2,1,1932
https://www.funda.nl/en/detail/koop/amsterdam/appartement-2-kamersappartement-bouwnr-e0202/43343205/,397840,1068 MT Amsterdam,48,30,2,1,1,2026
https://www.funda.nl/en/detail/koop/amsterdam/appartement-sarphatistraat-87-f/44492949/,700000,1018 EZ Amsterdam,68,120,3,2,1,1908
https://www.funda.nl/en/detail/koop/amsterdam/appartement-tommaso-albinonistraat-32/44409958/,850000,1083 HM Amsterdam,115,90,4,3,1,2006
https://www.funda.nl/en/detail/koop/amsterdam/appartement-van-ostadestraat-161-3/44410483/,500000,1073 TK Amsterdam,56,210,3,2,1,1903
https://www.funda.nl/en/detail/koop/amsterdam/appartement-stadswoning-bouwnr-301/43953593/,526860,1102 AK Amsterdam,91,70,4,2,1,2020
https://www.funda.nl/en/detail/koop/amsterdam/appartement-sausalitolaan-22/80861335/,600000,1031 KE Amsterdam,72,50,2,1,1,2022
https://www.funda.nl/en/detail/koop/amsterdam/appartement-archimedeslaan-54-h/44403913/,800000,1098 PX Amsterdam,87,275,5,3,1,1932
https://www.funda.nl/en/detail/koop/amsterdam/appartement-prinsengracht-510-1/44405128/,1895000,1017 KH Amsterdam,255,160,6,4,1,1880
https://www.funda.nl/en/detail/koop/amsterdam/appartement-haardstee-206/80843282/,325000,1102 NM Amsterdam,80,210,3,2,1,1982
https://www.funda.nl/en/detail/koop/amsterdam/appartement-august-vermeylenstraat-48/44483570/,775000,1064 AB Amsterdam,145,275,5,4,1,1957
https://www.funda.nl/en/detail/koop/amsterdam/appartement-bonairestraat-77-2/80810401/,570000,1058 XE Amsterdam,71,210,3,2,1,1930
https://www.funda.nl/en/detail/koop/amsterdam/appartement-akoleienstraat-5-1/44419007/,350000,1016 LN Amsterdam,34,275,2,1,1,1921
https://www.funda.nl/en/detail/koop/amsterdam/appartement-huidenstraat-22-d/44471239/,550000,1016 ET Amsterdam,53,160,2,1,1,1997
https://www.funda.nl/en/detail/koop/amsterdam/appartement-kikkenstein-2928/44495675/,320000,1104 TL Amsterdam,98,210,4,3,1,1970
https://www.funda.nl/en/detail/koop/amsterdam/appartement-orteliusstraat-185-2/44496879/,415000,1057 AZ Amsterdam,49,120,3,2,1,1926
https://www.funda.nl/en/detail/koop/amsterdam/appartement-hofgeest-121/43328741/,325000,1102 EG Amsterdam,91,160,4,3,1,1969
https://www.funda.nl/en/detail/koop/amsterdam/appartement-ruysdaelkade-113-a2/43794475/,585000,1072 AN Amsterdam,55,90,2,1,1,1906
https://www.funda.nl/en/detail/koop/amsterdam/appartement-bickerswerf-58/44485197/,925000,1013 KX Amsterdam,109,120,4,3,1,2003
https://www.funda.nl/en/detail/koop/amsterdam/appartement-vechtstraat-83-h/44477638/,475000,1079 JB Amsterdam,48,160,2,1,1,1936
https://www.funda.nl/en/detail/koop/amsterdam/appartement-admiraliteitstraat-21/44460329/,425000,1018 KP Amsterdam,57,160,2,1,1,1990
https://www.funda.nl/en/detail/koop/amsterdam/appartement-pieter-de-hoochstraat-9-e/43329075/,5495000,1071 ED Amsterdam,349,90,5,4,1,2012
https://www.funda.nl/en/detail/koop/amsterdam/appartement-mesdagstraat-25-1/44410865/,550000,1073 HJ Amsterdam,67,210,3,2,1,1924
https://www.funda.nl/en/detail/koop/amsterdam/appartement-katrijpstraat-119/43910204/,427840,1024 SP Amsterdam,58,30,2,1,1,2024
https://www.funda.nl/en/detail/koop/amsterdam/appartement-loevestein-107/44488073/,425000,1082 XE Amsterdam,66,210,4,3,1,1963
https://www.funda.nl/en/detail/koop/amsterdam/appartement-maasstraat-141-3/44402703/,795000,1079 BE Amsterdam,103,160,6,4,1,1933
https://www.funda.nl/en/detail/koop/amsterdam/appartement-fred-roeskestraat-88-b6/43332912/,985000,1076 ED Amsterdam,90,90,3,2,1,2017
https://www.funda.nl/en/detail/koop/amsterdam/appartement-singel-115-k/44462642/,1000000,1012 VH Amsterdam,85,160,3,2,1,1745
https://www.funda.nl/en/detail/koop/amsterdam/appartement-binnen-brouwersstraat-7-d/44460469/,425000,1013 EE Amsterdam,38,120,3,2,1,1750
https://www.funda.nl/en/detail/koop/amsterdam/appartement-rinus-michelslaan-259/44402794/,549000,1061 MB Amsterdam,63,90,3,2,1,2021
https://www.funda.nl/en/detail/koop/amsterdam/appartement-president-kennedylaan-30-4/43032774/,375000,1079 ND Amsterdam,40,160,2,1,1,1961
https://www.funda.nl/en/detail/koop/amsterdam/appartement-haarlemmerstraat-125-f/43320844/,325000,1013 EN Amsterdam,27,90,1,1,1,1822
https://www.funda.nl/en/detail/koop/amsterdam/appartement-akersingel-92/44467294/,415000,1060 NK Amsterdam,88,90,3,2,1,1996
https://www.funda.nl/en/detail/koop/amsterdam/appartement-ceramplein-27/44497448/,649000,1095 BR Amsterdam,87,90,3,2,1,1998
https://www.funda.nl/en/detail/koop/amsterdam/appartement-baarsjesweg-270-4/80818654/,549000,1058 AD Amsterdam,73,160,3,2,1,1967
https://www.funda.nl/en/detail/koop/amsterdam/appartement-haarlemmermeerstraat-125-3/80843159/,500000,1058 JW Amsterdam,57,160,3,2,1,1930
https://www.funda.nl/en/detail/koop/amsterdam/appartement-bos-en-lommerplein-82/80848384/,550000,1055 EK Amsterdam,80,120,4,2,1,2003
https://www.funda.nl/en/detail/koop/amsterdam/appartement-maassluisstraat-41/44407359/,595000,1062 GA Amsterdam,93,90,3,2,1,2007
https://www.funda.nl/en/detail/koop/amsterdam/appartement-bronckhorststraat-50-3/89770453/,699000,1071 WV Amsterdam,78,210,3,2,1,1930
https://www.funda.nl/en/detail/koop/amsterdam/appartement-hebridenlaan-4-e/44411832/,270000,1060 LV Amsterdam,31,210,1,1,1,2003
https://www.funda.nl/en/detail/koop/amsterdam/appartement-nieuwendijk-95-1/44489115/,425000,1012 MC Amsterdam,46,160,2,1,1,1718
https://www.funda.nl/en/detail/koop/amsterdam/appartement-goudsbloemstraat-161-1/80841355/,535000,1015 JM Amsterdam,59,160,3,2,1,1938
https://www.funda.nl/en/detail/koop/amsterdam/appartement-elizabeth-anscombestraat-211/43331897/,810000,1062 LE Amsterdam,102,30,3,2,1,2025
https://www.funda.nl/en/detail/koop/amsterdam/appartement-tolstraat-144-h/44429372/,350000,1074 VM Amsterdam,48,275,2,1,1,1889
https://www.funda.nl/en/detail/koop/amsterdam/appartement-amstelveenseweg-1166/44406440/,1050000,1081 JW Amsterdam,138,90,6,5,1,2002
https://www.funda.nl/en/detail/koop/amsterdam/appartement-rosy-wertheimstraat-39/43350474/,780000,1082 MZ Amsterdam,82,90,3,2,1,2020
https://www.funda.nl/en/detail/koop/amsterdam/appartement-vondelstraat-11-h2/44406982/,875000,1054 GC Amsterdam,87,350,2,1,1,1942
https://www.funda.nl/en/detail/koop/amsterdam/appartement-reinier-claeszenstraat-45-h/44491795/,950000,1056 WG Amsterdam,151,160,8,5,1,1922
https://www.funda.nl/en/detail/koop/amsterdam/appartement-haarlemmer-houttuinen-5-c/80868400/,585000,1013 GL Amsterdam,76,160,3,2,1,1906
https://www.funda.nl/en/detail/koop/amsterdam/appartement-woestduinstraat-92-2/43337242/,935000,1059 SW Amsterdam,109,160,4,3,1,1933
https://www.funda.nl/en/detail/koop/amsterdam/appartement-type-g-3-kamerappartement-bouwnr-a103/44452667/,414900,1069 EJ Amsterdam,61,50,3,2,1,2027
https://www.funda.nl/en/detail/koop/amsterdam/appartement-langswater-165/44489947/,285000,1069 TS Amsterdam,71,120,3,2,1,1966
https://www.funda.nl/en/detail/koop/amsterdam/appartement-haarlemmerweg-83-b/43309302/,425000,1051 KS Amsterdam,59,160,2,1,1,1983
https://www.funda.nl/en/detail/koop/amsterdam/appartement-type-g-3-kamerappartement-bouwnr-a104/44452668/,414900,1069 EJ Amsterdam,61,50,3,2,1,2027
https://www.funda.nl/en/detail/koop/amsterdam/appartement-olympiaplein-27-2/44470848/,2100000,1077 CL Amsterdam,198,90,5,4,1,1918
https://www.funda.nl/en/detail/koop/amsterdam/appartement-van-baerlestraat-1-3a/80850369/,850000,1071 AL Amsterdam,87,275,4,2,1,1953
https://www.funda.nl/en/detail/koop/amsterdam/appartement-amsteldijk-55-2/80846413/,550000,1074 HX Amsterdam,62,160,2,1,1,1918
https://www.funda.nl/en/detail/koop/amsterdam/appartement-osdorper-ban-201/43308549/,325000,1068 LW Amsterdam,64,90,3,2,1,1960
https://www.funda.nl/en/detail/koop/amsterdam/appartement-boterbloemstraat-35/44497869/,1195000,1032 LV Amsterdam,157,90,4,3,1,2021
https://www.funda.nl/en/detail/koop/amsterdam/appartement-slotermeerlaan-45/89623238/,425000,1064 GZ Amsterdam,76,90,3,2,1,1956
https://www.funda.nl/en/detail/koop/amsterdam/appartement-van-bossestraat-52-1/80827802/,395000,1051 KA Amsterdam,42,275,3,2,1,1916
https://www.funda.nl/en/detail/koop/amsterdam/appartement-type-b-2-kamerappartement-bouwnr-c403/44452721/,345900,1069 EJ Amsterdam,43,50,2,1,1,2027
https://www.funda.nl/en/detail/koop/amsterdam/appartement-amstel-184-2/44451713/,750000,1017 AG Amsterdam,84,160,3,2,1,1898
https://www.funda.nl/en/detail/koop/amsterdam/appartement-3-kamerappartement-bouwnr-d0405/44478988/,520000,1068 MT Amsterdam,71,30,3,2,1,2020
https://www.funda.nl/en/detail/koop/amsterdam/appartement-petrus-blokhof-7-2/44478720/,400000,1065 XJ Amsterdam,59,160,2,1,1,1957
https://www.funda.nl/en/detail/koop/amsterdam/appartement-2-kamersappartement-bouwnr-d0102/43343299/,380840,1068 MT Amsterdam,48,30,2,1,1,2026
https://www.funda.nl/en/detail/koop/amsterdam/appartement-wijttenbachstraat-50-d/44488233/,575000,1093 JD Amsterdam,68,90,3,2,1,1906
https://www.funda.nl/en/detail/koop/amsterdam/appartement-2-kamerappartement-bouwnr-e0102/44478966/,390840,1068 MT Amsterdam,48,30,2,1,1,2026
https://www.funda.nl/en/detail/koop/amsterdam/appartement-welnastraat-135/44403383/,275000,1096 GJ Amsterdam,28,90,1,1,1,2014
https://www.funda.nl/en/detail/koop/amsterdam/appartement-jacob-burggraafstraat-168/80846683/,800000,1018 WA Amsterdam,106,70,4,3,1,2005
https://www.funda.nl/en/detail/koop/amsterdam/appartement-arent-janszoon-ernststraat-234/44410409/,549000,1082 LT Amsterdam,82,90,2,1,1,2010
https://www.funda.nl/en/detail/koop/amsterdam/appartement-kromme-mijdrechtstraat-39-h/44474009/,425000,1079 KP Amsterdam,48,210,2,1,1,1952
https://www.funda.nl/en/detail/koop/amsterdam/appartement-kikkenstein-3643/89787060/,340000,1104 TV Amsterdam,79,90,3,2,1,1970
https://www.funda.nl/en/detail/koop/amsterdam/appartement-liftado-urban-villa-bouwnr-515/43294169/,1094000,1064 AB Amsterdam,167,50,5,4,1,2028
https://www.funda.nl/en/detail/koop/amsterdam/appartement-hunzestraat-122-2/80811944/,675000,1079 WJ Amsterdam,79,160,3,2,1,1933
https://www.funda.nl/en/detail/koop/amsterdam/appartement-woestduinstraat-39-1/44498746/,535000,1058 TA Amsterdam,55,90,3,2,1,1933
https://www.funda.nl/en/detail/koop/amsterdam/appartement-herculesstraat-60-a/44476195/,499000,1076 SP Amsterdam,57,210,3,2,1,1931
https://www.funda.nl/en/detail/koop/amsterdam/appartement-geuzenkade-62-2/44407664/,395000,1056 KN Amsterdam,55,160,3,2,1,1934
https://www.funda.nl/en/detail/koop/amsterdam/appartement-elandsgracht-3-3/44487114/,425000,1016 TM Amsterdam,44,160,3,2,1,1880
https://www.funda.nl/en/detail/koop/amsterdam/appartement-fritz-conijnstraat-10-3/44470210/,340000,1063 CC Amsterdam,68,275,4,3,1,1955
https://www.funda.nl/en/detail/koop/amsterdam/appartement-appartement-bouwnummer-102-bouwnr-102/43143844/,650284,1019 AK Amsterdam,77,70,3,2,1,2028
https://www.funda.nl/en/detail/koop/amsterdam/appartement-boeninlaan-351/89704508/,275000,1102 TL Amsterdam,43,160,2,1,1,1985
https://www.funda.nl/en/detail/koop/amsterdam/appartement-cornelis-van-vollenhovenstraat-166/89712251/,335000,1063 KV Amsterdam,81,160,4,3,1,1958
https://www.funda.nl/en/detail/koop/amsterdam/appartement-type-b1-bouwnr-4/43229767/,995000,1081 LA Amsterdam,89,30,3,2,1,2020
https://www.funda.nl/en/detail/koop/amsterdam/appartement-tweede-oosterparkstraat-4-2/89619861/,539000,1091 JC Amsterdam,76,160,3,2,1,1952
https://www.funda.nl/en/detail/koop/amsterdam/appartement-marco-polostraat-181-1/43398643/,425000,1057 WJ Amsterdam,49,210,3,2,1,1925
https://www.funda.nl/en/detail/koop/amsterdam/appartement-overtoom-425-1/44403520/,500000,1054 JR Amsterdam,58,210,2,1,1,1880
https://www.funda.nl/en/detail/koop/amsterdam/appartement-hillegomstraat-53-h/44465305/,800000,1058 LR Amsterdam,82,120,3,2,1,1934
https://www.funda.nl/en/detail/koop/amsterdam/appartement-veerstraat-80-3/44411228/,475000,1075 SZ Amsterdam,47,120,2,1,1,1913
https://www.funda.nl/en/detail/koop/amsterdam/appartement-elisabeth-boddaertstraat-24-3/44470863/,475000,1066 BD Amsterdam,76,120,4,3,1,1959
https://www.funda.nl/en/detail/koop/amsterdam/appartement-van-heenvlietlaan-250-d/44408113/,240000,1083 CN Amsterdam,23,160,1,1,1,1977
https://www.funda.nl/en/detail/koop/amsterdam/appartement-kribbestraat-20-1/44450620/,550000,1079 WS Amsterdam,56,90,3,2,1,1936
https://www.funda.nl/en/detail/koop/amsterdam/appartement-van-der-palmkade-151/44418411/,1425000,1051 RJ Amsterdam,179,90,4,3,1,2001
https://www.funda.nl/en/detail/koop/amsterdam/appartement-burgemeester-hogguerstraat-329/44481450/,440000,1064 CR Amsterdam,78,120,4,2,1,1965
https://www.funda.nl/en/detail/koop/amsterdam/appartement-elegaststraat-20-2/44429199/,425000,1055 TJ Amsterdam,53,90,3,2,1,1939
https://www.funda.nl/en/detail/koop/amsterdam/appartement-overhoeksparklaan-124/44411338/,2950000,1031 KC Amsterdam,240,90,5,3,1,2012
https://www.funda.nl/en/detail/koop/amsterdam/appartement-biesboschstraat-30-3/43309139/,750000,1078 MT Amsterdam,87,160,3,2,1,1930
https://www.funda.nl/en/detail/koop/amsterdam/appartement-3-kamersappartement-bouwnr-e0205/43344894/,510840,1068 MT Amsterdam,71,30,3,2,1,2026
https://www.funda.nl/en/detail/koop/amsterdam/appartement-tintorettostraat-13-h/43344737/,2500000,1077 RN Amsterdam,232,120,6,4,1,1935
https://www.funda.nl/en/detail/koop/amsterdam/appartement-klaas-katerstraat-80/43347296/,575000,1069 RT Amsterdam,119,160,5,3,1,2003
https://www.funda.nl/en/detail/koop/amsterdam/appartement-wijenburg-49/44451836/,525000,1082 VP Amsterdam,77,210,4,3,1,1962
https://www.funda.nl/en/detail/koop/amsterdam/appartement-bruinvisstraat-30/80814056/,399000,1035 HG Amsterdam,88,90,3,2,1,1991
https://www.funda.nl/en/detail/koop/amsterdam/appartement-narva-eiland-228/43323535/,1390000,1014 ZJ Amsterdam,162,30,6,5,1,2021
https://www.funda.nl/en/detail/koop/amsterdam/appartement-ardennenlaan-166/89503628/,495000,1066 SE Amsterdam,98,90,3,2,1,1900
https://www.funda.nl/en/detail/koop/amsterdam/appartement-gerard-doustraat-222-2/44491520/,525000,1073 XC Amsterdam,52,160,3,2,1,1891
https://www.funda.nl/en/detail/koop/amsterdam/appartement-badhuiskade-257/80834809/,450000,1031 KV Amsterdam,54,30,2,1,1,2021
https://www.funda.nl/en/detail/koop/amsterdam/appartement-keizersgracht-48-d/43253963/,1680000,1015 CR Amsterdam,170,120,4,2,1,1760
https://www.funda.nl/en/detail/koop/amsterdam/appartement-rijnsburgstraat-14-2/89764305/,725000,1059 AV Amsterdam,87,160,4,3,1,1930
https://www.funda.nl/en/detail/koop/amsterdam/appartement-sarphatistraat-221-b/43323251/,1380000,1018 BX Amsterdam,180,90,5,4,1,1992
https://www.funda.nl/en/detail/koop/amsterdam/appartement-hoofdweg-348-3/89701082/,450000,1056 DC Amsterdam,58,350,2,1,1,1927
https://www.funda.nl/en/detail/koop/amsterdam/appartement-beysterveld-269/44403610/,625000,1083 KE Amsterdam,86,90,3,2,1,1988
https://www.funda.nl/en/detail/koop/amsterdam/appartement-nova-zemblastraat-381/43365512/,480000,1013 RJ Amsterdam,56,160,2,1,1,1985
https://www.funda.nl/en/detail/koop/amsterdam/appartement-gerrit-van-der-veenstraat-128/43300401/,1925000,1077 ES Amsterdam,225,275,7,4,1,1923
https://www.funda.nl/en/detail/koop/amsterdam/appartement-marco-polostraat-107-3/80857126/,650000,1057 WH Amsterdam,79,210,3,2,1,1922
https://www.funda.nl/en/detail/koop/amsterdam/appartement-nepveustraat-14-1/80861644/,495000,1058 XP Amsterdam,60,120,3,2,1,1931
https://www.funda.nl/en/detail/koop/amsterdam/appartement-type-a-3-kamerappartement-bouwnr-c305/44452587/,457900,1069 EJ Amsterdam,64,50,3,2,1,2027
https://www.funda.nl/en/detail/koop/amsterdam/appartement-rooseveltlaan-113-1/44470854/,895000,1079 AH Amsterdam,117,120,5,4,1,1937
https://www.funda.nl/en/detail/koop/amsterdam/appartement-terrasappartementen-fase-2-bouwnr-0309-l2/43326360/,480000,1096 BN Amsterdam,54,50,2,1,1,2026
https://www.funda.nl/en/detail/koop/amsterdam/appartement-emmeline-pankhurststraat-10/44475051/,335000,1103 MN Amsterdam,81,90,3,2,1,1999
https://www.funda.nl/en/detail/koop/amsterdam/appartement-amsteldijk-64-1/43345988/,725000,1074 HZ Amsterdam,72,90,2,1,1,1939
https://www.funda.nl/en/detail/koop/amsterdam/appartement-reizigersweg-103/44466272/,399000,1033 WE Amsterdam,84,120,3,2,1,1989
https://www.funda.nl/en/detail/koop/amsterdam/appartement-oudezijds-voorburgwal-69-b/80845095/,350000,1012 EK Amsterdam,36,275,2,1,1,1743
https://www.funda.nl/en/detail/koop/amsterdam/appartement-karel-doormanstraat-124-h/44463382/,400000,1055 VH Amsterdam,51,210,3,2,1,1937
https://www.funda.nl/en/detail/koop/amsterdam/appartement-sassenheimstraat-17-1/44403308/,545000,1059 BA Amsterdam,54,160,3,1,1,1918
https://www.funda.nl/en/detail/koop/amsterdam/appartement-cornelis-van-vollenhovenstraat-186/44470643/,350000,1063 KW Amsterdam,80,90,5,4,1,1958
https://www.funda.nl/en/detail/koop/amsterdam/appartement-cornelis-dirkszstraat-25-h/44478154/,550000,1056 TP Amsterdam,61,160,3,1,1,1933
https://www.funda.nl/en/detail/koop/amsterdam/appartement-cannenburg-10-b/43394509/,425000,1081 GX Amsterdam,53,50,2,1,1,1966
https://www.funda.nl/en/detail/koop/amsterdam/appartement-ruysdaelkade-119-2/44479510/,350000,1072 AP Amsterdam,43,90,2,1,1,1892
https://www.funda.nl/en/detail/koop/amsterdam/appartement-leksmondhof-313/80862661/,325000,1108 GC Amsterdam,76,90,3,2,1,1979
https://www.funda.nl/en/detail/koop/amsterdam/appartement-rustenburgerstraat-260-3/44485496/,995000,1073 GK Amsterdam,103,120,3,2,1,1900
https://www.funda.nl/en/detail/koop/amsterdam/appartement-leidsekruisstraat-54/80829057/,520000,1017 RJ Amsterdam,67,70,2,1,1,1915
https://www.funda.nl/en/detail/koop/amsterdam/appartement-tweede-bloemdwarsstraat-9-h/44427833/,895000,1016 LL Amsterdam,91,90,4,3,1,1846
https://www.funda.nl/en/detail/koop/amsterdam/appartement-trouringhstraat-28-2/44489977/,400000,1055 HB Amsterdam,50,160,3,2,1,1940
https://www.funda.nl/en/detail/koop/amsterdam/appartement-trompenburgstraat-119-3/44406104/,550000,1079 TV Amsterdam,89,450,5,4,1,1934
https://www.funda.nl/en/detail/koop/amsterdam/appartement-3-kamersappartement-bouwnr-e0401/43344819/,513840,1068 MT Amsterdam,64,30,3,2,1,2026
https://www.funda.nl/en/detail/koop/amsterdam/appartement-westerstraat-260-3/44494506/,795000,1015 MT Amsterdam,89,160,6,4,2,1939
https://www.funda.nl/en/detail/koop/amsterdam/appartement-de-clercqstraat-16-1/43228538/,550000,1052 ND Amsterdam,75,350,4,2,2,1901
https://www.funda.nl/en/detail/koop/amsterdam/appartement-crown-terrace-residences-bouwnr-24-h/43229778/,3450000,1081 LA Amsterdam,213,30,5,4,2,2020
https://www.funda.nl/en/detail/koop/amsterdam/appartement-noorderstraat-76-a/44428119/,900000,1017 TW Amsterdam,103,120,4,2,1,1931
https://www.funda.nl/en/detail/koop/amsterdam/appartement-veerstraat-80-2/44458783/,450000,1075 SZ Amsterdam,48,90,2,1,1,1913
https://www.funda.nl/en/detail/koop/amsterdam/appartement-ingelandenweg-118/43386897/,475000,1069 WH Amsterdam,80,50,4,3,1,2025
https://www.funda.nl/en/detail/koop/amsterdam/appartement-johan-greivestraat-23/44401783/,535000,1061 AT Amsterdam,66,30,1,1,1,2020
https://www.funda.nl/en/detail/koop/amsterdam/appartement-mosveld-57/44412685/,350000,1031 AD Amsterdam,65,210,3,2,1,1925
https://www.funda.nl/en/detail/koop/amsterdam/appartement-mr-pn-arntzeniusweg-41-1/44470058/,900000,1098 GL Amsterdam,112,160,6,4,1,1929
https://www.funda.nl/en/detail/koop/amsterdam/appartement-andreasplein-126/80856592/,925000,1058 GD Amsterdam,114,50,4,3,1,2010
https://www.funda.nl/en/detail/koop/amsterdam/appartement-nieuwendammerdijk-250-g/43320604/,1750000,1025 LW Amsterdam,184,160,5,3,1,1922
https://www.funda.nl/en/detail/koop/amsterdam/appartement-type-a-bouwnr-505/43716725/,410000,1062 HE Amsterdam,50,10,2,1,1,2026
https://www.funda.nl/en/detail/koop/amsterdam/appartement-gerrit-van-der-veenstraat-131-h/43391521/,1650000,1077 DX Amsterdam,142,160,5,4,1,1927
https://www.funda.nl/en/detail/koop/amsterdam/appartement-terrasappartement-bouwnr-27/43926961/,857500,1061 AV Amsterdam,108,30,4,3,1,2020
https://www.funda.nl/en/detail/koop/amsterdam/appartement-burgemeester-hogguerstraat-1045/44482614/,425000,1064 EG Amsterdam,78,120,3,2,1,1965
https://www.funda.nl/en/detail/koop/amsterdam/appartement-apollolaan-87-e/44420534/,2495000,1077 AL Amsterdam,197,90,5,3,1,1927
https://www.funda.nl/en/detail/koop/amsterdam/appartement-johan-hofmanstraat-133/43320743/,495000,1069 KD Amsterdam,97,90,4,3,1,2009
https://www.funda.nl/en/detail/koop/amsterdam/appartement-zeeburgerpad-45-c/44406864/,1100000,1019 AA Amsterdam,86,30,4,2,1,2026
https://www.funda.nl/en/detail/koop/amsterdam/appartement-edisonstraat-32-2/44410251/,535000,1098 TC Amsterdam,71,210,4,3,1,1954
https://www.funda.nl/en/detail/koop/amsterdam/appartement-3-kamerappartement-bouwnr-e0404/44478906/,530000,1068 MT Amsterdam,71,30,3,2,1,2020
https://www.funda.nl/en/detail/koop/amsterdam/appartement-loevestein-171/89701642/,450000,1082 XG Amsterdam,68,90,3,2,1,1963
https://www.funda.nl/en/detail/koop/amsterdam/appartement-sloterkade-22-l/43304674/,1200000,1058 HE Amsterdam,135,160,4,3,1,1999
https://www.funda.nl/en/detail/koop/amsterdam/appartement-westerdoksdijk-387/44408032/,700000,1013 AD Amsterdam,83,90,3,2,1,2008
https://www.funda.nl/en/detail/koop/amsterdam/appartement-kinkerstraat-232-2/43388560/,425000,1053 EN Amsterdam,45,160,1,1,1,1910
https://www.funda.nl/en/detail/koop/amsterdam/appartement-meerluststraat-282/43278771/,530000,1022 LM Amsterdam,89,50,4,3,1,2020
https://www.funda.nl/en/detail/koop/amsterdam/appartement-frieslandstraat-167/44493390/,375000,1082 TN Amsterdam,46,275,2,1,1,1964
https://www.funda.nl/en/detail/koop/amsterdam/appartement-prinsengracht-416-b/44495367/,650000,1016 JC Amsterdam,79,120,3,2,1,2000
https://www.funda.nl/en/detail/koop/amsterdam/appartement-tegenhouderstraat-55/43368925/,475000,1033 PS Amsterdam,74,120,3,2,1,1984
https://www.funda.nl/en/detail/koop/amsterdam/appartement-eerste-nassaustraat-25-h/44481542/,400000,1052 BE Amsterdam,55,160,2,1,1,1975
https://www.funda.nl/en/detail/koop/amsterdam/appartement-schalk-burgerstraat-98/44492316/,350000,1091 LM Amsterdam,36,275,2,1,1,1923
https://www.funda.nl/en/detail/koop/amsterdam/appartement-kramatweg-88-2/44489186/,400000,1095 KC Amsterdam,52,120,4,2,1,1926
https://www.funda.nl/en/detail/koop/amsterdam/appartement-kikkenstein-3850/89768892/,340000,1104 TX Amsterdam,94,210,4,3,1,1970
https://www.funda.nl/en/detail/koop/amsterdam/appartement-mary-van-der-sluisstraat-522/89664585/,625000,1095 ME Amsterdam,99,90,3,2,1,2016
https://www.funda.nl/en/detail/koop/amsterdam/appartement-weteringschans-239-a2/80824163/,650000,1017 XH Amsterdam,60,210,2,1,1,1870
https://www.funda.nl/en/detail/koop/amsterdam/appartement-emmalaan-4-b/43923586/,6250000,1075 AV Amsterdam,326,30,8,4,1,2020
https://www.funda.nl/en/detail/koop/amsterdam/appartement-prinsengracht-482-2/89798627/,595000,1017 KG Amsterdam,57,90,2,1,1,1905
https://www.funda.nl/en/detail/koop/amsterdam/appartement-filips-van-almondestraat-30-2/44493108/,450000,1057 ZV Amsterdam,53,160,2,1,1,1925
https://www.funda.nl/en/detail/koop/amsterdam/appartement-planciusstraat-23-a/44479014/,895000,1013 MD Amsterdam,94,160,3,2,1,1996
https://www.funda.nl/en/detail/koop/amsterdam/appartement-van-ostadestraat-385-h/44486736/,550000,1074 VX Amsterdam,138,210,3,2,1,1954
https://www.funda.nl/en/detail/koop/amsterdam/appartement-3-kamersappartement-bouwnr-e0304/43344817/,520840,1068 MT Amsterdam,71,30,3,2,1,2026
https://www.funda.nl/en/detail/koop/amsterdam/appartement-appartement-bouwnummer-46-bouwnr-46/43143893/,655284,1019 AK Amsterdam,77,70,3,2,1,2028
https://www.funda.nl/en/detail/koop/amsterdam/appartement-paramaribostraat-68-2/44452329/,749000,1058 VM Amsterdam,98,160,4,3,1,1930
https://www.funda.nl/en/detail/koop/amsterdam/appartement-parkvilla-8-3-en-4-kamer-appartement-auri-bouwnr-25/44405574/,555000,1022 LA Amsterdam,85,50,4,3,1,2020
https://www.funda.nl/en/detail/koop/amsterdam/appartement-veerstraat-40-3/44428856/,440000,1075 SW Amsterdam,45,210,3,1,1,1912
https://www.funda.nl/en/detail/koop/amsterdam/appartement-de-oosterlingen-bouwnummer-7144/43513301/,1150000,1018 CA Amsterdam,117,30,4,3,1,2020
https://www.funda.nl/en/detail/koop/amsterdam/appartement-krijn-breurstraat-41/43330142/,450000,1064 SX Amsterdam,82,90,3,2,1,1998
https://www.funda.nl/en/detail/koop/amsterdam/appartement-stadionkade-69-3/44483558/,1000000,1077 VS Amsterdam,140,275,5,3,2,1931
https://www.funda.nl/en/detail/koop/amsterdam/appartement-zuiderzeepark-28/44410896/,460000,1024 MG Amsterdam,75,90,3,2,1,1994
https://www.funda.nl/en/detail/koop/amsterdam/appartement-hogehilweg-12-b88/43398690/,563000,1101 CD Amsterdam,75,50,3,2,1,2026
https://www.funda.nl/en/detail/koop/amsterdam/appartement-zeeburgerkade-108/80856368/,650000,1019 HH Amsterdam,110,160,3,2,1,1905
https://www.funda.nl/en/detail/koop/amsterdam/appartement-jacob-marisstraat-24-h/44454780/,1500000,1058 HZ Amsterdam,126,210,6,3,1,1906
https://www.funda.nl/en/detail/koop/amsterdam/appartement-wittgensteinlaan-335/44407912/,675000,1062 KJ Amsterdam,87,90,4,3,1,1991
https://www.funda.nl/en/detail/koop/amsterdam/appartement-aalsmeerweg-7-3/44420013/,700000,1059 AA Amsterdam,102,160,5,4,1,1928
https://www.funda.nl/en/detail/koop/amsterdam/appartement-burgemeester-hogguerstraat-133/43347809/,575000,1064 CL Amsterdam,89,160,4,3,1,1965
https://www.funda.nl/en/detail/koop/amsterdam/appartement-valeriusstraat-162-2/80876051/,875000,1075 GG Amsterdam,58,160,3,2,1,1911
https://www.funda.nl/en/detail/koop/amsterdam/appartement-rooseveltlaan-114-e/44462634/,425000,1078 NP Amsterdam,41,120,2,1,1,1930
https://www.funda.nl/en/detail/koop/amsterdam/appartement-eerste-helmersstraat-169-e/44415927/,695000,1054 DS Amsterdam,70,90,2,1,1,1888
https://www.funda.nl/en/detail/koop/amsterdam/appartement-benedenlangs-61/80856491/,399000,1025 KC Amsterdam,69,120,3,2,1,1970
https://www.funda.nl/en/detail/koop/amsterdam/appartement-solitudolaan-224/80827627/,1195000,1096 DS Amsterdam,124,90,3,2,1,2019
https://www.funda.nl/en/detail/koop/amsterdam/appartement-krooswijkhof-11/44492689/,675000,1083 JA Amsterdam,95,120,3,2,1,1988
https://www.funda.nl/en/detail/koop/amsterdam/appartement-van-oldenbarneveldtstraat-58-1/89765068/,395000,1052 KC Amsterdam,42,210,2,1,1,1886
https://www.funda.nl/en/detail/koop/amsterdam/appartement-maisonnette-bouwnr-e0004/43344814/,665840,1068 MT Amsterdam,98,30,4,3,1,2026
https://www.funda.nl/en/detail/koop/amsterdam/appartement-vechtstraat-110-4/43324935/,485000,1079 JP Amsterdam,49,90,2,1,1,1934
https://www.funda.nl/en/detail/koop/amsterdam/appartement-dufaystraat-7-2/43033313/,1350000,1075 GR Amsterdam,115,275,4,3,1,1905
https://www.funda.nl/en/detail/koop/amsterdam/appartement-johan-greivestraat-121/44402870/,1057500,1061 AT Amsterdam,125,30,4,3,2,2020
https://www.funda.nl/en/detail/koop/amsterdam/appartement-ladogameerhof-165/89726895/,375000,1060 RE Amsterdam,67,90,3,2,1,1999
https://www.funda.nl/en/detail/koop/amsterdam/appartement-keizersgracht-171-f/43342626/,1750000,1016 DP Amsterdam,122,50,4,2,1,1735
https://www.funda.nl/en/detail/koop/amsterdam/appartement-hogehilweg-12-b28/43390548/,504000,1101 CD Amsterdam,75,50,3,2,1,2026
https://www.funda.nl/en/detail/koop/amsterdam/appartement-rapenburg-3-4a/44499481/,425000,1011 TT Amsterdam,53,350,2,1,1,1896
https://www.funda.nl/en/detail/koop/amsterdam/appartement-van-tuyll-van-serooskerkenweg-1-1/89609105/,745000,1076 JA Amsterdam,84,275,4,3,1,1930
https://www.funda.nl/en/detail/koop/amsterdam/appartement-3-kamer-appartement-bouwnr-388/43276379/,435370,1102 AK Amsterdam,60,50,3,2,1,2020
https://www.funda.nl/en/detail/koop/amsterdam/appartement-cornelis-anthoniszstraat-41-4/80845844/,625000,1071 VR Amsterdam,50,90,3,2,1,1919
https://www.funda.nl/en/detail/koop/amsterdam/appartement-2-kamer-appartement-bouwnr-351/43276238/,355370,1102 AK Amsterdam,48,50,2,1,1,2020
https://www.funda.nl/en/detail/koop/amsterdam/appartement-noorderstraat-76-b/44462760/,899000,1017 TW Amsterdam,100,90,3,2,1,1931
https://www.funda.nl/en/detail/koop/amsterdam/appartement-vierkamer-hoekappartement-bouwnr-18/43732663/,690000,1087 VA Amsterdam,103,50,4,3,1,2026
https://www.funda.nl/en/detail/koop/amsterdam/appartement-jh-hisgenpad-1078/44463809/,895000,1025 WK Amsterdam,137,30,4,3,1,2025
https://www.funda.nl/en/detail/koop/amsterdam/appartement-tolstraat-88-2/89408608/,530000,1073 SE Amsterdam,65,160,3,2,1,1920
https://www.funda.nl/en/detail/koop/amsterdam/appartement-kinkerstraat-59-4/44477536/,600000,1053 DE Amsterdam,59,160,3,2,1,1891
https://www.funda.nl/en/detail/koop/amsterdam/appartement-rozenoordpad-23/44470623/,495000,1079 MW Amsterdam,50,50,2,1,1,2023
https://www.funda.nl/en/detail/koop/amsterdam/appartement-venetiehof-206/44401258/,595000,1019 NE Amsterdam,88,90,3,2,1,1994
https://www.funda.nl/en/detail/koop/amsterdam/appartement-fokke-simonszstraat-68/80874525/,435000,1017 TJ Amsterdam,42,350,2,1,1,1960
https://www.funda.nl/en/detail/koop/amsterdam/appartement-blankenstraat-175-1/44451769/,595000,1018 RZ Amsterdam,70,90,4,3,1,1934
https://www.funda.nl/en/detail/koop/amsterdam/appartement-westlandgracht-189-h/44416743/,750000,1059 TL Amsterdam,72,90,3,2,2,1933
https://www.funda.nl/en/detail/koop/amsterdam/appartement-anne-frankstraat-113/44489187/,1600000,1018 BZ Amsterdam,153,120,3,2,1,2002
https://www.funda.nl/en/detail/koop/amsterdam/appartement-parkvilla-8-3-en-4-kamer-appartement-nori-bouwnr-18/44405585/,675000,1022 LA Amsterdam,107,30,4,3,1,2020
https://www.funda.nl/en/detail/koop/amsterdam/appartement-haarlemmerweg-581/80843158/,650000,1055 PP Amsterdam,84,160,4,3,1,1936
https://www.funda.nl/en/detail/koop/amsterdam/appartement-cornelis-anthoniszstraat-39-4/44490343/,568000,1071 VR Amsterdam,38,160,2,1,1,1900
https://www.funda.nl/en/detail/koop/amsterdam/appartement-type-b1-bouwnr-20/43229768/,1200000,1081 LA Amsterdam,89,30,3,2,1,2020
https://www.funda.nl/en/detail/koop/amsterdam/appartement-jan-olphert-vaillantlaan-42-a/80838675/,825000,1086 ZA Amsterdam,153,90,4,3,1,2006
https://www.funda.nl/en/detail/koop/amsterdam/appartement-veemkade-312/43164449/,743000,1019 HD Amsterdam,96,70,3,2,1,2006
https://www.funda.nl/en/detail/koop/amsterdam/appartement-lomanstraat-96-2/43330032/,619000,1075 RH Amsterdam,59,90,3,2,1,1914
https://www.funda.nl/en/detail/koop/amsterdam/appartement-wittgensteinlaan-6/44482787/,550000,1062 KA Amsterdam,90,90,3,2,1,1992
https://www.funda.nl/en/detail/koop/amsterdam/appartement-westerdok-86/44488104/,550000,1013 BH Amsterdam,62,120,2,1,1,2005
https://www.funda.nl/en/detail/koop/amsterdam/appartement-hoofddorpplein-15-3/44415450/,849500,1059 CV Amsterdam,116,160,6,4,1,1928
https://www.funda.nl/en/detail/koop/amsterdam/appartement-zeeburgerkade-218/44469602/,625000,1019 HK Amsterdam,79,160,3,2,1,1905
https://www.funda.nl/en/detail/koop/amsterdam/appartement-slaakstraat-12-4a/43234936/,475000,1078 BD Amsterdam,45,120,2,1,1,1929
https://www.funda.nl/en/detail/koop/amsterdam/appartement-goudsbloemstraat-191-c/80869221/,480000,1015 JN Amsterdam,48,90,2,1,1,1905
https://www.funda.nl/en/detail/koop/amsterdam/appartement-appartement-bouwnummer-244-bouwnr-244/43241241/,638917,1019 AK Amsterdam,73,70,3,2,1,2028
https://www.funda.nl/en/detail/koop/amsterdam/appartement-nieuwe-achtergracht-51-3/44452103/,575000,1018 WK Amsterdam,64,160,3,2,1,1955
https://www.funda.nl/en/detail/koop/amsterdam/appartement-winkler-prinshof-9-1/80868716/,375000,1065 XL Amsterdam,60,210,3,2,1,1956
https://www.funda.nl/en/detail/koop/amsterdam/appartement-balistraat-85-e/44414758/,375000,1094 JE Amsterdam,51,210,2,1,1,1987
https://www.funda.nl/en/detail/koop/amsterdam/appartement-vechtstraat-179-2/80849724/,795000,1079 JJ Amsterdam,97,275,4,2,1,1934
https://www.funda.nl/en/detail/koop/amsterdam/appartement-dick-greinerstraat-18/44488245/,450000,1019 CT Amsterdam,72,120,3,2,1,1988
https://www.funda.nl/en/detail/koop/amsterdam/appartement-gerard-doustraat-248-4/80880124/,375000,1073 XD Amsterdam,38,90,2,1,1,1892
https://www.funda.nl/en/detail/koop/amsterdam/appartement-tweede-jacob-van-campenstraat-120-2/44482764/,875000,1073 XX Amsterdam,101,90,5,3,1,1906
https://www.funda.nl/en/detail/koop/amsterdam/appartement-postjesweg-443/44400081/,395000,1062 JV Amsterdam,70,210,3,2,1,1961
https://www.funda.nl/en/detail/koop/amsterdam/appartement-derde-oosterparkstraat-238-2/44470005/,1150000,1092 EK Amsterdam,123,160,5,3,1,1892
https://www.funda.nl/en/detail/koop/amsterdam/appartement-maisonnettes-op-het-groene-erf-bouwnr-8/89599781/,845000,1035 PP Amsterdam,143,30,5,4,1,2020
https://www.funda.nl/en/detail/koop/amsterdam/appartement-haparandaweg-584/43399276/,750000,1013 BD Amsterdam,95,90,3,2,1,2018
https://www.funda.nl/en/detail/koop/amsterdam/appartement-spaarndammerstraat-111-s/44472370/,429000,1013 TD Amsterdam,58,90,2,1,1,1932
https://www.funda.nl/en/detail/koop/amsterdam/appartement-van-oldenbarneveldtstraat-52-h/80811547/,795000,1052 KC Amsterdam,93,90,3,2,1,2006
https://www.funda.nl/en/detail/koop/amsterdam/appartement-maassluisstraat-202/80825917/,499000,1062 GK Amsterdam,83,160,4,3,1,1965
https://www.funda.nl/en/detail/koop/amsterdam/appartement-2-kamer-appartement-bouwnr-389/43276251/,365370,1102 AK Amsterdam,49,50,2,1,1,2020
https://www.funda.nl/en/detail/koop/amsterdam/appartement-gietersstraat-9-a/44415582/,1700000,1015 HB Amsterdam,242,160,6,4,1,1898
https://www.funda.nl/en/detail/koop/amsterdam/appartement-type-g-3-kamerappartement-bouwnr-a406/44452680/,439900,1069 EJ Amsterdam,61,50,3,2,1,2027
https://www.funda.nl/en/detail/koop/amsterdam/appartement-jacob-burggraafstraat-158/44479794/,650000,1018 WA Amsterdam,100,120,3,2,1,2004
https://www.funda.nl/en/detail/koop/amsterdam/appartement-stolwijkstraat-13-2/80830192/,495000,1059 XS Amsterdam,55,160,3,2,1,1929
https://www.funda.nl/en/detail/koop/amsterdam/appartement-eemsstraat-76-h/44493322/,800000,1079 TL Amsterdam,106,160,4,3,1,1934
https://www.funda.nl/en/detail/koop/amsterdam/appartement-cortado-urban-80-95-bouwnr-501/43206226/,609000,1064 AB Amsterdam,83,50,4,3,1,2028
https://www.funda.nl/en/detail/koop/amsterdam/appartement-leerdamhof-476/43322386/,385000,1108 CN Amsterdam,100,120,4,3,1,1980
https://www.funda.nl/en/detail/koop/amsterdam/appartement-van-spilbergenstraat-166-g/43373039/,425000,1057 RR Amsterdam,54,450,2,1,1,1925
https://www.funda.nl/en/detail/koop/amsterdam/appartement-herculesstraat-72-c/44499905/,480000,1076 SR Amsterdam,56,275,3,2,1,1931
https://www.funda.nl/en/detail/koop/amsterdam/appartement-oosterpark-58-2/44475110/,580000,1092 AR Amsterdam,60,90,2,1,1,1894
https://www.funda.nl/en/detail/koop/amsterdam/appartement-appartement-bouwnummer-76-bouwnr-76/43143817/,671656,1019 AK Amsterdam,83,70,3,2,1,2028
https://www.funda.nl/en/detail/koop/amsterdam/appartement-sky-maisonnettes-bouwnr-9/44467391/,795470,1095 PG Amsterdam,107,30,4,3,1,2027
https://www.funda.nl/en/detail/koop/amsterdam/appartement-koninginneweg-245-h/43188499/,1650000,1075 CT Amsterdam,175,120,8,5,1,1906
https://www.funda.nl/en/detail/koop/amsterdam/appartement-lijnbaansgracht-56-e/89764131/,995000,1015 GS Amsterdam,121,275,3,2,1,1906
https://www.funda.nl/en/detail/koop/amsterdam/appartement-nicolaas-witsenstraat-19-c/44461550/,1175000,1017 ZG Amsterdam,150,160,4,3,1,1891
https://www.funda.nl/en/detail/koop/amsterdam/appartement-lindengracht-165-b/44482107/,645000,1015 KE Amsterdam,54,160,5,3,1,1983
https://www.funda.nl/en/detail/koop/amsterdam/appartement-hoofddorpweg-4-2/44483258/,575000,1058 PB Amsterdam,82,160,4,2,1,1940
https://www.funda.nl/en/detail/koop/amsterdam/appartement-kinkerstraat-22-4a/44488969/,310000,1053 DV Amsterdam,32,450,1,1,1,1888
https://www.funda.nl/en/detail/koop/amsterdam/appartement-zaanstraat-47/44402744/,315000,1013 RW Amsterdam,35,90,2,1,1,1914
https://www.funda.nl/en/detail/koop/amsterdam/appartement-veerstraat-60-3/44476639/,1075000,1075 SX Amsterdam,127,210,6,3,1,1913
https://www.funda.nl/en/detail/koop/amsterdam/appartement-appartement-bouwnummer-56-bouwnr-56/43143806/,640284,1019 AK Amsterdam,77,70,3,2,1,2028
https://www.funda.nl/en/detail/koop/amsterdam/appartement-backershagen-67/44458986/,675000,1082 GS Amsterdam,129,120,4,3,1,1968
https://www.funda.nl/en/detail/koop/amsterdam/appartement-van-boshuizenstraat-185/43355377/,465000,1083 AV Amsterdam,66,210,3,2,1,1963
https://www.funda.nl/en/detail/koop/amsterdam/appartement-liendenhof-124/43319839/,325000,1108 HG Amsterdam,74,210,3,2,1,1980
https://www.funda.nl/en/detail/koop/amsterdam/appartement-wenslauerstraat-69-a3/44478782/,550000,1053 AX Amsterdam,62,160,2,1,1,1922
https://www.funda.nl/en/detail/koop/amsterdam/appartement-penthouse-bouwnr-25/43732547/,800000,1087 VA Amsterdam,118,50,4,3,1,2026
https://www.funda.nl/en/detail/koop/amsterdam/appartement-don-boscostraat-387/44421791/,671000,1068 TH Amsterdam,84,30,3,2,1,2026
https://www.funda.nl/en/detail/koop/amsterdam/appartement-churchill-laan-161-3b/44419504/,949000,1078 DV Amsterdam,139,90,5,3,1,1928
https://www.funda.nl/en/detail/koop/amsterdam/appartement-type-d-bouwnr-11/43229762/,1500000,1081 LA Amsterdam,119,30,4,3,1,2020
https://www.funda.nl/en/detail/koop/amsterdam/appartement-cornelis-van-rijplantsoen-1/43398143/,500000,1063 MC Amsterdam,76,90,4,2,1,1995
https://www.funda.nl/en/detail/koop/amsterdam/appartement-laurierstraat-55-c/44459434/,550000,1016 PH Amsterdam,69,120,3,1,1,1995
https://www.funda.nl/en/detail/koop/amsterdam/appartement-3-kamer-appartement-bouwnr-325/43953579/,462978,1102 AK Amsterdam,71,50,3,2,1,2020
https://www.funda.nl/en/detail/koop/amsterdam/appartement-oldengaarde-42/43308636/,525000,1083 TJ Amsterdam,80,160,4,3,1,1962
https://www.funda.nl/en/detail/koop/amsterdam/appartement-vossiusstraat-59/44415748/,2325000,1071 AK Amsterdam,167,120,3,2,1,1885
https://www.funda.nl/en/detail/koop/amsterdam/appartement-charlotte-brontestraat-211/43264667/,350000,1102 XC Amsterdam,72,120,3,2,1,1984
https://www.funda.nl/en/detail/koop/amsterdam/appartement-stadhouderskade-120-h/44419532/,995000,1073 BA Amsterdam,126,160,5,3,1,1878
https://www.funda.nl/en/detail/koop/amsterdam/appartement-ten-katestraat-63-4/43330774/,445000,1053 BZ Amsterdam,42,90,2,1,1,1906
https://www.funda.nl/en/detail/koop/amsterdam/appartement-admiraal-de-ruijterweg-452-3/44417317/,840000,1055 NG Amsterdam,126,160,5,4,1,1934
https://www.funda.nl/en/detail/koop/amsterdam/appartement-granidastraat-50-3/44488291/,450000,1055 HM Amsterdam,60,350,3,2,1,1941
https://www.funda.nl/en/detail/koop/amsterdam/appartement-spuistraat-56-h/43304242/,499000,1012 TV Amsterdam,59,120,3,2,2,1762
https://www.funda.nl/en/detail/koop/amsterdam/appartement-recht-boomssloot-47-a/43321777/,785000,1011 CT Amsterdam,88,160,3,2,1,1704
https://www.funda.nl/en/detail/koop/amsterdam/appartement-ruiseveenpad-86/89781250/,319500,1106 AN Amsterdam,72,160,3,2,1,1984
https://www.funda.nl/en/detail/koop/amsterdam/appartement-david-wijnkoopstraat-5/44411092/,375000,1069 RH Amsterdam,72,90,3,2,1,1983
https://www.funda.nl/en/detail/koop/amsterdam/appartement-krammerstraat-17-2/44404993/,1250000,1078 KE Amsterdam,141,90,4,3,1,1928
https://www.funda.nl/en/detail/koop/amsterdam/appartement-javastraat-47-2/44407696/,450000,1094 HA Amsterdam,55,120,2,1,1,1902
https://www.funda.nl/en/detail/koop/amsterdam/appartement-watteaustraat-20-3/44470236/,1880000,1077 ZM Amsterdam,202,160,5,3,1,1931
https://www.funda.nl/en/detail/koop/amsterdam/appartement-kanaalstraat-206-1/89770003/,495000,1054 XS Amsterdam,53,120,3,2,1,1913
https://www.funda.nl/en/detail/koop/amsterdam/appartement-postjeskade-33-h/44470781/,695000,1058 DG Amsterdam,79,120,4,3,1,1930
https://www.funda.nl/en/detail/koop/amsterdam/appartement-knsm-laan-639/44418620/,799000,1019 LH Amsterdam,105,120,4,3,1,1992
https://www.funda.nl/en/detail/koop/amsterdam/appartement-merwedeplein-57-h/43373060/,1350000,1078 NC Amsterdam,117,160,4,3,1,1930
https://www.funda.nl/en/detail/koop/amsterdam/appartement-barajasweg-104/43174654/,1100000,1043 CP Amsterdam,159,70,4,3,1,2023
https://www.funda.nl/en/detail/koop/amsterdam/appartement-dijkgraafplein-399/43335037/,385000,1069 EV Amsterdam,100,120,4,3,1,1972
https://www.funda.nl/en/detail/koop/amsterdam/appartement-zocherstraat-54-3a/44477235/,695000,1054 MA Amsterdam,70,90,3,2,1,1921
https://www.funda.nl/en/detail/koop/amsterdam/appartement-brederodestraat-56-3/80873095/,550000,1054 MX Amsterdam,59,120,3,2,1,1900
https://www.funda.nl/en/detail/koop/amsterdam/appartement-haparandaweg-752/43345174/,895000,1013 BD Amsterdam,102,70,4,3,1,2015
https://www.funda.nl/en/detail/koop/amsterdam/appartement-doddendaal-126/44460816/,430000,1082 XZ Amsterdam,67,120,3,2,1,1961
https://www.funda.nl/en/detail/koop/amsterdam/appartement-geulstraat-7-a3/80841478/,875000,1078 KW Amsterdam,115,160,5,4,1,1934
https://www.funda.nl/en/detail/koop/amsterdam/appartement-blancefloorstraat-19-h/80867204/,745000,1055 TD Amsterdam,78,50,4,3,1,1939
https://www.funda.nl/en/detail/koop/amsterdam/appartement-welnastraat-55/80850538/,285000,1096 GJ Amsterdam,28,90,1,1,1,2014
https://www.funda.nl/en/detail/koop/amsterdam/appartement-3-kamerappartement-bouwnr-e0205/44478995/,510000,1068 MT Amsterdam,71,30,3,2,1,2020
https://www.funda.nl/en/detail/koop/amsterdam/appartement-van-ostadestraat-394-3/44488804/,825000,1074 XB Amsterdam,77,350,3,2,1,1918
https://www.funda.nl/en/detail/koop/amsterdam/appartement-remmerdenplein-45/89768143/,345000,1106 AG Amsterdam,85,120,3,2,1,1983
https://www.funda.nl/en/detail/koop/amsterdam/appartement-appartement-bouwnummer-251-bouwnr-251/43241368/,638917,1019 AK Amsterdam,73,70,3,2,1,2028
https://www.funda.nl/en/detail/koop/amsterdam/appartement-2-kamer-appartement-bouwnr-358/43276365/,362870,1102 AK Amsterdam,49,50,2,1,1,2020
https://www.funda.nl/en/detail/koop/amsterdam/appartement-tweede-sweelinckstraat-12-3/89737585/,480000,1073 EH Amsterdam,57,450,2,2,2,1891
https://www.funda.nl/en/detail/koop/amsterdam/appartement-herengracht-116-l/80830538/,1250000,1015 BT Amsterdam,109,90,3,2,1,1738
https://www.funda.nl/en/detail/koop/amsterdam/appartement-penthouse-bouwnr-g18271/44459585/,1285000,1033 RB Amsterdam,127,70,4,3,1,2026
https://www.funda.nl/en/detail/koop/amsterdam/appartement-da-costakade-31-2/44487945/,650000,1052 SG Amsterdam,63,120,3,2,1,1901
https://www.funda.nl/en/detail/koop/amsterdam/appartement-willem-de-zwijgerlaan-103-1/43340447/,450000,1056 JJ Amsterdam,51,160,3,2,1,1934
https://www.funda.nl/en/detail/koop/amsterdam/appartement-haarlemmerstraat-145/44429069/,475000,1013 EN Amsterdam,58,275,3,2,1,1956
https://www.funda.nl/en/detail/koop/amsterdam/appartement-makassarstraat-118/80857175/,725000,1095 TE Amsterdam,85,90,3,2,1,2013
https://www.funda.nl/en/detail/koop/amsterdam/appartement-overtoom-148-1/44491692/,450000,1054 HP Amsterdam,54,160,2,1,1,1879
https://www.funda.nl/en/detail/koop/amsterdam/appartement-liftado-urban-80-95-bouwnr-561/43206247/,740000,1064 AB Amsterdam,95,50,4,3,1,2028
https://www.funda.nl/en/detail/koop/amsterdam/appartement-minervaplein-11-2/43324011/,750000,1077 TH Amsterdam,77,210,3,1,1,1957
https://www.funda.nl/en/detail/koop/amsterdam/appartement-hiraistraat-5-b101/43355648/,646000,1101 DA Amsterdam,93,30,3,2,1,2020
https://www.funda.nl/en/detail/koop/amsterdam/appartement-nassaukade-72-h/80858865/,895000,1052 CS Amsterdam,107,90,3,2,1,1881
https://www.funda.nl/en/detail/koop/amsterdam/appartement-heathrowstraat-350/44404015/,850000,1043 CH Amsterdam,112,30,4,3,1,2024
https://www.funda.nl/en/detail/koop/amsterdam/appartement-city-lofts-bouwnr-22/44467382/,439790,1095 PG Amsterdam,54,30,2,1,1,2027
https://www.funda.nl/en/detail/koop/amsterdam/appartement-insulindeweg-900/43312649/,840000,1095 DX Amsterdam,120,90,6,5,2,1999
https://www.funda.nl/en/detail/koop/amsterdam/appartement-van-eeghenstraat-206/44473587/,6150000,1071 GM Amsterdam,284,120,8,5,1,1906
https://www.funda.nl/en/detail/koop/amsterdam/appartement-parkvilla-9-4-kamer-appartement-selu-bouwnr-38/44405452/,802000,1022 LA Amsterdam,132,30,4,3,1,2020
https://www.funda.nl/en/detail/koop/amsterdam/appartement-cornelis-van-rijplantsoen-8/89690374/,450000,1063 MC Amsterdam,90,90,4,3,1,1995
https://www.funda.nl/en/detail/koop/amsterdam/appartement-vierkamer-hoekappartement-bouwnr-8/43732551/,670000,1087 VA Amsterdam,103,50,4,3,1,2026
https://www.funda.nl/en/detail/koop/amsterdam/appartement-haarlemmerstraat-23-b/80859549/,820000,1013 EH Amsterdam,102,160,3,2,1,1760
https://www.funda.nl/en/detail/koop/amsterdam/appartement-2-kamerappartement-bouwnr-e0302/44478967/,405840,1068 MT Amsterdam,48,30,2,1,1,2026
https://www.funda.nl/en/detail/koop/amsterdam/appartement-titus-van-rijnstraat-155/43330561/,725000,1058 GB Amsterdam,86,50,3,2,1,2010
https://www.funda.nl/en/detail/koop/amsterdam/appartement-bocholtstraat-86/89784123/,425000,1066 ML Amsterdam,60,160,2,1,1,1993
https://www.funda.nl/en/detail/koop/amsterdam/appartement-doddendaal-151/44483907/,430000,1082 XS Amsterdam,67,160,3,2,1,1963
https://www.funda.nl/en/detail/koop/amsterdam/appartement-type-g-3-kamerappartement-bouwnr-a404/44452674/,439900,1069 EJ Amsterdam,61,50,3,2,1,2027
https://www.funda.nl/en/detail/koop/amsterdam/appartement-parkvilla-9-penthouse-nalu-bouwnr-39/44405453/,965000,1022 LA Amsterdam,146,50,4,3,1,2020
https://www.funda.nl/en/detail/koop/amsterdam/appartement-wamberg-31-2/43321867/,395000,1083 CV Amsterdam,64,160,2,1,1,1959
https://www.funda.nl/en/detail/koop/amsterdam/appartement-stadhouderskade-73-h/43319617/,1098000,1072 AE Amsterdam,126,120,4,2,1,1879
https://www.funda.nl/en/detail/koop/amsterdam/appartement-tweede-jan-steenstraat-101-3/43362145/,850000,1074 CM Amsterdam,124,350,5,3,1,1906
https://www.funda.nl/en/detail/koop/amsterdam/appartement-maarten-harpertszoon-trompstraat-37-3/43267839/,950000,1056 HX Amsterdam,148,160,5,4,1,1914
https://www.funda.nl/en/detail/koop/amsterdam/appartement-plantage-muidergracht-147-1/44463002/,560000,1018 TS Amsterdam,54,90,2,1,1,1918
https://www.funda.nl/en/detail/koop/amsterdam/appartement-sluisstraat-34-2/44499068/,485000,1075 TG Amsterdam,51,90,3,2,1,1912
https://www.funda.nl/en/detail/koop/amsterdam/appartement-saskia-van-uijlenburgkade-2/80815037/,900000,1058 GA Amsterdam,124,50,5,3,1,2010
https://www.funda.nl/en/detail/koop/amsterdam/appartement-diezestraat-6-h/44407586/,1000000,1078 JP Amsterdam,96,120,4,3,1,1928
https://www.funda.nl/en/detail/koop/amsterdam/appartement-jacob-burggraafstraat-150/43387140/,750000,1018 WA Amsterdam,101,120,3,2,1,2004
https://www.funda.nl/en/detail/koop/amsterdam/appartement-oranje-nassaulaan-50-2/43342480/,3350000,1075 AR Amsterdam,230,120,6,4,1,1912
https://www.funda.nl/en/detail/koop/amsterdam/appartement-hiraistraat-5-b36/43249595/,571000,1101 DA Amsterdam,81,50,3,2,1,2020
https://www.funda.nl/en/detail/koop/amsterdam/appartement-bogortuin-225/44498577/,1150000,1019 PE Amsterdam,157,90,4,3,1,2001
https://www.funda.nl/en/detail/koop/amsterdam/appartement-de-clercqstraat-7-1/80821852/,500000,1053 AA Amsterdam,63,210,3,2,1,1899
https://www.funda.nl/en/detail/koop/amsterdam/appartement-titiaanstraat-35-h/44415511/,1595000,1077 RG Amsterdam,151,120,8,4,1,1928
https://www.funda.nl/en/detail/koop/amsterdam/appartement-appartement-bouwnummer-226-bouwnr-226/43241282/,633917,1019 AK Amsterdam,73,70,3,2,1,2028
https://www.funda.nl/en/detail/koop/amsterdam/appartement-bolestein-266/44493679/,550000,1081 EC Amsterdam,93,275,3,2,1,1696
https://www.funda.nl/en/detail/koop/amsterdam/appartement-liftado-urban-villa-bouwnr-513/43294163/,1076000,1064 AB Amsterdam,151,50,5,4,1,2028
https://www.funda.nl/en/detail/koop/amsterdam/appartement-korte-blekersstraat-8-h/44418340/,600000,1053 TM Amsterdam,69,160,3,2,1,1912
https://www.funda.nl/en/detail/koop/amsterdam/appartement-aalsmeerweg-109-3/44408969/,639000,1059 AG Amsterdam,87,210,4,3,1,1933
https://www.funda.nl/en/detail/koop/amsterdam/appartement-frederik-hendrikstraat-174-b/89703298/,675000,1052 JH Amsterdam,85,90,3,2,1,2004
https://www.funda.nl/en/detail/koop/amsterdam/appartement-stuyvesantstraat-1-1/43335601/,475000,1058 AJ Amsterdam,52,160,3,2,1,1927
https://www.funda.nl/en/detail/koop/amsterdam/appartement-voormalige-stadstimmertuin-2-k/43363990/,2300000,1018 ET Amsterdam,185,160,6,3,1,1900
https://www.funda.nl/en/detail/koop/amsterdam/appartement-orteliusstraat-368-h/44458551/,525000,1056 PV Amsterdam,63,90,3,2,1,1934
https://www.funda.nl/en/detail/koop/amsterdam/appartement-madurastraat-22-g/44415506/,275000,1094 GM Amsterdam,26,160,1,1,1,1902
https://www.funda.nl/en/detail/koop/amsterdam/appartement-kromme-leimuidenstraat-24-2/44471407/,995000,1059 EN Amsterdam,119,210,4,3,1,1929
https://www.funda.nl/en/detail/koop/amsterdam/appartement-tweede-van-swindenstraat-9-b/44472760/,575000,1093 VE Amsterdam,90,160,4,2,1,1988
https://www.funda.nl/en/detail/koop/amsterdam/appartement-uiterwaardenstraat-366/43364873/,899000,1079 DD Amsterdam,84,90,3,2,1,1918
https://www.funda.nl/en/detail/koop/amsterdam/appartement-polanenstraat-60-f/43379811/,475000,1013 VZ Amsterdam,62,275,2,1,1,1902
https://www.funda.nl/en/detail/koop/amsterdam/appartement-eerste-kostverlorenkade-2-3/43396911/,1150000,1052 EL Amsterdam,111,120,3,2,1,1921
https://www.funda.nl/en/detail/koop/amsterdam/appartement-vierwindenstraat-127/44488915/,550000,1013 LA Amsterdam,60,70,2,1,1,2010
https://www.funda.nl/en/detail/koop/amsterdam/appartement-javastraat-127-1/43149794/,399000,1094 HD Amsterdam,43,160,2,1,1,1913
https://www.funda.nl/en/detail/koop/amsterdam/appartement-kinderdijkstraat-87-1/44400405/,575000,1079 GG Amsterdam,57,210,5,3,1,1936
https://www.funda.nl/en/detail/koop/amsterdam/appartement-van-reedestraat-175/44481920/,605000,1018 LB Amsterdam,62,30,2,1,1,2020
https://www.funda.nl/en/detail/koop/amsterdam/appartement-ijselstraat-89-3/44460259/,750000,1078 CG Amsterdam,99,90,5,4,1,1925
https://www.funda.nl/en/detail/koop/amsterdam/appartement-3-kamersappartement-bouwnr-e0207/43344891/,510840,1068 MT Amsterdam,69,30,3,2,1,2026
https://www.funda.nl/en/detail/koop/amsterdam/appartement-ottho-heldringstraat-33-l/89604009/,425000,1066 XT Amsterdam,61,70,2,1,1,2010
https://www.funda.nl/en/detail/koop/amsterdam/appartement-kraaienplein-54/44416873/,375000,1021 EG Amsterdam,47,350,2,1,1,1920
https://www.funda.nl/en/detail/koop/amsterdam/appartement-ceintuurbaan-145-2/43323404/,925000,1072 GB Amsterdam,102,210,4,3,1,1906
https://www.funda.nl/en/detail/koop/amsterdam/appartement-bestevaerstraat-15-2/44420310/,625000,1056 HE Amsterdam,79,160,4,3,1,1921
https://www.funda.nl/en/detail/koop/amsterdam/appartement-paramaribostraat-71-1/44425584/,850000,1058 VH Amsterdam,108,210,4,3,1,1930
https://www.funda.nl/en/detail/koop/amsterdam/appartement-rozengracht-51-c/44408960/,550000,1016 LS Amsterdam,56,90,2,1,1,1992
https://www.funda.nl/en/detail/koop/amsterdam/appartement-renkumhof-54/43371377/,320000,1106 JB Amsterdam,71,90,2,1,1,1977
https://www.funda.nl/en/detail/koop/amsterdam/appartement-curacaostraat-122-1/89704967/,545000,1058 CD Amsterdam,59,210,3,2,1,1935
https://www.funda.nl/en/detail/koop/amsterdam/appartement-nassaukade-356-c/44486822/,1485000,1054 AA Amsterdam,174,120,4,3,1,1906
https://www.funda.nl/en/detail/koop/amsterdam/appartement-grubbehoeve-314/44488633/,280000,1103 GZ Amsterdam,69,90,3,2,1,1970
https://www.funda.nl/en/detail/koop/amsterdam/appartement-domselaerstraat-23-h/44484683/,600000,1093 JM Amsterdam,60,120,3,2,1,1902
https://www.funda.nl/en/detail/koop/amsterdam/appartement-van-houweningenstraat-80-h/43322234/,399000,1052 TT Amsterdam,44,160,2,1,1,1906
https://www.funda.nl/en/detail/koop/amsterdam/appartement-haarlemmermeerstraat-64-1/43325741/,650000,1058 KC Amsterdam,85,210,4,2,1,1932
https://www.funda.nl/en/detail/koop/amsterdam/appartement-johannes-verhulststraat-130-2/44471976/,2000000,1071 NM Amsterdam,143,90,4,4,1,1902
https://www.funda.nl/en/detail/koop/amsterdam/appartement-van-nijenrodeweg-487/80835925/,495000,1082 HM Amsterdam,88,160,4,2,1,1965
https://www.funda.nl/en/detail/koop/amsterdam/appartement-wilhelmina-blombergplein-33/43327878/,800000,1018 MW Amsterdam,84,120,4,2,1,1992
https://www.funda.nl/en/detail/koop/amsterdam/appartement-nieuwezijds-voorburgwal-43-e/43108214/,395000,1012 RD Amsterdam,46,450,2,1,1,1774
https://www.funda.nl/en/detail/koop/amsterdam/appartement-gerard-doustraat-32-a3/80855269/,1295000,1072 VS Amsterdam,151,90,3,2,1,1884
https://www.funda.nl/en/detail/koop/amsterdam/appartement-tielstraat-69/80889194/,319000,1107 RB Amsterdam,70,90,3,2,1,1984
https://www.funda.nl/en/detail/koop/amsterdam/appartement-frans-halsstraat-96-h/44454790/,475000,1072 BX Amsterdam,46,275,2,1,1,1884
https://www.funda.nl/en/detail/koop/amsterdam/appartement-de-wittenkade-38/44464498/,989000,1051 AC Amsterdam,135,120,5,4,1,1975
https://www.funda.nl/en/detail/koop/amsterdam/appartement-appartement-bouwnr-547/43040006/,750000,1025 WL Amsterdam,101,50,4,3,1,2020
https://www.funda.nl/en/detail/koop/amsterdam/appartement-reggestraat-13-2/89796327/,585000,1078 CX Amsterdam,68,275,4,3,1,1925
https://www.funda.nl/en/detail/koop/amsterdam/appartement-hillegomstraat-53-h/44466175/,800000,1058 LR Amsterdam,82,120,3,2,1,1934
https://www.funda.nl/en/detail/koop/amsterdam/appartement-type-a-bouwnr-513/43716731/,410000,1062 HE Amsterdam,50,10,2,1,1,2026
https://www.funda.nl/en/detail/koop/amsterdam/appartement-orteliusstraat-100-1/44400403/,425000,1057 BE Amsterdam,48,160,2,1,1,1935
https://www.funda.nl/en/detail/koop/amsterdam/appartement-wormerveerstraat-3-3/43355065/,385000,1013 SJ Amsterdam,47,210,2,1,1,1916
https://www.funda.nl/en/detail/koop/amsterdam/appartement-milletstraat-12-4/43324203/,675000,1077 ZD Amsterdam,78,350,3,2,1,1957
https://www.funda.nl/en/detail/koop/amsterdam/appartement-kamerlingh-onneslaan-74/44483349/,575000,1097 DH Amsterdam,75,90,3,2,1,1961
https://www.funda.nl/en/detail/koop/amsterdam/appartement-hembrugstraat-302/44481087/,425000,1013 XE Amsterdam,51,90,3,2,1,1918
https://www.funda.nl/en/detail/koop/amsterdam/appartement-revaleiland-454/44458389/,850000,1014 ZG Amsterdam,99,90,3,2,1,2020
https://www.funda.nl/en/detail/koop/amsterdam/appartement-deurloostraat-51-3/43337213/,650000,1078 HT Amsterdam,68,275,3,2,1,1928
https://www.funda.nl/en/detail/koop/amsterdam/appartement-oostenburgervoorstraat-10/44480048/,550000,1018 MR Amsterdam,59,120,3,2,1,1985
https://www.funda.nl/en/detail/koop/amsterdam/appartement-loevestein-36/44470958/,475000,1082 XJ Amsterdam,78,160,3,2,1,1963
https://www.funda.nl/en/detail/koop/amsterdam/appartement-raoul-wallenbergstraat-175/80861315/,675000,1102 AX Amsterdam,134,90,4,3,1,2010
https://www.funda.nl/en/detail/koop/amsterdam/appartement-cortado-urban-80-95-bouwnr-493/43206292/,590000,1064 AB Amsterdam,83,50,4,3,1,2028
https://www.funda.nl/en/detail/koop/amsterdam/appartement-driekoningenstraat-24/43314312/,698000,1016 AL Amsterdam,68,210,2,1,1,1906
https://www.funda.nl/en/detail/koop/amsterdam/appartement-newtonstraat-73-h/44467403/,950000,1098 HA Amsterdam,119,275,5,4,1,1929
https://www.funda.nl/en/detail/koop/amsterdam/appartement-lizzy-ansinghstraat-121/43331437/,500000,1072 RE Amsterdam,57,120,2,1,1,1986
https://www.funda.nl/en/detail/koop/amsterdam/appartement-ijdoornlaan-1495-g/44406472/,399000,1034 BM Amsterdam,54,90,2,1,1,2019
https://www.funda.nl/en/detail/koop/amsterdam/appartement-prinsengracht-487-c/44455035/,1295000,1016 HP Amsterdam,95,90,2,1,1,1905
https://www.funda.nl/en/detail/koop/amsterdam/appartement-3-kamerappartement-bouwnr-d0401/44478979/,503000,1068 MT Amsterdam,64,30,3,2,1,2020
https://www.funda.nl/en/detail/koop/amsterdam/appartement-fagelstraat-63-2/80816796/,350000,1052 EZ Amsterdam,43,160,2,1,1,1898
https://www.funda.nl/en/detail/koop/amsterdam/appartement-city-lofts-bouwnr-14/44467381/,368671,1095 PG Amsterdam,46,30,2,1,1,2027
https://www.funda.nl/en/detail/koop/amsterdam/appartement-levantkade-231/44411896/,599000,1019 MG Amsterdam,76,90,4,3,1,1992
https://www.funda.nl/en/detail/koop/amsterdam/appartement-amstelkade-77-1/43236007/,400000,1078 AM Amsterdam,56,160,3,2,1,1924
https://www.funda.nl/en/detail/koop/amsterdam/appartement-curacaostraat-100-1/80812859/,500000,1058 CB Amsterdam,67,160,4,3,1,1935
https://www.funda.nl/en/detail/koop/amsterdam/appartement-bos-en-lommerweg-343-2/44498648/,575000,1055 EA Amsterdam,75,90,3,2,1,1940
https://www.funda.nl/en/detail/koop/amsterdam/appartement-jan-den-haenstraat-30-d/44483787/,485000,1055 WG Amsterdam,54,90,3,2,1,1935
https://www.funda.nl/en/detail/koop/amsterdam/appartement-maisonnette-bouwnr-d0004/44478924/,655000,1068 MT Amsterdam,98,30,5,3,1,2020
https://www.funda.nl/en/detail/koop/amsterdam/appartement-borgerstraat-123/89743008/,450000,1053 PG Amsterdam,51,120,2,1,1,1986
https://www.funda.nl/en/detail/koop/amsterdam/appartement-hogehilweg-12-b25/43382498/,527500,1101 CD Amsterdam,78,50,3,2,1,2026
https://www.funda.nl/en/detail/koop/amsterdam/appartement-silvoldestraat-75/89702452/,375000,1107 TD Amsterdam,79,120,3,2,1,1983
https://www.funda.nl/en/detail/koop/amsterdam/appartement-bonairestraat-74-2/44466500/,795000,1058 XL Amsterdam,91,275,4,2,1,1930
https://www.funda.nl/en/detail/koop/amsterdam/appartement-bramzeilhof-26/89709200/,335000,1034 LG Amsterdam,74,120,3,2,1,1979
https://www.funda.nl/en/detail/koop/amsterdam/appartement-3-kamer-appartement-bouwnr-380/43276377/,420370,1102 AK Amsterdam,60,50,3,2,1,2020
https://www.funda.nl/en/detail/koop/amsterdam/appartement-jacques-veltmanstraat-62-2/44453163/,395000,1065 EM Amsterdam,57,160,3,2,1,1956
https://www.funda.nl/en/detail/koop/amsterdam/appartement-de-oosterlingen-bouwnummer-409/42103308/,650000,1018 CA Amsterdam,70,30,3,2,1,2020
https://www.funda.nl/en/detail/koop/amsterdam/appartement-feike-de-boerlaan-81/44478745/,700000,1019 KS Amsterdam,96,90,3,2,1,1997
https://www.funda.nl/en/detail/koop/amsterdam/appartement-van-hogendorpstraat-62-h/89735729/,460000,1051 BS Amsterdam,60,90,2,1,1,1899
https://www.funda.nl/en/detail/koop/amsterdam/appartement-grootzeilhof-14/43324668/,350000,1034 LX Amsterdam,93,120,4,3,1,1976
https://www.funda.nl/en/detail/koop/amsterdam/appartement-zinranapad-17/43078596/,1053000,1096 GV Amsterdam,101,30,4,2,1,2020
https://www.funda.nl/en/detail/koop/amsterdam/appartement-biesboschstraat-48-2/43342599/,725000,1078 MX Amsterdam,76,160,3,2,1,1929
https://www.funda.nl/en/detail/koop/amsterdam/appartement-mesdagstraat-31-2/80867317/,1050000,1073 HJ Amsterdam,123,120,5,4,2,1924
https://www.funda.nl/en/detail/koop/amsterdam/appartement-haarlemmermeerstraat-20-3/80885501/,624500,1058 KA Amsterdam,82,160,4,2,1,1933
https://www.funda.nl/en/detail/koop/amsterdam/appartement-eastonstraat-141/44404721/,350000,1068 JD Amsterdam,75,160,3,2,1,1963
https://www.funda.nl/en/detail/koop/amsterdam/appartement-dirk-schaferstraat-7-3/44406367/,375000,1076 BA Amsterdam,45,350,2,1,1,1957
https://www.funda.nl/en/detail/koop/amsterdam/appartement-korte-ouderkerkerdijk-1-p2/43321574/,1390000,1096 AC Amsterdam,109,70,3,2,1,2021
https://www.funda.nl/en/detail/koop/amsterdam/appartement-swammerdamstraat-38-d/44492232/,1150000,1091 RV Amsterdam,114,90,4,3,1,1885
https://www.funda.nl/en/detail/koop/amsterdam/appartement-nieuwendijk-96-c/80815617/,550000,1012 MR Amsterdam,45,90,2,1,1,1836
https://www.funda.nl/en/detail/koop/amsterdam/appartement-soendastraat-20-3/43313701/,410000,1094 BG Amsterdam,45,275,2,1,1,1913
https://www.funda.nl/en/detail/koop/amsterdam/appartement-stuyvesantstraat-56-h/44418347/,400000,1058 AM Amsterdam,49,210,2,1,1,1930
https://www.funda.nl/en/detail/koop/amsterdam/appartement-laagte-kadijk-148-a/44474368/,450000,1018 ZD Amsterdam,62,90,2,1,1,1750
https://www.funda.nl/en/detail/koop/amsterdam/appartement-zeilstraat-27-1/89704448/,640000,1075 SB Amsterdam,88,275,4,3,2,1913
https://www.funda.nl/en/detail/koop/amsterdam/appartement-raphaelstraat-20-h/80827271/,1275000,1077 PV Amsterdam,144,275,4,3,1,1928
https://www.funda.nl/en/detail/koop/amsterdam/appartement-galileiplantsoen-82/44477001/,825000,1098 NC Amsterdam,96,210,4,3,1,1930
https://www.funda.nl/en/detail/koop/amsterdam/appartement-liftado-urban-80-95-bouwnr-521/43206227/,699000,1064 AB Amsterdam,95,50,4,3,1,2028
https://www.funda.nl/en/detail/koop/amsterdam/appartement-veemkade-1126/44485094/,750000,1019 BZ Amsterdam,108,90,3,2,1,1995
https://www.funda.nl/en/detail/koop/amsterdam/appartement-waldenlaan-103/80819806/,575000,1093 NH Amsterdam,77,90,3,2,1,2014
https://www.funda.nl/en/detail/koop/amsterdam/appartement-geschutswerf-81/44453276/,1295000,1018 AW Amsterdam,220,90,3,2,1,1906
https://www.funda.nl/en/detail/koop/amsterdam/appartement-prinsengracht-657-b/89763169/,590000,1016 HV Amsterdam,62,90,2,1,1,1905
https://www.funda.nl/en/detail/koop/amsterdam/appartement-beursstraat-29-c/43285418/,475000,1012 JV Amsterdam,62,120,2,1,1,1906
https://www.funda.nl/en/detail/koop/amsterdam/appartement-jacob-marisstraat-106-h/44405505/,1200000,1058 JB Amsterdam,117,90,4,3,1,1914
https://www.funda.nl/en/detail/koop/amsterdam/appartement-martini-van-geffenstraat-70/80817327/,550000,1068 GL Amsterdam,114,90,5,3,1,2002
https://www.funda.nl/en/detail/koop/amsterdam/appartement-van-baerlestraat-148-2/43377641/,1695000,1071 BG Amsterdam,194,275,7,4,1,1901
https://www.funda.nl/en/detail/koop/amsterdam/appartement-dijkmeerlaan-449/43180796/,850000,1096 DE Amsterdam,90,90,3,2,1,2022
https://www.funda.nl/en/detail/koop/amsterdam/appartement-isaac-titsinghkade-112/44476668/,1125000,1018 CA Amsterdam,117,30,4,3,1,2020
https://www.funda.nl/en/detail/koop/amsterdam/appartement-korte-prinsengracht-16-c/44453231/,1775000,1013 GS Amsterdam,179,90,3,2,2,1656
https://www.funda.nl/en/detail/koop/amsterdam/appartement-zaaiersweg-95/44461090/,2750000,1097 SR Amsterdam,327,90,7,4,1,1926
https://www.funda.nl/en/detail/koop/amsterdam/appartement-pieter-aertszstraat-112-4/80880798/,395000,1074 VT Amsterdam,54,210,2,1,1,1907
https://www.funda.nl/en/detail/koop/amsterdam/appartement-corellistraat-3-3/44493736/,1450000,1077 HA Amsterdam,177,160,6,5,1,1918
https://www.funda.nl/en/detail/koop/amsterdam/appartement-jacob-van-lennepstraat-69-h/89772219/,1175000,1053 HE Amsterdam,138,210,5,3,1,1882
https://www.funda.nl/en/detail/koop/amsterdam/appartement-jan-lievensstraat-51/43301194/,450000,1074 TM Amsterdam,54,275,3,2,1,1925
https://www.funda.nl/en/detail/koop/amsterdam/appartement-maisonnette-bouwnr-e0003/44478917/,665000,1068 MT Amsterdam,98,30,5,3,1,2020
https://www.funda.nl/en/detail/koop/amsterdam/appartement-terrasappartement-bouwnr-45/43053801/,697500,1061 AV Amsterdam,83,30,3,2,1,2027
https://www.funda.nl/en/detail/koop/amsterdam/appartement-anna-van-den-vondelstraat-13-d/44403772/,2295000,1054 GX Amsterdam,164,160,6,4,1,1885
https://www.funda.nl/en/detail/koop/amsterdam/appartement-3-kamerappartement-bouwnr-e0203/44478993/,510000,1068 MT Amsterdam,71,30,3,2,1,2020
https://www.funda.nl/en/detail/koop/amsterdam/appartement-beethovenstraat-105-d/43324398/,1175000,1077 HX Amsterdam,122,90,3,2,1,1930
https://www.funda.nl/en/detail/koop/amsterdam/appartement-bogortuin-129/89796227/,750000,1019 PE Amsterdam,105,90,2,1,1,2001
https://www.funda.nl/en/detail/koop/amsterdam/appartement-touwbaan-2/80811084/,475000,1018 HS Amsterdam,59,160,3,2,1,1985
https://www.funda.nl/en/detail/koop/amsterdam/appartement-gamerenstraat-20-a/43141996/,995000,1087 VN Amsterdam,157,90,5,4,1,2021
https://www.funda.nl/en/detail/koop/amsterdam/appartement-rijgersborgh-70/44484666/,380840,1068 EJ Amsterdam,48,30,2,1,1,2020
https://www.funda.nl/en/detail/koop/amsterdam/appartement-dierenriem-96/44413715/,249500,1033 AH Amsterdam,34,120,2,1,1,1963
https://www.funda.nl/en/detail/koop/amsterdam/appartement-haringbuisdijk-887/80867231/,1400000,1086 VA Amsterdam,150,10,7,3,1,2022
https://www.funda.nl/en/detail/koop/amsterdam/appartement-hoogte-kadijk-145-y1/44425949/,925000,1018 BH Amsterdam,86,50,4,3,1,2026
https://www.funda.nl/en/detail/koop/amsterdam/appartement-weesperplein-17-a/80825731/,550000,1018 WZ Amsterdam,63,90,3,1,1,2005
https://www.funda.nl/en/detail/koop/amsterdam/appartement-leo-smitstraat-49/80853481/,485000,1082 MP Amsterdam,45,90,2,1,1,2015
https://www.funda.nl/en/detail/koop/amsterdam/appartement-singel-109-f/43703804/,1125000,1012 VG Amsterdam,118,160,3,2,1,1994
https://www.funda.nl/en/detail/koop/amsterdam/appartement-loenermark-314/44469188/,395000,1025 TC Amsterdam,81,210,3,2,1,1975
https://www.funda.nl/en/detail/koop/amsterdam/appartement-kinkerstraat-214-2/89791641/,435000,1053 EM Amsterdam,48,160,2,1,1,1897
https://www.funda.nl/en/detail/koop/amsterdam/appartement-liftado-waterfront-95-100-bouwnr-552/43294191/,696000,1064 AB Amsterdam,89,50,3,2,1,2028
https://www.funda.nl/en/detail/koop/amsterdam/appartement-daniel-defoelaan-114/80847175/,265000,1102 ZL Amsterdam,40,160,2,1,1,1983
https://www.funda.nl/en/detail/koop/amsterdam/appartement-willem-van-konijnenburgstraat-3-c/89719210/,499000,1062 DM Amsterdam,57,90,3,2,1,2019
https://www.funda.nl/en/detail/koop/amsterdam/appartement-herengracht-181-c/44428107/,900000,1016 BE Amsterdam,80,275,2,1,1,1900
https://www.funda.nl/en/detail/koop/amsterdam/appartement-van-boetzelaerstraat-30-1/43336641/,400000,1051 CW Amsterdam,43,160,2,1,1,1903
https://www.funda.nl/en/detail/koop/amsterdam/appartement-type-a-bouwnr-415/43716727/,410000,1062 HE Amsterdam,50,10,2,1,1,2026
https://www.funda.nl/en/detail/koop/amsterdam/appartement-haarlemmerweg-481-g/44494283/,365000,1055 PK Amsterdam,48,160,2,1,1,1988
https://www.funda.nl/en/detail/koop/amsterdam/appartement-eikenweg-6-e/43304578/,1165000,1092 BZ Amsterdam,128,90,5,4,1,1997
https://www.funda.nl/en/detail/koop/amsterdam/appartement-dantestraat-104/89788519/,230000,1102 ZP Amsterdam,34,90,1,1,1,1984
https://www.funda.nl/en/detail/koop/amsterdam/appartement-haparandaweg-948-a/44465878/,1350000,1013 BD Amsterdam,150,90,4,3,1,2018
https://www.funda.nl/en/detail/koop/amsterdam/appartement-type-a-3-kamerappartement-bouwnr-c005/44452583/,457900,1069 EJ Amsterdam,64,50,3,2,1,2027
https://www.funda.nl/en/detail/koop/amsterdam/appartement-granaatstraat-64/44499754/,675000,1074 HN Amsterdam,88,160,5,3,1,1925
https://www.funda.nl/en/detail/koop/amsterdam/appartement-bolestein-13-b/44478629/,395000,1081 CP Amsterdam,52,90,4,2,1,1963
https://www.funda.nl/en/detail/koop/amsterdam/appartement-garden-maisonnettes-bouwnr-5/44467396/,665190,1095 PG Amsterdam,90,30,4,2,1,2027
https://www.funda.nl/en/detail/koop/amsterdam/appartement-lumeijstraat-15-2/44416745/,695000,1056 VS Amsterdam,77,160,3,2,1,1918
https://www.funda.nl/en/detail/koop/amsterdam/appartement-parkvilla-8-penthouse-cieli-bouwnr-27/44405575/,935000,1022 LA Amsterdam,144,50,4,3,1,2020
https://www.funda.nl/en/detail/koop/amsterdam/appartement-pieter-van-der-doesstraat-36-1/44420298/,500000,1056 VG Amsterdam,60,160,3,2,1,1933
https://www.funda.nl/en/detail/koop/amsterdam/appartement-3-kamer-appartement-bouwnr-310/43953560/,491426,1102 AK Amsterdam,71,50,3,2,1,2020
https://www.funda.nl/en/detail/koop/amsterdam/appartement-peter-schatstraat-97/80826733/,1975000,1082 MX Amsterdam,207,90,4,3,1,2017
https://www.funda.nl/en/detail/koop/amsterdam/appartement-de-lierhof-54/44463725/,650000,1059 WE Amsterdam,89,90,3,2,1,2000
https://www.funda.nl/en/detail/koop/amsterdam/appartement-zocherstraat-15-3/80813394/,750000,1054 LP Amsterdam,75,160,3,2,1,1917
https://www.funda.nl/en/detail/koop/amsterdam/appartement-jacoba-mosselhof-11/44475302/,500000,1065 WB Amsterdam,67,30,3,2,1,2024
https://www.funda.nl/en/detail/koop/amsterdam/appartement-entrepothof-34/44425014/,570000,1019 DJ Amsterdam,79,160,3,2,1,1991
https://www.funda.nl/en/detail/koop/amsterdam/appartement-tweede-jan-steenstraat-115-3/43328022/,640000,1074 CN Amsterdam,71,90,3,2,1,1882
https://www.funda.nl/en/detail/koop/amsterdam/appartement-rookmelderstraat-36/89703343/,399000,1019 VS Amsterdam,45,50,2,1,1,2018
https://www.funda.nl/en/detail/koop/amsterdam/appartement-nicolaas-anslijnstraat-71/44420055/,325000,1068 WR Amsterdam,81,120,3,2,1,1964
https://www.funda.nl/en/detail/koop/amsterdam/appartement-van-eeghenstraat-117-b/43384768/,1050000,1071 GA Amsterdam,91,160,3,2,1,1901
https://www.funda.nl/en/detail/koop/amsterdam/appartement-poederooienstraat-9/80840673/,275000,1106 CE Amsterdam,55,160,2,1,1,1982
https://www.funda.nl/en/detail/koop/amsterdam/appartement-aalsmeerweg-9-h/44429795/,595000,1059 AA Amsterdam,86,160,4,2,1,1928
https://www.funda.nl/en/detail/koop/amsterdam/appartement-amstelvlietstraat-573/43332529/,1095000,1096 GG Amsterdam,119,90,4,3,1,2016
https://www.funda.nl/en/detail/koop/amsterdam/appartement-meer-en-vaart-52-d/44460772/,550000,1068 ZZ Amsterdam,119,70,3,2,1,2007
https://www.funda.nl/en/detail/koop/amsterdam/appartement-jan-tooropstraat-613/80850118/,580000,1061 AE Amsterdam,87,70,3,2,1,2008
https://www.funda.nl/en/detail/koop/amsterdam/appartement-jan-tooropstraat-527/44452425/,725000,1061 AE Amsterdam,123,90,4,3,1,2008
https://www.funda.nl/en/detail/koop/amsterdam/appartement-tilanusstraat-45-2/44428216/,575000,1091 BE Amsterdam,68,160,3,1,1,1907
https://www.funda.nl/en/detail/koop/amsterdam/appartement-de-oosterlingen-bouwnummer-608/43513304/,1275000,1018 CA Amsterdam,133,30,4,3,1,2020
https://www.funda.nl/en/detail/koop/amsterdam/appartement-meimorgenstraat-43/43340414/,550000,1061 BN Amsterdam,75,90,3,2,1,2020
https://www.funda.nl/en/detail/koop/amsterdam/appartement-mercatorstraat-97-2/44450529/,450000,1056 RB Amsterdam,56,160,3,2,1,1927
https://www.funda.nl/en/detail/koop/amsterdam/appartement-leerdamhof-429/43304541/,525000,1108 CK Amsterdam,133,120,5,3,1,1980
https://www.funda.nl/en/detail/koop/amsterdam/appartement-ceintuurbaan-253-3/43234075/,1595000,1074 CZ Amsterdam,241,160,8,4,1,1885
https://www.funda.nl/en/detail/koop/amsterdam/appartement-sky-maisonnettes-bouwnr-10/44467392/,795470,1095 PG Amsterdam,107,30,4,3,1,2027
https://www.funda.nl/en/detail/koop/amsterdam/appartement-3-kamersappartement-bouwnr-d0401/43344804/,503840,1068 MT Amsterdam,64,30,3,2,1,2026
https://www.funda.nl/en/detail/koop/amsterdam/appartement-herengracht-149-h/89745716/,725000,1015 BH Amsterdam,75,160,3,2,2,1652
https://www.funda.nl/en/detail/koop/amsterdam/appartement-appartement-bouwnummer-33-bouwnr-33/43143889/,618915,1019 AK Amsterdam,73,70,3,2,1,2028
https://www.funda.nl/en/detail/koop/amsterdam/appartement-grubbehoeve-824/44489146/,445000,1103 GZ Amsterdam,109,90,4,3,1,1970
https://www.funda.nl/en/detail/koop/amsterdam/appartement-warmondstraat-188-1/44460730/,475000,1058 LC Amsterdam,53,210,3,2,1,1932
https://www.funda.nl/en/detail/koop/amsterdam/appartement-baarsjesweg-176-2/80882992/,650000,1057 HP Amsterdam,70,120,4,3,1,1923
https://www.funda.nl/en/detail/koop/amsterdam/appartement-joan-melchior-kemperstraat-75-1/43336407/,425000,1051 TL Amsterdam,45,90,2,1,1,1904
https://www.funda.nl/en/detail/koop/amsterdam/appartement-de-lierhof-24/44493700/,825000,1059 WD Amsterdam,118,90,3,2,1,2000
https://www.funda.nl/en/detail/koop/amsterdam/appartement-cliffordstraat-20-2/44485357/,375000,1051 GT Amsterdam,40,210,3,2,1,1905
https://www.funda.nl/en/detail/koop/amsterdam/appartement-krugerplein-2-3/43271465/,550000,1091 KX Amsterdam,54,90,3,2,1,1914
https://www.funda.nl/en/detail/koop/amsterdam/appartement-develstein-40-f/43318072/,460478,1102 AK Amsterdam,70,50,3,2,1,2020
https://www.funda.nl/en/detail/koop/amsterdam/appartement-nieuwezijds-voorburgwal-294-4/44468527/,965000,1012 RT Amsterdam,140,210,3,2,1,1735
https://www.funda.nl/en/detail/koop/amsterdam/appartement-mary-van-der-sluisstraat-428/89778368/,350000,1095 ME Amsterdam,50,70,2,1,1,2016
https://www.funda.nl/en/detail/koop/amsterdam/appartement-marathonweg-12-1/44482300/,450000,1076 TG Amsterdam,42,90,2,1,1,1926
https://www.funda.nl/en/detail/koop/amsterdam/appartement-jj-cremerplein-58-3/43301508/,995000,1054 TM Amsterdam,120,90,6,4,1,1912
https://www.funda.nl/en/detail/koop/amsterdam/appartement-lambertus-zijlplein-106/89734324/,425000,1067 JS Amsterdam,80,90,3,2,1,2002
https://www.funda.nl/en/detail/koop/amsterdam/appartement-bloys-van-treslongstraat-52-3/43344528/,500000,1056 XD Amsterdam,57,210,3,2,1,1937
https://www.funda.nl/en/detail/koop/amsterdam/appartement-3-kamersappartement-bouwnr-d0203/43344879/,498840,1068 MT Amsterdam,71,30,3,2,1,2026
https://www.funda.nl/en/detail/koop/amsterdam/appartement-sint-jacobsstraat-23-1/44406961/,975000,1012 NC Amsterdam,96,350,3,2,1,1756
https://www.funda.nl/en/detail/koop/amsterdam/appartement-nicolaas-maesstraat-122-2/44405243/,1050000,1071 RH Amsterdam,112,160,4,2,1,1910
https://www.funda.nl/en/detail/koop/amsterdam/appartement-zeilstraat-39-2/80839800/,425000,1075 SB Amsterdam,50,160,3,2,1,1913
https://www.funda.nl/en/detail/koop/amsterdam/appartement-badhuiskade-51/43345577/,855000,1031 KV Amsterdam,105,30,3,2,1,2021
https://www.funda.nl/en/detail/koop/amsterdam/appartement-javastraat-103-3/43325114/,425000,1094 HC Amsterdam,46,210,3,2,1,1912
https://www.funda.nl/en/detail/koop/amsterdam/appartement-derde-helmersstraat-47-ah/44472909/,1350000,1054 BC Amsterdam,132,160,4,3,1,1899
https://www.funda.nl/en/detail/koop/amsterdam/appartement-van-oldenbarneveldtstraat-64-4/44416136/,570000,1052 KD Amsterdam,62,160,3,2,1,1886
https://www.funda.nl/en/detail/koop/amsterdam/appartement-dostojevskisingel-289/44484965/,365000,1102 XM Amsterdam,81,120,4,3,1,1984
https://www.funda.nl/en/detail/koop/amsterdam/appartement-eerste-atjehstraat-113-2/89579244/,450000,1094 KG Amsterdam,55,120,3,2,1,1905
https://www.funda.nl/en/detail/koop/amsterdam/appartement-toutenburgstraat-113/89404757/,310000,1107 PX Amsterdam,69,120,3,2,1,1984
https://www.funda.nl/en/detail/koop/amsterdam/appartement-ruyschstraat-18-h/44474601/,1275000,1091 CB Amsterdam,125,90,5,4,1,1887
https://www.funda.nl/en/detail/koop/amsterdam/appartement-jacques-veltmanstraat-21/43324878/,875000,1065 EG Amsterdam,164,90,4,3,1,2003
https://www.funda.nl/en/detail/koop/amsterdam/appartement-ten-katestraat-93/89797146/,500000,1053 CC Amsterdam,60,90,2,1,1,2006
https://www.funda.nl/en/detail/koop/amsterdam/appartement-korte-prinsengracht-16-a/43327966/,2150000,1013 GS Amsterdam,253,120,5,3,1,1656
https://www.funda.nl/en/detail/koop/amsterdam/appartement-palestrinastraat-32-2/43392365/,1545000,1071 LG Amsterdam,147,120,6,4,1,1903
https://www.funda.nl/en/detail/koop/amsterdam/appartement-2-kamer-appartement-bouwnr-377/43276366/,370370,1102 AK Amsterdam,51,50,2,1,1,2020
https://www.funda.nl/en/detail/koop/amsterdam/appartement-kikkenstein-2719/43209855/,330000,1104 TJ Amsterdam,95,160,4,3,1,1970
https://www.funda.nl/en/detail/koop/amsterdam/appartement-argonautenstraat-88-h/43326218/,825000,1076 KV Amsterdam,82,160,3,2,1,1930
https://www.funda.nl/en/detail/koop/amsterdam/appartement-oudeschans-8-2/44493372/,1198000,1011 KX Amsterdam,170,350,5,4,1,1700
https://www.funda.nl/en/detail/koop/amsterdam/appartement-paramariboplein-53-1/44498582/,500000,1058 AR Amsterdam,67,90,4,2,1,1927
https://www.funda.nl/en/detail/koop/amsterdam/appartement-schipluidenlaan-204/43342721/,850000,1062 HE Amsterdam,121,90,4,3,1,2018
https://www.funda.nl/en/detail/koop/amsterdam/appartement-silodam-199/43307529/,1150000,1013 AS Amsterdam,163,70,4,3,2,1997
https://www.funda.nl/en/detail/koop/amsterdam/appartement-da-costastraat-33-3/44470139/,1350000,1053 ZA Amsterdam,148,210,3,2,1,1906
https://www.funda.nl/en/detail/koop/amsterdam/appartement-prinseneiland-557/43316818/,650000,1013 EC Amsterdam,71,90,3,2,1,2005
https://www.funda.nl/en/detail/koop/amsterdam/appartement-elisabeth-boddaertstraat-28-3/44465808/,495000,1066 BD Amsterdam,76,90,4,3,1,1959
https://www.funda.nl/en/detail/koop/amsterdam/appartement-doggersbankstraat-30-2/44478464/,375000,1055 PA Amsterdam,48,275,3,2,1,1937
https://www.funda.nl/en/detail/koop/amsterdam/appartement-alblasstraat-31-2/44481721/,800000,1079 ZJ Amsterdam,103,120,4,3,1,1935
https://www.funda.nl/en/detail/koop/amsterdam/appartement-hunzestraat-101-h/43333885/,700000,1079 VW Amsterdam,77,120,3,2,1,1934
https://www.funda.nl/en/detail/koop/amsterdam/appartement-cortado-waterfront-95-100-bouwnr-499/44429876/,684000,1064 AB Amsterdam,91,50,4,3,1,2028
https://www.funda.nl/en/detail/koop/amsterdam/appartement-sint-agnietenstraat-22/43707094/,555555,1012 EG Amsterdam,58,275,2,2,1,1742
https://www.funda.nl/en/detail/koop/amsterdam/appartement-pieter-calandlaan-720/80869364/,450000,1060 TX Amsterdam,90,90,4,3,1,1999
https://www.funda.nl/en/detail/koop/amsterdam/appartement-lutmastraat-220-h/44472660/,625000,1074 VC Amsterdam,70,160,3,2,1,1933
https://www.funda.nl/en/detail/koop/amsterdam/appartement-uiterwaardenstraat-139/44480252/,795000,1079 CK Amsterdam,96,120,6,3,2,1934
https://www.funda.nl/en/detail/koop/amsterdam/appartement-van-der-hoopstraat-94-1/44486752/,385000,1051 VL Amsterdam,42,90,2,1,1,1904
https://www.funda.nl/en/detail/koop/amsterdam/appartement-singerstraat-23/44425762/,650000,1064 WN Amsterdam,99,120,4,3,1,1997
https://www.funda.nl/en/detail/koop/amsterdam/appartement-beethovenstraat-192-4/44486669/,1150000,1077 JZ Amsterdam,132,350,3,2,1,1965
https://www.funda.nl/en/detail/koop/amsterdam/appartement-liftado-penthouse-bouwnr-562/43205414/,953000,1064 AB Amsterdam,127,70,4,3,1,2028
https://www.funda.nl/en/detail/koop/amsterdam/appartement-gerard-doustraat-93-3/44409802/,335000,1072 VN Amsterdam,31,450,2,1,1,1875
https://www.funda.nl/en/detail/koop/amsterdam/appartement-van-gentstraat-53-1/44488569/,385000,1055 PD Amsterdam,48,210,4,3,1,1936
https://www.funda.nl/en/detail/koop/amsterdam/appartement-geuzenstraat-51-1/44493611/,495000,1056 KB Amsterdam,56,210,3,2,1,1935
https://www.funda.nl/en/detail/koop/amsterdam/appartement-eerste-atjehstraat-109-h/44480182/,550000,1094 KG Amsterdam,58,90,3,2,1,1905
https://www.funda.nl/en/detail/koop/amsterdam/appartement-rinus-michelslaan-243/44418958/,450000,1061 MB Amsterdam,62,90,3,2,1,2021
https://www.funda.nl/en/detail/koop/amsterdam/appartement-type-i-3-kamerappartement-bouwnr-a301/44409256/,457900,1069 EJ Amsterdam,65,50,4,3,1,2027
https://www.funda.nl/en/detail/koop/amsterdam/appartement-appartement-bouwnummer-118-bouwnr-118/43143854/,633915,1019 AK Amsterdam,73,70,3,2,1,2028
https://www.funda.nl/en/detail/koop/amsterdam/appartement-jh-hisgenpad/43241377/,730000,1025 WK Amsterdam,120,30,4,3,1,2026
https://www.funda.nl/en/detail/koop/amsterdam/appartement-ndsm-straat-183/44486671/,595000,1033 NA Amsterdam,72,70,4,3,1,2023
https://www.funda.nl/en/detail/koop/amsterdam/appartement-eerste-jacob-van-campenstraat-53-4/44482567/,450000,1072 BD Amsterdam,45,210,2,1,1,1879
https://www.funda.nl/en/detail/koop/amsterdam/appartement-valeriusterras-5a-bouwnr-1/44466738/,3495000,1075 BK Amsterdam,258,90,7,5,1,1925
https://www.funda.nl/en/detail/koop/amsterdam/appartement-herengracht-193-c/80878984/,875000,1016 BE Amsterdam,113,210,3,2,1,1900
https://www.funda.nl/en/detail/koop/amsterdam/appartement-kloveniersburgwal-10-2/80853014/,485000,1012 CT Amsterdam,54,450,2,1,1,1507
https://www.funda.nl/en/detail/koop/amsterdam/appartement-emmeline-pankhurststraat-6/43329806/,325000,1103 MN Amsterdam,80,90,3,2,1,1999
https://www.funda.nl/en/detail/koop/amsterdam/appartement-hiraistraat-5-b111/43248283/,545000,1101 DA Amsterdam,80,50,3,2,1,2020
https://www.funda.nl/en/detail/koop/amsterdam/appartement-van-ostadestraat-286-1/44486518/,399000,1073 TW Amsterdam,41,210,2,1,1,1912
https://www.funda.nl/en/detail/koop/amsterdam/appartement-eef-kamerbeekstraat-294/44486716/,875000,1095 MP Amsterdam,127,70,4,3,1,2021
https://www.funda.nl/en/detail/koop/amsterdam/appartement-liftado-urban-80-95-bouwnr-530/43206228/,569000,1064 AB Amsterdam,80,50,3,2,1,2028
https://www.funda.nl/en/detail/koop/amsterdam/appartement-houtmankade-74-3/43341644/,730000,1013 NA Amsterdam,114,275,5,3,1,1911
https://www.funda.nl/en/detail/koop/amsterdam/appartement-appartement-bouwnummer-55-bouwnr-55/43143805/,623915,1019 AK Amsterdam,73,70,3,2,1,2028
https://www.funda.nl/en/detail/koop/amsterdam/appartement-julius-pergerstraat-57/43329091/,475000,1087 KN Amsterdam,82,90,3,2,1,2007
https://www.funda.nl/en/detail/koop/amsterdam/appartement-baldwinstraat-27/43322601/,360000,1069 NH Amsterdam,78,120,4,2,1,1988
https://www.funda.nl/en/detail/koop/amsterdam/appartement-spaarndammerdijk-272/44416888/,415000,1013 ZX Amsterdam,45,90,2,1,1,1919
https://www.funda.nl/en/detail/koop/amsterdam/appartement-lange-leidsedwarsstraat-73-c/43291912/,1250000,1017 NH Amsterdam,132,120,5,4,1,1996
https://www.funda.nl/en/detail/koop/amsterdam/appartement-barbusselaan-161/89728498/,250000,1102 TT Amsterdam,53,120,2,1,1,1984
https://www.funda.nl/en/detail/koop/amsterdam/appartement-type-h-3-kamerappartement-bouwnr-a202/44452533/,404900,1069 EJ Amsterdam,58,50,3,2,1,2027
https://www.funda.nl/en/detail/koop/amsterdam/appartement-frederik-hendrikplantsoen-96-h/44409662/,550000,1052 XZ Amsterdam,73,160,3,2,1,1906
https://www.funda.nl/en/detail/koop/amsterdam/appartement-johan-huizingalaan-254-1/89700508/,445000,1065 JM Amsterdam,71,160,3,2,1,1958
https://www.funda.nl/en/detail/koop/amsterdam/appartement-dusartstraat-47-4/80875866/,595000,1072 HN Amsterdam,66,350,3,1,1,1905
https://www.funda.nl/en/detail/koop/amsterdam/appartement-valeriusstraat-255-2/43159467/,1400000,1075 GB Amsterdam,150,120,7,3,1,1914
https://www.funda.nl/en/detail/koop/amsterdam/appartement-prins-hendrikkade-124-g/44459689/,600000,1011 AN Amsterdam,66,90,3,2,1,1785
https://www.funda.nl/en/detail/koop/amsterdam/appartement-adelaarsweg-25/89677354/,795000,1021 BP Amsterdam,122,50,4,3,1,1927
https://www.funda.nl/en/detail/koop/amsterdam/appartement-jm-den-uylstraat-91/43323845/,400000,1067 WB Amsterdam,71,90,3,2,1,1991
https://www.funda.nl/en/detail/koop/amsterdam/appartement-fannius-scholtenstraat-73-2/43333514/,375000,1051 EV Amsterdam,40,210,2,1,1,1900
https://www.funda.nl/en/detail/koop/amsterdam/appartement-lucellestraat-39-3/44481972/,335000,1055 HW Amsterdam,51,160,3,2,1,1942
https://www.funda.nl/en/detail/koop/amsterdam/appartement-pannerdenstraat-43/44402273/,399000,1106 BG Amsterdam,101,120,4,3,1,1983
https://www.funda.nl/en/detail/koop/amsterdam/appartement-olympiaplein-113-2/44460510/,945000,1077 CV Amsterdam,126,160,7,4,2,1938
https://www.funda.nl/en/detail/koop/amsterdam/appartement-ijburglaan-902/43229193/,575000,1087 GE Amsterdam,106,90,3,2,1,2003
https://www.funda.nl/en/detail/koop/amsterdam/appartement-pieter-de-hoochstraat-7-c/44400217/,950000,1071 ED Amsterdam,106,90,3,2,1,1996
https://www.funda.nl/en/detail/koop/amsterdam/appartement-driehoekstraat-30/44405517/,625000,1015 GL Amsterdam,71,350,3,1,2,1879
https://www.funda.nl/en/detail/koop/amsterdam/appartement-nieuwendammerkade-28-a3/44450201/,1465000,1022 AB Amsterdam,232,160,5,2,1,1963
https://www.funda.nl/en/detail/koop/amsterdam/appartement-valeriusstraat-99-2/80864537/,1350000,1075 EP Amsterdam,148,160,6,4,1,1910
https://www.funda.nl/en/detail/koop/amsterdam/appartement-nachtwachtlaan-119/44418766/,415000,1058 ED Amsterdam,59,120,2,1,1,1973
https://www.funda.nl/en/detail/koop/amsterdam/appartement-hoekslootstraat-41-a/44400307/,339900,1069 EJ Amsterdam,43,50,2,1,1,2027
https://www.funda.nl/en/detail/koop/amsterdam/appartement-wethouder-ramstraat-88/43321131/,325000,1107 CP Amsterdam,67,90,3,2,1,1984
https://www.funda.nl/en/detail/koop/amsterdam/appartement-zaagmolenstraat-12-1/44477193/,449000,1052 HD Amsterdam,53,275,3,2,1,1914
https://www.funda.nl/en/detail/koop/amsterdam/appartement-schimmelstraat-19-1/43349894/,275000,1053 TB Amsterdam,24,160,2,1,1,1929
https://www.funda.nl/en/detail/koop/amsterdam/appartement-driekamerappartement-bouwnr-51/43360584/,710100,1087 LA Amsterdam,108,30,3,2,1,2027
https://www.funda.nl/en/detail/koop/amsterdam/appartement-cortado-waterfront-95-100-bouwnr-503/43226333/,689000,1064 AB Amsterdam,91,50,3,2,1,2028
https://www.funda.nl/en/detail/koop/amsterdam/appartement-janusz-korczakstraat-42-c/44402779/,265000,1102 JP Amsterdam,41,90,2,1,1,2002
https://www.funda.nl/en/detail/koop/amsterdam/appartement-admiraal-de-ruijterweg-101-1/80864424/,675000,1056 EV Amsterdam,83,210,4,3,1,1910
https://www.funda.nl/en/detail/koop/amsterdam/appartement-jacques-oppenheimstraat-18-3/43309712/,350000,1063 PS Amsterdam,65,120,5,4,1,1954
https://www.funda.nl/en/detail/koop/amsterdam/appartement-van-heenvlietlaan-282-l/43249485/,285000,1083 CN Amsterdam,28,160,1,1,1,1977
https://www.funda.nl/en/detail/koop/amsterdam/appartement-frans-van-mierisstraat-37-2/43377200/,900000,1071 RJ Amsterdam,84,70,3,2,1,1910
https://www.funda.nl/en/detail/koop/amsterdam/appartement-baden-powellweg-38-d/44417950/,525000,1069 LK Amsterdam,121,90,4,3,1,2007
https://www.funda.nl/en/detail/koop/amsterdam/appartement-2-kamer-appartement-bouwnr-353/43276373/,360370,1102 AK Amsterdam,51,50,2,1,1,2020
https://www.funda.nl/en/detail/koop/amsterdam/appartement-liftado-urban-80-95-bouwnr-531/43206229/,709000,1064 AB Amsterdam,95,50,4,3,1,2028
https://www.funda.nl/en/detail/koop/amsterdam/appartement-wethouder-serrurierstraat-24/44478437/,300000,1107 CE Amsterdam,67,120,3,2,1,1985
https://www.funda.nl/en/detail/koop/amsterdam/appartement-weteringschans-161-e/43390974/,625000,1017 SE Amsterdam,74,120,3,2,1,1985
https://www.funda.nl/en/detail/koop/amsterdam/appartement-ward-bingleystraat-15-h/44489060/,375000,1065 TJ Amsterdam,57,210,3,2,1,1956
https://www.funda.nl/en/detail/koop/amsterdam/appartement-gustav-mahlerlaan-190/44410401/,1275000,1082 ME Amsterdam,168,70,3,2,1,2008
https://www.funda.nl/en/detail/koop/amsterdam/appartement-3-kamerappartement-bouwnr-d0304/44478972/,510000,1068 MT Amsterdam,71,30,3,2,1,2020
https://www.funda.nl/en/detail/koop/amsterdam/appartement-grasweg-432/44412993/,540000,1031 HX Amsterdam,60,30,2,1,1,2020
https://www.funda.nl/en/detail/koop/amsterdam/appartement-3-kamerappartement-bouwnr-d0203/44478976/,498000,1068 MT Amsterdam,71,30,3,2,1,2020
https://www.funda.nl/en/detail/koop/amsterdam/appartement-bos-en-lommerweg-283-1/44462011/,575000,1055 DX Amsterdam,76,160,4,2,1,1940
https://www.funda.nl/en/detail/koop/amsterdam/appartement-haarlemmerstraat-125-a/44496736/,325000,1013 EN Amsterdam,26,90,1,1,1,1822
https://www.funda.nl/en/detail/koop/amsterdam/appartement-boniplein-18/44427802/,395000,1094 SE Amsterdam,46,90,2,1,1,1986
https://www.funda.nl/en/detail/koop/amsterdam/appartement-mauritskade-93-b/44417183/,650000,1093 RP Amsterdam,85,120,4,2,1,1883
https://www.funda.nl/en/detail/koop/amsterdam/appartement-beursstraat-29-d/80845032/,595000,1012 JV Amsterdam,84,160,4,3,1,1850
https://www.funda.nl/en/detail/koop/amsterdam/appartement-albatrospad-8/43309169/,645000,1021 TR Amsterdam,113,70,3,2,1,2006
https://www.funda.nl/en/detail/koop/amsterdam/appartement-andries-copierstraat-112/44493171/,400000,1061 SE Amsterdam,63,90,2,1,1,2009
https://www.funda.nl/en/detail/koop/amsterdam/appartement-sumatrastraat-127-c/80817621/,450000,1094 LV Amsterdam,57,160,3,2,1,1983
https://www.funda.nl/en/detail/koop/amsterdam/appartement-george-gershwinlaan-247/44464657/,1135000,1082 MT Amsterdam,148,50,4,3,1,2011
https://www.funda.nl/en/detail/koop/amsterdam/appartement-parkvilla-8-3-en-4-kamer-appartement-auri-bouwnr-5/44405567/,495000,1022 LA Amsterdam,79,50,3,2,1,2020
https://www.funda.nl/en/detail/koop/amsterdam/appartement-polderweg-478-b/43296449/,750000,1093 KP Amsterdam,91,90,4,3,1,2018
https://www.funda.nl/en/detail/koop/amsterdam/appartement-fokke-simonszstraat-84-2/44479110/,375000,1017 TK Amsterdam,35,210,2,1,1,1893
https://www.funda.nl/en/detail/koop/amsterdam/appartement-aalsmeerweg-75-1/80889743/,450000,1059 AD Amsterdam,58,90,3,2,1,1929
https://www.funda.nl/en/detail/koop/amsterdam/appartement-paradijsplein-78/44494854/,550000,1093 NJ Amsterdam,67,90,3,2,1,2017
https://www.funda.nl/en/detail/koop/amsterdam/appartement-haarlemmerweg-577-2/43358956/,500000,1055 PP Amsterdam,75,275,3,2,1,1936
https://www.funda.nl/en/detail/koop/amsterdam/appartement-3-kamersappartement-bouwnr-e0406/43344812/,530840,1068 MT Amsterdam,71,30,3,2,1,2026
https://www.funda.nl/en/detail/koop/amsterdam/appartement-sumatrastraat-207-u/44489474/,550000,1094 NB Amsterdam,78,90,3,2,1,2007
https://www.funda.nl/en/detail/koop/amsterdam/appartement-van-noordtkade-18-b/43346884/,695000,1013 BZ Amsterdam,89,90,4,3,1,1992
https://www.funda.nl/en/detail/koop/amsterdam/appartement-terrasappartement-bouwnr-42/43008890/,885000,1061 AV Amsterdam,99,30,4,3,1,2027
https://www.funda.nl/en/detail/koop/amsterdam/appartement-venetiehof-99/44463410/,700000,1019 NC Amsterdam,93,90,4,3,1,1999
https://www.funda.nl/en/detail/koop/amsterdam/appartement-veerstraat-75-3/43227154/,795000,1075 SP Amsterdam,100,210,3,2,2,1914
https://www.funda.nl/en/detail/koop/amsterdam/appartement-de-clercqstraat-3-1/80876741/,415000,1053 AA Amsterdam,51,120,3,1,1,1899
https://www.funda.nl/en/detail/koop/amsterdam/appartement-type-a-3-kamerappartement-bouwnr-c501/44452594/,472900,1069 EJ Amsterdam,64,50,3,2,1,2027
https://www.funda.nl/en/detail/koop/amsterdam/appartement-2-kamersappartement-bouwnr-e0402/43343208/,412840,1068 MT Amsterdam,48,30,2,1,1,2026
https://www.funda.nl/en/detail/koop/amsterdam/appartement-revaleiland-415/80864012/,825000,1014 ZG Amsterdam,98,90,3,2,2,2020
https://www.funda.nl/en/detail/koop/amsterdam/appartement-hiraistraat-5-b59/43241650/,650000,1101 DA Amsterdam,89,50,3,2,1,2020
https://www.funda.nl/en/detail/koop/amsterdam/appartement-turnerstraat-25-c/43359913/,475000,1076 VC Amsterdam,64,350,4,2,1,1931
https://www.funda.nl/en/detail/koop/amsterdam/appartement-rustenburgerstraat-125-4/44489138/,400000,1073 EW Amsterdam,43,90,2,1,1,1908
https://www.funda.nl/en/detail/koop/amsterdam/appartement-beethovenstraat-13-1/44459125/,1000000,1077 HL Amsterdam,123,120,5,3,1,1930
https://www.funda.nl/en/detail/koop/amsterdam/appartement-vrolikstraat-297-f/43281291/,525000,1091 VD Amsterdam,56,90,2,1,1,1902
https://www.funda.nl/en/detail/koop/amsterdam/appartement-type-c-3-kamerappartement-bouwnr-a001/44452508/,449900,1069 EJ Amsterdam,64,50,3,2,1,2027
https://www.funda.nl/en/detail/koop/amsterdam/appartement-ladogameerhof-277/80870826/,395000,1060 RG Amsterdam,79,90,3,2,1,2000
https://www.funda.nl/en/detail/koop/amsterdam/appartement-knollendamstraat-121/44410879/,695000,1013 TM Amsterdam,81,90,3,2,1,1921
https://www.funda.nl/en/detail/koop/amsterdam/appartement-rooseveltlaan-209-3/44417656/,1295000,1079 AS Amsterdam,161,450,5,4,1,1930
https://www.funda.nl/en/detail/koop/amsterdam/appartement-passeerdersstraat-134/44428369/,525000,1016 ZA Amsterdam,74,90,2,1,1,1991
https://www.funda.nl/en/detail/koop/amsterdam/appartement-vrijzicht-27/43326088/,315000,1068 CD Amsterdam,53,450,2,1,1,1967
https://www.funda.nl/en/detail/koop/amsterdam/appartement-hiraistraat-5-b141/43248129/,559000,1101 DA Amsterdam,80,50,3,2,1,2020
https://www.funda.nl/en/detail/koop/amsterdam/appartement-esmoreitstraat-40-2/43366357/,425000,1055 CG Amsterdam,55,210,3,2,1,1940
https://www.funda.nl/en/detail/koop/amsterdam/appartement-kruysweerstraat-315/44467709/,545000,1096 GN Amsterdam,59,10,2,1,1,2023
https://www.funda.nl/en/detail/koop/amsterdam/appartement-zuideinde-366-k/89500076/,865000,1035 PP Amsterdam,143,30,5,4,1,2020
https://www.funda.nl/en/detail/koop/amsterdam/appartement-vossiusstraat-17-d/44497341/,2550000,1071 AC Amsterdam,137,50,4,3,2,1879
https://www.funda.nl/en/detail/koop/amsterdam/appartement-knollendamstraat-4-1/44408562/,750000,1013 TN Amsterdam,100,210,4,2,1,1884
https://www.funda.nl/en/detail/koop/amsterdam/appartement-tussen-meer-42-3/43333681/,350000,1068 GC Amsterdam,72,350,4,3,1,1962
https://www.funda.nl/en/detail/koop/amsterdam/appartement-wagenaarstraat-355/43320623/,440000,1093 CN Amsterdam,68,210,3,2,1,1978
https://www.funda.nl/en/detail/koop/amsterdam/appartement-christiaan-de-wetstraat-80/44479567/,650000,1091 NN Amsterdam,82,210,3,2,1,1925
https://www.funda.nl/en/detail/koop/amsterdam/appartement-lekstraat-178-3/43353126/,895000,1079 GA Amsterdam,131,160,4,3,1,1928
https://www.funda.nl/en/detail/koop/amsterdam/appartement-barcelonaplein-27/43338503/,650000,1019 LX Amsterdam,99,120,4,3,1,1992
https://www.funda.nl/en/detail/koop/amsterdam/appartement-parkvilla-8-3-en-4-kamer-appartement-auri-bouwnr-3/44405450/,456000,1022 LA Amsterdam,72,30,3,2,1,2020
https://www.funda.nl/en/detail/koop/amsterdam/appartement-van-reigersbergenstraat-45-3/44417340/,375000,1052 SP Amsterdam,42,210,2,1,1,1900
https://www.funda.nl/en/detail/koop/amsterdam/appartement-stadionkade-161-4/44489143/,750000,1076 BZ Amsterdam,90,120,3,2,1,1931
https://www.funda.nl/en/detail/koop/amsterdam/appartement-kinkerstraat-31-4/80839824/,400000,1053 DC Amsterdam,45,160,2,1,1,1885
https://www.funda.nl/en/detail/koop/amsterdam/appartement-bundlaan-218/44490641/,800000,1031 KA Amsterdam,96,50,3,2,1,2021
https://www.funda.nl/en/detail/koop/amsterdam/appartement-dusartstraat-25-h/43344191/,500000,1072 HM Amsterdam,63,120,3,1,1,1899
https://www.funda.nl/en/detail/koop/amsterdam/appartement-pretoriusstraat-25-4/44466860/,695000,1092 EX Amsterdam,71,160,3,2,1,1907
https://www.funda.nl/en/detail/koop/amsterdam/appartement-nieuwe-uilenburgerstraat-17-n/44417138/,519000,1011 LM Amsterdam,59,120,2,1,1,1986
https://www.funda.nl/en/detail/koop/amsterdam/appartement-jacob-van-lennepstraat-229-3/44426697/,450000,1053 JC Amsterdam,48,120,3,1,1,1989
https://www.funda.nl/en/detail/koop/amsterdam/appartement-elstarstraat-149/80823967/,1095000,1036 LH Amsterdam,152,70,4,3,1,2024
https://www.funda.nl/en/detail/koop/amsterdam/appartement-tweede-schinkelstraat-17-h/43334193/,950000,1075 TP Amsterdam,90,160,4,3,1,1920
https://www.funda.nl/en/detail/koop/amsterdam/appartement-veembroederhof-259/80860997/,625000,1019 HD Amsterdam,80,90,3,2,1,2006
https://www.funda.nl/en/detail/koop/amsterdam/appartement-marnixstraat-323-4b/43349337/,495000,1016 TB Amsterdam,63,160,3,2,1,1882
https://www.funda.nl/en/detail/koop/amsterdam/appartement-zandpad-3-c/44474053/,3900000,1054 GA Amsterdam,187,90,2,2,1,2022
https://www.funda.nl/en/detail/koop/amsterdam/appartement-iepenplein-66/43223466/,635000,1091 JR Amsterdam,90,210,3,2,1,1979
https://www.funda.nl/en/detail/koop/amsterdam/appartement-gaasterlandstraat-228/43215930/,1600000,1079 RH Amsterdam,146,90,3,2,1,2020
https://www.funda.nl/en/detail/koop/amsterdam/appartement-parkvilla-8-2-kamer-appartement-lumi-bouwnr-10/44405587/,389000,1022 LA Amsterdam,57,50,2,1,1,2020
https://www.funda.nl/en/detail/koop/amsterdam/appartement-noorderkerkstraat-7-h/80812122/,680000,1015 NB Amsterdam,75,120,2,1,1,1928
https://www.funda.nl/en/detail/koop/amsterdam/appartement-linnaeusstraat-251-2/80830985/,550000,1093 ER Amsterdam,63,210,3,2,1,1933
https://www.funda.nl/en/detail/koop/amsterdam/appartement-kaasjeskruidstraat-18/44498572/,385000,1032 LS Amsterdam,55,90,2,1,1,2022
https://www.funda.nl/en/detail/koop/amsterdam/appartement-oetewalerstraat-44-2/80878935/,445000,1093 JV Amsterdam,37,90,3,2,1,1887
https://www.funda.nl/en/detail/koop/amsterdam/appartement-bartholomeus-diazstraat-54-2/89780028/,420000,1057 TD Amsterdam,50,160,3,2,1,1926
https://www.funda.nl/en/detail/koop/amsterdam/appartement-jan-luijkenstraat-48-b/44412324/,1520000,1071 CR Amsterdam,92,70,3,2,1,1897
https://www.funda.nl/en/detail/koop/amsterdam/appartement-van-ostadestraat-110-a/43366020/,495000,1072 TC Amsterdam,51,120,3,2,1,1889
https://www.funda.nl/en/detail/koop/amsterdam/appartement-bennebroekstraat-4-h/44474892/,650000,1058 LL Amsterdam,97,120,3,2,1,1932
https://www.funda.nl/en/detail/koop/amsterdam/appartement-amerbos-463/89761797/,425000,1025 ZK Amsterdam,87,160,4,3,1,1969
https://www.funda.nl/en/detail/koop/amsterdam/appartement-willem-de-zwijgerlaan-334-c29/80848946/,335000,1055 RD Amsterdam,47,120,2,1,1,1959
https://www.funda.nl/en/detail/koop/amsterdam/appartement-solitudolaan-238/44413024/,1050000,1096 DS Amsterdam,106,90,3,2,1,2019
https://www.funda.nl/en/detail/koop/amsterdam/appartement-ten-katestraat-53-1/44485779/,400000,1053 BZ Amsterdam,44,90,2,1,1,1894
https://www.funda.nl/en/detail/koop/amsterdam/appartement-pieter-de-hoochstraat-11-a3/44402675/,3995000,1071 ED Amsterdam,291,90,4,3,1,2022
https://www.funda.nl/en/detail/koop/amsterdam/appartement-stolwijkstraat-12-1/44418126/,449000,1059 XW Amsterdam,54,275,3,2,1,1929
https://www.funda.nl/en/detail/koop/amsterdam/appartement-2-kamer-appartement-bouwnr-304/43953458/,352870,1102 AK Amsterdam,51,50,2,1,1,2020
https://www.funda.nl/en/detail/koop/amsterdam/appartement-de-savornin-lohmanstraat-575/89795416/,425000,1067 PV Amsterdam,72,90,3,2,1,2016
https://www.funda.nl/en/detail/koop/amsterdam/appartement-nassaukade-149-3/43341597/,995000,1052 EJ Amsterdam,149,160,4,3,1,1893
https://www.funda.nl/en/detail/koop/amsterdam/appartement-3-kamer-appartement-bouwnr-387/43276376/,420370,1102 AK Amsterdam,60,50,3,2,1,2020
https://www.funda.nl/en/detail/koop/amsterdam/appartement-de-lairessestraat-104-3/44418938/,1995000,1071 PJ Amsterdam,202,160,4,3,1,1917
https://www.funda.nl/en/detail/koop/amsterdam/appartement-von-zesenstraat-184/44425916/,795000,1093 BJ Amsterdam,92,90,5,3,1,1881
https://www.funda.nl/en/detail/koop/amsterdam/appartement-cruquiusweg-79-b3/44463536/,315000,1019 AT Amsterdam,30,70,1,1,1,2020
https://www.funda.nl/en/detail/koop/amsterdam/appartement-hageland-122/44479787/,495000,1066 SB Amsterdam,100,120,5,3,1,1994
https://www.funda.nl/en/detail/koop/amsterdam/appartement-nieuwpoortstraat-86-a8/43305900/,550000,1055 RZ Amsterdam,83,120,3,2,1,2017
https://www.funda.nl/en/detail/koop/amsterdam/appartement-wolbrantskerkweg-167-c/80880466/,435000,1069 CL Amsterdam,83,90,3,2,1,2008
https://www.funda.nl/en/detail/koop/amsterdam/appartement-willem-augustinstraat-230/43391628/,800000,1061 MJ Amsterdam,109,70,4,3,1,2013
https://www.funda.nl/en/detail/koop/amsterdam/appartement-silvoldestraat-66/80818651/,400000,1107 TH Amsterdam,87,160,3,2,1,1983
https://www.funda.nl/en/detail/koop/amsterdam/appartement-gerard-doustraat-194-4/43349298/,475000,1073 XA Amsterdam,56,90,2,1,1,1893
https://www.funda.nl/en/detail/koop/amsterdam/appartement-millingenhof-270/44417053/,320000,1106 KS Amsterdam,73,90,2,1,1,1977
https://www.funda.nl/en/detail/koop/amsterdam/appartement-govert-flinckstraat-347-2/44495001/,850000,1074 CC Amsterdam,102,160,3,2,1,1906
https://www.funda.nl/en/detail/koop/amsterdam/appartement-van-der-duijnstraat-75/44413971/,619000,1051 AT Amsterdam,72,160,3,2,1,1975
https://www.funda.nl/en/detail/koop/amsterdam/appartement-driekamerappartement-bouwnr-61/43360589/,723600,1087 LA Amsterdam,108,30,3,2,1,2027
https://www.funda.nl/en/detail/koop/amsterdam/appartement-middenweg-510/44417734/,665000,1097 VD Amsterdam,95,275,4,3,1,1925
https://www.funda.nl/en/detail/koop/amsterdam/appartement-maisonnette-bouwnr-d0007/43344802/,655840,1068 MT Amsterdam,98,30,4,3,1,2026
https://www.funda.nl/en/detail/koop/amsterdam/appartement-venetiehof-122/44480596/,695000,1019 NC Amsterdam,89,90,3,2,1,1994
https://www.funda.nl/en/detail/koop/amsterdam/appartement-van-der-hoopstraat-96-3/43318321/,450000,1051 VL Amsterdam,57,120,2,1,1,1904
https://www.funda.nl/en/detail/koop/amsterdam/appartement-2-kamer-appartement-bouwnr-335/43276237/,350370,1102 AK Amsterdam,48,50,2,1,1,2020
https://www.funda.nl/en/detail/koop/amsterdam/appartement-don-boscostraat-393/44420556/,578000,1068 TH Amsterdam,68,30,3,2,1,2026
https://www.funda.nl/en/detail/koop/amsterdam/appartement-ravenswaaipad-82/89726430/,395000,1107 EG Amsterdam,102,160,4,3,1,1984
https://www.funda.nl/en/detail/koop/amsterdam/appartement-appartement-bouwnummer-235-bouwnr-235/43241213/,638917,1019 AK Amsterdam,73,70,3,2,1,2028
https://www.funda.nl/en/detail/koop/amsterdam/appartement-pannerdenstraat-32/44473565/,367500,1106 BE Amsterdam,101,120,4,3,1,1985
https://www.funda.nl/en/detail/koop/amsterdam/appartement-transvaalkade-91-b/80840358/,625000,1091 LN Amsterdam,63,90,3,2,1,1921
https://www.funda.nl/en/detail/koop/amsterdam/appartement-churchill-laan-17-a/44462272/,845000,1078 DB Amsterdam,99,160,3,2,1,1937
https://www.funda.nl/en/detail/koop/amsterdam/appartement-christiaan-de-wetstraat-9-h/80853054/,380000,1091 NG Amsterdam,40,275,2,1,1,1930
https://www.funda.nl/en/detail/koop/amsterdam/appartement-eerste-jan-steenstraat-133-1/43335237/,475000,1072 NJ Amsterdam,52,120,2,1,1,1884
https://www.funda.nl/en/detail/koop/amsterdam/appartement-appartement-bouwnummer-68-bouwnr-68/43143808/,650284,1019 AK Amsterdam,77,70,3,2,1,2028
https://www.funda.nl/en/detail/koop/amsterdam/appartement-haarlemmerweg-123-a/43321174/,800000,1051 KW Amsterdam,104,120,4,3,1,1910
https://www.funda.nl/en/detail/koop/amsterdam/appartement-albert-cuypstraat-194-3/89725434/,750000,1073 BL Amsterdam,96,160,4,2,2,1886
https://www.funda.nl/en/detail/koop/amsterdam/appartement-hoofdweg-239-3/80866014/,649000,1057 CW Amsterdam,84,275,3,2,1,1924
https://www.funda.nl/en/detail/koop/amsterdam/appartement-nieuwe-achtergracht-106-2/44404018/,425000,1018 WT Amsterdam,45,450,2,1,1,1934
https://www.funda.nl/en/detail/koop/amsterdam/appartement-nieuwe-achtergracht-27-h/44401654/,1450000,1018 XW Amsterdam,149,160,6,3,1,1905
https://www.funda.nl/en/detail/koop/amsterdam/appartement-scheepstimmermanstraat-86-b/80885385/,565000,1019 WZ Amsterdam,65,70,3,2,1,1999
https://www.funda.nl/en/detail/koop/amsterdam/appartement-bolestein-496/80823294/,400000,1081 EH Amsterdam,45,160,2,1,1,1969
https://www.funda.nl/en/detail/koop/amsterdam/appartement-maisonnette-bouwnr-d0004/43344827/,655840,1068 MT Amsterdam,98,30,4,3,1,2026
https://www.funda.nl/en/detail/koop/amsterdam/appartement-3-kamerappartement-bouwnr-e0403/44478905/,530000,1068 MT Amsterdam,71,30,3,2,1,2020
https://www.funda.nl/en/detail/koop/amsterdam/appartement-vondelstraat-70-1/80826627/,799027,1054 GG Amsterdam,73,210,2,1,1,1910
https://www.funda.nl/en/detail/koop/amsterdam/appartement-banne-buikslootlaan-111-b/44494685/,460000,1034 AB Amsterdam,71,70,3,2,1,2015
https://www.funda.nl/en/detail/koop/amsterdam/appartement-jan-bernardusstraat-14-d/44489407/,525000,1091 TT Amsterdam,52,120,3,2,1,1913
https://www.funda.nl/en/detail/koop/amsterdam/appartement-ruysdaelkade-127-4/43339000/,295000,1072 AP Amsterdam,38,450,1,1,1,1892
https://www.funda.nl/en/detail/koop/amsterdam/appartement-geuzenkade-103-c/43349937/,1500000,1056 LV Amsterdam,163,90,4,3,1,2004
https://www.funda.nl/en/detail/koop/amsterdam/appartement-boniplein-1/80846703/,595000,1094 SC Amsterdam,77,160,3,2,1,1981
https://www.funda.nl/en/detail/koop/amsterdam/appartement-hacquartstraat-3-2/43241949/,1695000,1071 SE Amsterdam,174,160,6,4,1,1924
https://www.funda.nl/en/detail/koop/amsterdam/appartement-2-kamer-appartement-bouwnr-359/43276221/,357870,1102 AK Amsterdam,48,50,2,1,1,2020
https://www.funda.nl/en/detail/koop/amsterdam/appartement-ijplein-242/44452162/,575000,1021 LR Amsterdam,86,120,4,3,1,1984
https://www.funda.nl/en/detail/koop/amsterdam/appartement-h-cleyndertweg-685/44461567/,375000,1025 EA Amsterdam,69,120,2,1,1,1974
https://www.funda.nl/en/detail/koop/amsterdam/appartement-westlandgracht-191-1/44496769/,495000,1059 TL Amsterdam,54,160,3,2,1,1933
https://www.funda.nl/en/detail/koop/amsterdam/appartement-rupelmonde-76/44481203/,689000,1081 GS Amsterdam,82,120,4,3,1,1985
https://www.funda.nl/en/detail/koop/amsterdam/appartement-willem-frederik-hermansstraat-175/44410954/,1575000,1011 DG Amsterdam,152,90,4,3,1,2012
https://www.funda.nl/en/detail/koop/amsterdam/appartement-julius-pergerstraat-262/44452752/,625000,1087 KP Amsterdam,118,90,5,4,1,2007
https://www.funda.nl/en/detail/koop/amsterdam/appartement-tweede-leliedwarsstraat-5-2/44483060/,1295000,1015 TB Amsterdam,132,210,5,4,2,1905
https://www.funda.nl/en/detail/koop/amsterdam/appartement-vrijheidslaan-17-1/44480341/,685000,1079 KB Amsterdam,75,160,4,3,1,1922
https://www.funda.nl/en/detail/koop/amsterdam/appartement-ferdinand-bolstraat-123-f/44411234/,649000,1072 LG Amsterdam,78,90,3,2,1,1993
https://www.funda.nl/en/detail/koop/amsterdam/appartement-korte-geuzenstraat-98/44409464/,750000,1056 KS Amsterdam,91,275,4,2,1,1942
https://www.funda.nl/en/detail/koop/amsterdam/appartement-3-kamerappartement-bouwnr-e0406/44478908/,530000,1068 MT Amsterdam,71,30,3,2,1,2020
https://www.funda.nl/en/detail/koop/amsterdam/appartement-theodoor-van-hoytemastraat-79/44401371/,530000,1062 CG Amsterdam,88,90,4,2,1,2005
https://www.funda.nl/en/detail/koop/amsterdam/appartement-type-a-3-kamerappartement-bouwnr-c302/44452589/,457900,1069 EJ Amsterdam,64,50,3,2,1,2027
https://www.funda.nl/en/detail/koop/amsterdam/appartement-vrijzicht-48/44488296/,350000,1068 CD Amsterdam,72,210,3,1,1,1967
https://www.funda.nl/en/detail/koop/amsterdam/appartement-valkenburgerstraat-136-k/43340529/,710000,1011 NA Amsterdam,92,90,3,2,1,2015
https://www.funda.nl/en/detail/koop/amsterdam/appartement-zocherstraat-73-h/43382906/,1488000,1054 LV Amsterdam,150,160,6,4,1,1918
https://www.funda.nl/en/detail/koop/amsterdam/appartement-lange-leidsedwarsstraat-174-c/43391588/,699500,1017 NP Amsterdam,88,90,5,2,1,1849
https://www.funda.nl/en/detail/koop/amsterdam/appartement-egelantiersstraat-168-2/43372757/,495000,1015 PS Amsterdam,44,50,2,1,1,1891
https://www.funda.nl/en/detail/koop/amsterdam/appartement-amstelvlietstraat-169/44485339/,1025000,1096 GG Amsterdam,145,90,4,3,1,2017
https://www.funda.nl/en/detail/koop/amsterdam/appartement-maarten-harpertszoon-trompstraat-34-1/44407561/,575000,1056 JB Amsterdam,66,160,3,2,1,1912
https://www.funda.nl/en/detail/koop/amsterdam/appartement-de-oosterlingen-bouwnummer-604/43513391/,1100000,1018 CA Amsterdam,116,30,4,3,1,2020
https://www.funda.nl/en/detail/koop/amsterdam/appartement-lange-leidsedwarsstraat-62-a/43303566/,395000,1017 NM Amsterdam,45,160,2,1,1,1978
https://www.funda.nl/en/detail/koop/amsterdam/appartement-type-a-3-kamerappartement-bouwnr-c105/44452576/,449900,1069 EJ Amsterdam,64,50,3,2,1,2027
https://www.funda.nl/en/detail/koop/amsterdam/appartement-alexander-boersstraat-7-2/44497751/,925000,1071 KT Amsterdam,77,160,3,2,1,1893
https://www.funda.nl/en/detail/koop/amsterdam/appartement-tilanusstraat-33-2/44454557/,485000,1091 BD Amsterdam,62,210,3,2,1,1912
https://www.funda.nl/en/detail/koop/amsterdam/appartement-jacob-van-lennepkade-75-2/44407389/,595000,1054 ZH Amsterdam,64,160,2,1,1,1895
https://www.funda.nl/en/detail/koop/amsterdam/appartement-valeriusstraat-58-2/44455251/,1650000,1071 ML Amsterdam,140,120,4,3,1,1904
https://www.funda.nl/en/detail/koop/amsterdam/appartement-terrasappartementen-fase-2-bouwnr-0317-l1/44405221/,495000,1096 BN Amsterdam,54,50,2,1,1,2026
https://www.funda.nl/en/detail/koop/amsterdam/appartement-ruimzicht-285/43343469/,385000,1068 CZ Amsterdam,73,120,2,1,1,1965
https://www.funda.nl/en/detail/koop/amsterdam/appartement-kotterspad-8/44496961/,975000,1081 KP Amsterdam,137,120,5,3,1,2001
https://www.funda.nl/en/detail/koop/amsterdam/appartement-houtmankade-61-3/44400948/,649000,1013 MR Amsterdam,81,160,3,2,1,1906
https://www.funda.nl/en/detail/koop/amsterdam/appartement-leksmondhof-361/43224055/,345000,1108 GD Amsterdam,88,120,3,2,1,1979
https://www.funda.nl/en/detail/koop/amsterdam/appartement-filips-van-almondestraat-1-b3/44480279/,475000,1057 ZR Amsterdam,44,90,2,1,1,1914
https://www.funda.nl/en/detail/koop/amsterdam/appartement-leimuidenstraat-31-h/44487019/,795000,1059 EE Amsterdam,80,120,3,2,1,1930
https://www.funda.nl/en/detail/koop/amsterdam/appartement-blauwvoetstraat-8-1/89719662/,435000,1061 BT Amsterdam,53,120,3,2,1,1952
https://www.funda.nl/en/detail/koop/amsterdam/appartement-vivre-parkvilla-12-bouwnr-70/43918030/,745000,1025 WK Amsterdam,120,30,4,3,1,2027
https://www.funda.nl/en/detail/koop/amsterdam/appartement-saxenburgerstraat-2-a2/44414629/,1000000,1054 KP Amsterdam,124,210,5,3,1,1881
https://www.funda.nl/en/detail/koop/amsterdam/appartement-amperestraat-2-b/44479125/,995000,1098 NK Amsterdam,94,90,5,3,1,1932
https://www.funda.nl/en/detail/koop/amsterdam/appartement-jan-bernardusstraat-28-1/80861356/,675000,1091 TT Amsterdam,79,275,3,2,1,1934
https://www.funda.nl/en/detail/koop/amsterdam/appartement-tervurenpad-2/44406424/,525000,1066 JV Amsterdam,86,120,4,3,1,1993
https://www.funda.nl/en/detail/koop/amsterdam/appartement-leuvenstraat-136/80821076/,545000,1066 HD Amsterdam,101,90,4,3,1,1993
https://www.funda.nl/en/detail/koop/amsterdam/appartement-kinkerstraat-65-3/44470691/,550000,1053 DG Amsterdam,63,275,3,2,1,1893
https://www.funda.nl/en/detail/koop/amsterdam/appartement-merckenburg-38/80819925/,415000,1082 BT Amsterdam,66,160,3,2,1,1963
https://www.funda.nl/en/detail/koop/amsterdam/appartement-gerard-doustraat-92-1a/44419376/,325000,1072 VX Amsterdam,30,120,1,1,1,1875
https://www.funda.nl/en/detail/koop/amsterdam/appartement-nachtwachtlaan-272/44478813/,675000,1058 EJ Amsterdam,100,160,3,2,1,1972
https://www.funda.nl/en/detail/koop/amsterdam/appartement-dintelstraat-35-3/44410234/,625000,1078 VN Amsterdam,68,160,3,2,1,1931
https://www.funda.nl/en/detail/koop/amsterdam/appartement-nieuwe-achtergracht-18-2/44487502/,500000,1018 XX Amsterdam,57,210,3,2,2,1937
https://www.funda.nl/en/detail/koop/amsterdam/appartement-grubbehoeve-418/89718566/,365000,1103 GZ Amsterdam,77,90,3,2,1,1970
https://www.funda.nl/en/detail/koop/amsterdam/appartement-spanderswoudstraat-42/44410230/,400000,1024 LD Amsterdam,89,160,4,3,1,1965
https://www.funda.nl/en/detail/koop/amsterdam/appartement-bilderdijkstraat-120-3/80834460/,925000,1053 KZ Amsterdam,129,120,4,3,1,1902
https://www.funda.nl/en/detail/koop/amsterdam/appartement-stadionweg-220-3/43139784/,1425000,1077 TE Amsterdam,176,160,7,4,1,1938
https://www.funda.nl/en/detail/koop/amsterdam/appartement-plantage-middenlaan-7-c/43324658/,2050000,1018 DA Amsterdam,120,50,3,2,1,1906
https://www.funda.nl/en/detail/koop/amsterdam/appartement-special-bouwnummer-147-bouwnr-147/43242637/,921875,1019 AK Amsterdam,108,70,3,2,1,2028
https://www.funda.nl/en/detail/koop/amsterdam/appartement-linnaeusparkweg-143-1/44492208/,1050000,1098 CW Amsterdam,117,120,4,3,1,1928
https://www.funda.nl/en/detail/koop/amsterdam/appartement-hildebrandstraat-52/89752155/,450000,1053 WB Amsterdam,54,120,2,1,1,1985
https://www.funda.nl/en/detail/koop/amsterdam/appartement-vespuccistraat-57-1/44450383/,435000,1056 SH Amsterdam,59,210,2,1,1,1925
https://www.funda.nl/en/detail/koop/amsterdam/appartement-theodoor-van-hoytemastraat-13/44498823/,795000,1062 CG Amsterdam,119,90,4,3,1,2003
https://www.funda.nl/en/detail/koop/amsterdam/appartement-zaandijkstraat-10-3/44472651/,350000,1013 VN Amsterdam,51,450,2,1,1,1938
https://www.funda.nl/en/detail/koop/amsterdam/appartement-tweede-van-der-helststraat-12-2/44408084/,475000,1072 PC Amsterdam,51,160,2,1,1,1901
https://www.funda.nl/en/detail/koop/amsterdam/appartement-lauriergracht-62-2/44409033/,475000,1016 RM Amsterdam,40,160,2,1,1,1906
https://www.funda.nl/en/detail/koop/amsterdam/appartement-kijkduinstraat-75-h/43397492/,1050000,1055 XS Amsterdam,120,210,6,4,1,1934
https://www.funda.nl/en/detail/koop/amsterdam/appartement-meerluchtlaan-126/44477119/,400000,1096 DA Amsterdam,37,50,2,1,1,2024
https://www.funda.nl/en/detail/koop/amsterdam/appartement-city-lofts-bouwnr-12/44467387/,454612,1095 PG Amsterdam,54,30,2,1,1,2027
https://www.funda.nl/en/detail/koop/amsterdam/appartement-albert-cuypstraat-99-1/44489700/,385000,1072 CR Amsterdam,40,160,2,1,1,1887
https://www.funda.nl/en/detail/koop/amsterdam/appartement-kinderdijkstraat-85-2/89762480/,1095000,1079 GG Amsterdam,125,160,4,3,1,1936
https://www.funda.nl/en/detail/koop/amsterdam/appartement-jan-witheijnstraat-49/44403535/,620000,1018 WM Amsterdam,81,90,4,3,1,1990
https://www.funda.nl/en/detail/koop/amsterdam/appartement-omval-133/80857185/,850000,1096 AA Amsterdam,101,90,3,2,1,1997
https://www.funda.nl/en/detail/koop/amsterdam/appartement-albert-cuypstraat-40-b/44486811/,439000,1072 CV Amsterdam,36,120,2,1,1,1884
https://www.funda.nl/en/detail/koop/amsterdam/appartement-willemsparkweg-213-2/80821622/,725000,1071 HC Amsterdam,66,160,3,2,1,1897
https://www.funda.nl/en/detail/koop/amsterdam/appartement-4-kamerappartement-bouwnr-d0002/44478919/,640000,1068 MT Amsterdam,82,30,4,3,1,2026
https://www.funda.nl/en/detail/koop/amsterdam/appartement-orange-polly-bouwnr-140/43169658/,343000,1032 KW Amsterdam,34,50,2,1,1,2025
https://www.funda.nl/en/detail/koop/amsterdam/appartement-lutonhof-339/44404919/,570000,1043 EG Amsterdam,80,50,3,2,1,2024
https://www.funda.nl/en/detail/koop/amsterdam/appartement-solitudolaan-222/43316466/,1200000,1096 DS Amsterdam,107,90,3,2,1,2019
https://www.funda.nl/en/detail/koop/amsterdam/appartement-woestduinstraat-107-2/80853462/,739000,1059 SP Amsterdam,86,160,3,2,1,1934
https://www.funda.nl/en/detail/koop/amsterdam/appartement-terrasappartement-bouwnr-32/43053883/,722500,1061 AV Amsterdam,91,30,3,2,1,2027
https://www.funda.nl/en/detail/koop/amsterdam/appartement-type-g-3-kamerappartement-bouwnr-a306/44452686/,429900,1069 EJ Amsterdam,61,50,3,2,1,2027
https://www.funda.nl/en/detail/koop/amsterdam/appartement-rijnsburgstraat-84-2/43279031/,525000,1059 AZ Amsterdam,59,160,2,1,1,1933
https://www.funda.nl/en/detail/koop/amsterdam/appartement-cornelis-troostplein-16-3/44475258/,515000,1072 JK Amsterdam,57,210,3,2,1,1905
https://www.funda.nl/en/detail/koop/amsterdam/appartement-haparandaweg-936-b/44487504/,1245000,1013 BD Amsterdam,147,50,4,2,1,2016
https://www.funda.nl/en/detail/koop/amsterdam/appartement-willemsparkweg-212-h/44459307/,2150000,1071 HX Amsterdam,194,275,7,5,1,1897
https://www.funda.nl/en/detail/koop/amsterdam/appartement-ijburglaan-981/43032135/,550000,1087 EN Amsterdam,87,90,3,2,1,2009
https://www.funda.nl/en/detail/koop/amsterdam/appartement-janusz-korczakstraat-26/44429222/,499000,1102 JN Amsterdam,115,120,4,2,1,2002
https://www.funda.nl/en/detail/koop/amsterdam/appartement-bundlaan-268/43368129/,1700000,1031 KA Amsterdam,169,50,3,2,2,2019
https://www.funda.nl/en/detail/koop/amsterdam/appartement-poeldijkstraat-311/43382959/,740000,1059 VL Amsterdam,84,90,3,2,1,2018
https://www.funda.nl/en/detail/koop/amsterdam/appartement-h-cleyndertweg-847/44411219/,385000,1025 EE Amsterdam,88,160,3,2,1,1974
https://www.funda.nl/en/detail/koop/amsterdam/appartement-grasweg-484/43389329/,995000,1031 HX Amsterdam,119,50,4,3,1,2020
https://www.funda.nl/en/detail/koop/amsterdam/appartement-maisonnette-bouwnr-d0005/44478918/,655000,1068 MT Amsterdam,98,30,5,3,1,2020
https://www.funda.nl/en/detail/koop/amsterdam/appartement-prinsengracht-495-2/44454262/,1250000,1016 HR Amsterdam,172,450,5,4,1,1880
https://www.funda.nl/en/detail/koop/amsterdam/appartement-adolphine-eduardine-kokplantsoen-81/44401202/,415000,1063 PW Amsterdam,94,160,3,2,1,1997
https://www.funda.nl/en/detail/koop/amsterdam/appartement-vrolikstraat-459/44409114/,425000,1092 TJ Amsterdam,52,160,2,1,1,1984
https://www.funda.nl/en/detail/koop/amsterdam/appartement-maisonnette-bouwnr-e0005/44478914/,665000,1068 MT Amsterdam,98,30,5,3,1,2020
https://www.funda.nl/en/detail/koop/amsterdam/appartement-ennemaborg-59/43344931/,525000,1082 SM Amsterdam,72,160,4,3,1,1965
https://www.funda.nl/en/detail/koop/amsterdam/appartement-eerste-constantijn-huygensstraat-88-3/44496404/,450000,1054 BX Amsterdam,46,160,2,1,1,1896
https://www.funda.nl/en/detail/koop/amsterdam/appartement-retiefstraat-101-a/44495592/,1100000,1092 XB Amsterdam,128,160,7,5,1,1913
https://www.funda.nl/en/detail/koop/amsterdam/appartement-laan-van-vlaanderen-141-a9/44416413/,295000,1066 MP Amsterdam,39,90,2,1,1,1995
https://www.funda.nl/en/detail/koop/amsterdam/appartement-isaac-titsinghkade-98/44476671/,1500000,1018 CA Amsterdam,165,30,5,3,1,2020
https://www.funda.nl/en/detail/koop/amsterdam/appartement-westlandgracht-237-2/44467488/,665000,1059 TR Amsterdam,87,160,4,2,1,1935
https://www.funda.nl/en/detail/koop/amsterdam/appartement-willem-de-zwijgerlaan-313-3/43193271/,425000,1055 PZ Amsterdam,50,275,3,2,1,1937
https://www.funda.nl/en/detail/koop/amsterdam/appartement-boeckenburg-45/44468744/,450000,1082 CT Amsterdam,66,350,3,2,1,1963
https://www.funda.nl/en/detail/koop/amsterdam/appartement-van-suchtelen-van-de-haarestraat-22-c/43342638/,495000,1068 GV Amsterdam,111,70,3,2,1,2002
https://www.funda.nl/en/detail/koop/amsterdam/appartement-boterdiepstraat-7-h/44489655/,825000,1079 SR Amsterdam,77,90,3,2,1,1934
https://www.funda.nl/en/detail/koop/amsterdam/appartement-anna-blamansingel-19/80874723/,325000,1102 SR Amsterdam,49,90,2,1,1,2006
https://www.funda.nl/en/detail/koop/amsterdam/appartement-hoogte-kadijk-145-x/44425946/,1130000,1018 BH Amsterdam,100,50,3,2,1,2026
https://www.funda.nl/en/detail/koop/amsterdam/appartement-admiralengracht-8-3/43072482/,450000,1057 EX Amsterdam,50,90,3,2,1,1924
https://www.funda.nl/en/detail/koop/amsterdam/appartement-overtoom-463-c/43398544/,323000,1054 LE Amsterdam,27,70,2,1,1,1882
https://www.funda.nl/en/detail/koop/amsterdam/appartement-erasmusgracht-27-3/80854595/,695000,1056 BC Amsterdam,94,160,3,1,1,1934
https://www.funda.nl/en/detail/koop/amsterdam/appartement-nieuwe-leliestraat-131-h/44405966/,595000,1015 SN Amsterdam,55,70,3,2,1,1869
https://www.funda.nl/en/detail/koop/amsterdam/appartement-liftado-urban-80-95-bouwnr-536/43206239/,714000,1064 AB Amsterdam,95,50,4,3,1,2028
https://www.funda.nl/en/detail/koop/amsterdam/appartement-singel-381-1/44484691/,495000,1012 WL Amsterdam,53,160,2,1,1,1736
https://www.funda.nl/en/detail/koop/amsterdam/appartement-willemsstraat-169-2/44482552/,430000,1015 JC Amsterdam,45,210,2,1,1,1888
https://www.funda.nl/en/detail/koop/amsterdam/appartement-alexanderstraat-24/44459502/,475000,1018 CE Amsterdam,50,160,2,1,1,1985
https://www.funda.nl/en/detail/koop/amsterdam/appartement-saskia-van-uijlenburgkade-3/44463274/,795000,1058 GA Amsterdam,92,70,3,2,1,2010
https://www.funda.nl/en/detail/koop/amsterdam/appartement-van-eeghenstraat-11-1/43345040/,1575000,1071 ES Amsterdam,179,70,6,5,1,1893
https://www.funda.nl/en/detail/koop/amsterdam/appartement-gloriantstraat-2-3/44457696/,875000,1055 CS Amsterdam,120,210,6,5,1,1940
https://www.funda.nl/en/detail/koop/amsterdam/appartement-eerste-van-der-helststraat-54-c1/89558656/,275000,1072 NX Amsterdam,28,160,1,1,1,1890
https://www.funda.nl/en/detail/koop/amsterdam/appartement-parkvilla-9-4-kamer-appartement-selu-bouwnr-32/44405457/,757000,1022 LA Amsterdam,125,30,4,3,1,2020
https://www.funda.nl/en/detail/koop/amsterdam/appartement-da-costastraat-119-3/44453732/,439500,1053 ZK Amsterdam,42,160,2,1,1,1890
https://www.funda.nl/en/detail/koop/amsterdam/appartement-beysterveld-273/43306001/,1260000,1083 KE Amsterdam,180,90,4,2,1,1988
https://www.funda.nl/en/detail/koop/amsterdam/appartement-vosmaerstraat-12-1/43342277/,350000,1054 TB Amsterdam,37,120,3,1,1,1912
https://www.funda.nl/en/detail/koop/amsterdam/appartement-bankwerkerij-7/80868752/,349000,1021 NS Amsterdam,43,120,2,1,1,1984
https://www.funda.nl/en/detail/koop/amsterdam/appartement-parkvilla-8-penthouse-cieli-bouwnr-26/44405562/,969000,1022 LA Amsterdam,149,50,4,3,1,2020
https://www.funda.nl/en/detail/koop/amsterdam/appartement-koninginneweg-215-3/43316832/,850000,1075 CS Amsterdam,66,160,3,2,1,1902
https://www.funda.nl/en/detail/koop/amsterdam/appartement-kinkerstraat-83-2/43345809/,395000,1053 DH Amsterdam,40,120,2,1,1,1893
https://www.funda.nl/en/detail/koop/amsterdam/appartement-oldengaarde-97/43246607/,550000,1083 TE Amsterdam,77,160,3,2,1,1963
https://www.funda.nl/en/detail/koop/amsterdam/appartement-albert-cuypstraat-101-2/80885032/,425000,1072 CR Amsterdam,48,350,3,2,1,1898
https://www.funda.nl/en/detail/koop/amsterdam/appartement-rhijnvis-feithstraat-10-3/44405993/,1075000,1054 TX Amsterdam,100,210,4,3,1,1906
https://www.funda.nl/en/detail/koop/amsterdam/appartement-eerste-leliedwarsstraat-12-c/43300819/,650000,1015 TA Amsterdam,64,160,4,1,1,1995
https://www.funda.nl/en/detail/koop/amsterdam/appartement-wethouder-de-roosplein-207/43392028/,335000,1107 AL Amsterdam,92,160,4,3,1,1984
https://www.funda.nl/en/detail/koop/amsterdam/appartement-orteliuskade-8-h/44459264/,549000,1057 AA Amsterdam,57,70,2,1,1,1940
https://www.funda.nl/en/detail/koop/amsterdam/appartement-balthasar-floriszstraat-12-3/43313294/,875000,1071 VC Amsterdam,86,210,3,2,1,1906
https://www.funda.nl/en/detail/koop/amsterdam/appartement-commelinstraat-2-c/44493345/,575000,1093 TR Amsterdam,63,90,3,2,1,1882
https://www.funda.nl/en/detail/koop/amsterdam/appartement-geuzenkade-96-c/80812901/,675000,1056 LB Amsterdam,85,90,3,2,1,2004
https://www.funda.nl/en/detail/koop/amsterdam/appartement-geuzenstraat-48-3/44476033/,845000,1056 KE Amsterdam,97,210,3,3,1,1933
https://www.funda.nl/en/detail/koop/amsterdam/appartement-type-g-3-kamerappartement-bouwnr-a304/44452670/,429900,1069 EJ Amsterdam,61,50,3,2,1,2027
https://www.funda.nl/en/detail/koop/amsterdam/appartement-president-kennedylaan-96-h/43331111/,575000,1079 NH Amsterdam,64,210,2,1,1,1934
https://www.funda.nl/en/detail/koop/amsterdam/appartement-hildo-kropplein-49/89706291/,430000,1019 EE Amsterdam,54,160,2,1,1,1988
https://www.funda.nl/en/detail/koop/amsterdam/appartement-jan-van-eijckstraat-29-2/44480387/,1600000,1077 LG Amsterdam,226,160,7,4,1,1930
https://www.funda.nl/en/detail/koop/amsterdam/appartement-loenermark-512/80812531/,475000,1025 TT Amsterdam,97,160,4,3,1,1975
https://www.funda.nl/en/detail/koop/amsterdam/appartement-weesperzijde-3-a/43343238/,650000,1091 EA Amsterdam,70,160,3,2,1,1988
https://www.funda.nl/en/detail/koop/amsterdam/appartement-kramatweg-89-2/44403054/,425000,1095 KD Amsterdam,51,120,3,2,1,1926
https://www.funda.nl/en/detail/koop/amsterdam/appartement-leerdamhof-254/43041762/,337500,1108 BX Amsterdam,85,210,3,2,1,1979
https://www.funda.nl/en/detail/koop/amsterdam/appartement-eastonstraat-215/89798722/,375000,1068 JH Amsterdam,77,160,3,2,1,1960
https://www.funda.nl/en/detail/koop/amsterdam/appartement-rondeel-12/89745346/,667500,1083 ME Amsterdam,103,160,4,3,1,1987
https://www.funda.nl/en/detail/koop/amsterdam/appartement-krijn-taconiskade-479/44481431/,925000,1087 HW Amsterdam,121,50,5,3,1,2022
https://www.funda.nl/en/detail/koop/amsterdam/appartement-zeeburgerpad-45-d/43322743/,395000,1019 AA Amsterdam,44,30,2,1,1,2026
https://www.funda.nl/en/detail/koop/amsterdam/appartement-van-oldenbarneveldtstraat-54-t/80834615/,625000,1052 KC Amsterdam,68,90,2,1,1,2006
https://www.funda.nl/en/detail/koop/amsterdam/appartement-jozef-israelskade-88-1/80875715/,600000,1073 RB Amsterdam,79,160,3,2,1,1923
https://www.funda.nl/en/detail/koop/amsterdam/appartement-eerste-helmersstraat-147-2a/44421748/,295000,1054 DR Amsterdam,29,160,2,1,1,1887
https://www.funda.nl/en/detail/koop/amsterdam/appartement-bloemstraat-51-d/89603956/,595000,1016 KW Amsterdam,62,90,3,2,1,1995
https://www.funda.nl/en/detail/koop/amsterdam/appartement-meerluststraat-230/43278557/,620000,1022 LM Amsterdam,114,50,5,4,1,2020
https://www.funda.nl/en/detail/koop/amsterdam/appartement-terrasappartement-bouwnr-1/43051841/,696250,1061 AV Amsterdam,96,30,3,2,1,2027
https://www.funda.nl/en/detail/koop/amsterdam/appartement-lutonhof-345/43300874/,550000,1043 EG Amsterdam,75,50,3,2,1,2024
https://www.funda.nl/en/detail/koop/amsterdam/appartement-kuipersstraat-149-a21/80867144/,540000,1073 ER Amsterdam,54,90,3,2,1,2005
https://www.funda.nl/en/detail/koop/amsterdam/appartement-oude-ijselstraat-26-3/43359822/,525000,1078 CN Amsterdam,57,210,3,2,1,1923
https://www.funda.nl/en/detail/koop/amsterdam/appartement-type-h-3-kamerappartement-bouwnr-a302/44452527/,409900,1069 EJ Amsterdam,58,50,3,2,1,2027
https://www.funda.nl/en/detail/koop/amsterdam/appartement-hiraistraat-5-b105/43249734/,550000,1101 DA Amsterdam,80,50,3,2,1,2020
https://www.funda.nl/en/detail/koop/amsterdam/appartement-tilanusstraat-59-3/44498839/,680000,1091 BE Amsterdam,80,160,3,2,1,1903
https://www.funda.nl/en/detail/koop/amsterdam/appartement-kotteraarstraat-22/44478462/,375000,1033 MC Amsterdam,53,160,2,1,1,1983
https://www.funda.nl/en/detail/koop/amsterdam/appartement-appartement-bouwnummer-93-bouwnr-93/43143822/,628915,1019 AK Amsterdam,73,70,3,2,1,2028
https://www.funda.nl/en/detail/koop/amsterdam/appartement-de-oosterlingen-bouwnummer-208/42280332/,450000,1018 CA Amsterdam,48,30,2,1,1,2020
https://www.funda.nl/en/detail/koop/amsterdam/appartement-van-ostadestraat-385-3/44427339/,475000,1074 VX Amsterdam,52,210,2,1,1,1954
https://www.funda.nl/en/detail/koop/amsterdam/appartement-fleerde-705/89704975/,400000,1102 AV Amsterdam,98,90,5,4,1,2003
https://www.funda.nl/en/detail/koop/amsterdam/appartement-groetstraat-113/43242590/,345000,1024 VB Amsterdam,52,450,2,1,1,1966
https://www.funda.nl/en/detail/koop/amsterdam/appartement-oostzanerdijk-101/44415549/,450000,1033 AB Amsterdam,64,450,4,3,1,1925
https://www.funda.nl/en/detail/koop/amsterdam/appartement-dapperstraat-80-d/43337500/,600000,1093 BX Amsterdam,89,120,4,3,1,1985
https://www.funda.nl/en/detail/koop/amsterdam/appartement-papaverweg-77/44418834/,525000,1032 KE Amsterdam,67,90,3,2,1,2017
https://www.funda.nl/en/detail/koop/amsterdam/appartement-pieter-lastmankade-68-1/44494976/,600000,1075 KN Amsterdam,79,160,3,2,1,1926
https://www.funda.nl/en/detail/koop/amsterdam/appartement-blauwburgwal-4-h/43204082/,225000,1015 AT Amsterdam,19,450,2,1,1,1649
https://www.funda.nl/en/detail/koop/amsterdam/appartement-haarlemmermeerstraat-62-1/80843326/,650000,1058 KC Amsterdam,84,120,4,3,1,1932
https://www.funda.nl/en/detail/koop/amsterdam/appartement-cornelis-anthoniszstraat-20-4/43330776/,495000,1071 VT Amsterdam,44,120,2,1,1,1906
https://www.funda.nl/en/detail/koop/amsterdam/appartement-pieter-nieuwlandstraat-72-d/44466802/,565000,1093 XX Amsterdam,88,120,4,3,1,1983
https://www.funda.nl/en/detail/koop/amsterdam/appartement-zeeburgerkade-440/44487076/,600000,1019 HP Amsterdam,80,120,3,2,1,1898
https://www.funda.nl/en/detail/koop/amsterdam/appartement-houthavenweg-221/80873814/,795000,1014 ZA Amsterdam,84,90,3,2,1,2018
https://www.funda.nl/en/detail/koop/amsterdam/appartement-parkvilla-8-3-en-4-kamer-appartement-nori-bouwnr-15/44405584/,592000,1022 LA Amsterdam,95,30,3,2,1,2020
https://www.funda.nl/en/detail/koop/amsterdam/appartement-middenweg-221-2/80853744/,495000,1098 AN Amsterdam,59,90,3,2,1,1929
https://www.funda.nl/en/detail/koop/amsterdam/appartement-van-oldenbarneveldtstraat-2-1/43382705/,570000,1052 KA Amsterdam,63,120,3,2,1,1883
https://www.funda.nl/en/detail/koop/amsterdam/appartement-bijlmerdreef-1178/89749411/,355000,1103 JV Amsterdam,80,90,3,2,1,2005
https://www.funda.nl/en/detail/koop/amsterdam/appartement-grasweg-370/44484400/,860000,1031 HX Amsterdam,79,30,3,2,1,2025
https://www.funda.nl/en/detail/koop/amsterdam/appartement-huiswoudstraat-4/44405169/,595000,1087 VX Amsterdam,84,30,4,3,1,2022
https://www.funda.nl/en/detail/koop/amsterdam/appartement-sanderijnstraat-24-2/44488051/,425000,1055 BT Amsterdam,54,160,3,2,1,1950
https://www.funda.nl/en/detail/koop/amsterdam/appartement-wolbrantskerkweg-141/44472035/,565000,1069 CL Amsterdam,117,70,3,2,1,2008
https://www.funda.nl/en/detail/koop/amsterdam/appartement-de-lairessestraat-96-2r/44403460/,4450000,1071 PJ Amsterdam,268,160,7,3,1,1909
https://www.funda.nl/en/detail/koop/amsterdam/appartement-ruysdaelstraat-49-f6/44478721/,700000,1071 XA Amsterdam,70,275,2,1,1,1918
https://www.funda.nl/en/detail/koop/amsterdam/appartement-docklandsweg-520/44409107/,925000,1031 KN Amsterdam,100,70,3,2,1,2026
https://www.funda.nl/en/detail/koop/amsterdam/appartement-sinjeur-semeynsstraat-90-6/43331759/,400000,1061 GM Amsterdam,80,350,4,2,1,1961
https://www.funda.nl/en/detail/koop/amsterdam/appartement-weteringschans-56-a/44425400/,500000,1017 SH Amsterdam,59,120,3,2,1,1986
https://www.funda.nl/en/detail/koop/amsterdam/appartement-dintelstraat-29-h/44400062/,775000,1078 VN Amsterdam,85,90,3,2,1,1931
https://www.funda.nl/en/detail/koop/amsterdam/appartement-cornelis-dopperkade-6-5v/44455844/,495000,1077 KL Amsterdam,58,210,2,1,1,1956
https://www.funda.nl/en/detail/koop/amsterdam/appartement-baden-powellweg-255/44407596/,300000,1069 LH Amsterdam,45,160,2,1,1,1965
https://www.funda.nl/en/detail/koop/amsterdam/appartement-herengracht-118-a/44406069/,1850000,1015 BT Amsterdam,187,160,6,2,1,1905
https://www.funda.nl/en/detail/koop/amsterdam/appartement-radarweg-294/89242686/,775000,1043 NV Amsterdam,100,50,3,2,1,2019
https://www.funda.nl/en/detail/koop/amsterdam/appartement-zocherstraat-56-h/44428961/,795000,1054 MA Amsterdam,101,275,4,2,1,1921
https://www.funda.nl/en/detail/koop/amsterdam/appartement-de-oosterlingen-bouwnummer-407/43513390/,745000,1018 CA Amsterdam,75,30,3,1,1,2020
https://www.funda.nl/en/detail/koop/amsterdam/appartement-knsm-laan-619/44411893/,850000,1019 LD Amsterdam,103,90,3,2,1,1993
https://www.funda.nl/en/detail/koop/amsterdam/appartement-eerste-nassaustraat-21-1/80853374/,350000,1052 BE Amsterdam,44,275,2,1,1,1918
https://www.funda.nl/en/detail/koop/amsterdam/appartement-ruysdaelkade-207-h/43307989/,545000,1072 AW Amsterdam,63,160,3,2,1,1902
https://www.funda.nl/en/detail/koop/amsterdam/appartement-nieuwe-uilenburgerstraat-9-f/43378859/,1075000,1011 LM Amsterdam,116,120,3,2,1,1851
https://www.funda.nl/en/detail/koop/amsterdam/appartement-kwintsheulstraat-74/80842882/,849000,1062 ED Amsterdam,120,70,4,3,1,2010
https://www.funda.nl/en/detail/koop/amsterdam/appartement-president-kennedylaan-228-3/80862738/,875000,1079 NS Amsterdam,92,120,4,3,1,1934
https://www.funda.nl/en/detail/koop/amsterdam/appartement-3-kamerappartement-bouwnr-e0305/44478991/,520000,1068 MT Amsterdam,71,30,3,2,1,2020
https://www.funda.nl/en/detail/koop/amsterdam/appartement-appartement-bouwnummer-261-bouwnr-261/43241301/,648917,1019 AK Amsterdam,73,70,3,2,1,2028
https://www.funda.nl/en/detail/koop/amsterdam/appartement-magalhaensstraat-26-h/43380357/,390000,1057 RV Amsterdam,51,210,2,1,1,1929
https://www.funda.nl/en/detail/koop/amsterdam/appartement-lederambachtstraat-38/44482670/,375000,1069 HK Amsterdam,84,210,4,3,1,1963
https://www.funda.nl/en/detail/koop/amsterdam/appartement-hiraistraat-5-b96/43355640/,587000,1101 DA Amsterdam,81,50,3,2,1,2020
https://www.funda.nl/en/detail/koop/amsterdam/appartement-van-oldenbarneveldtplein-19-b/44492411/,800000,1052 JL Amsterdam,98,120,5,4,1,1996
https://www.funda.nl/en/detail/koop/amsterdam/appartement-egidiusstraat-65-3/43347389/,545000,1055 GN Amsterdam,85,210,3,1,1,1940
https://www.funda.nl/en/detail/koop/amsterdam/appartement-adelaarsweg-97/44454037/,795000,1021 BX Amsterdam,117,90,5,4,1,1930
https://www.funda.nl/en/detail/koop/amsterdam/appartement-aalsmeerweg-90-3/89768953/,625000,1059 AN Amsterdam,84,160,5,3,1,1937
https://www.funda.nl/en/detail/koop/amsterdam/appartement-werfkade-117/44404665/,425000,1033 TA Amsterdam,50,50,2,1,1,2025
https://www.funda.nl/en/detail/koop/amsterdam/appartement-elisabeth-wolffstraat-84-3/44475916/,495000,1053 TX Amsterdam,51,90,3,2,1,1906
https://www.funda.nl/en/detail/koop/amsterdam/appartement-admiraal-de-ruijterweg-393-1/44489547/,475000,1055 MC Amsterdam,66,160,3,2,1,1912
https://www.funda.nl/en/detail/koop/amsterdam/appartement-reizigersweg-105/44466283/,349000,1033 WE Amsterdam,71,120,3,2,1,1989
https://www.funda.nl/en/detail/koop/amsterdam/appartement-johan-greivestraat-77/44402879/,935000,1061 AT Amsterdam,108,30,4,3,2,2020
https://www.funda.nl/en/detail/koop/amsterdam/appartement-lindengracht-209-1/43339619/,550000,1015 KG Amsterdam,48,90,3,2,1,1935
https://www.funda.nl/en/detail/koop/amsterdam/appartement-retiefstraat-91-b/44493045/,475000,1092 XA Amsterdam,49,210,2,1,1,1913
https://www.funda.nl/en/detail/koop/amsterdam/appartement-driekamerappartement-bouwnr-39/44461531/,588000,1087 VL Amsterdam,98,30,3,2,1,2027
https://www.funda.nl/en/detail/koop/amsterdam/appartement-marco-polostraat-39-1/44420580/,425000,1057 WD Amsterdam,47,210,5,2,1,1929
https://www.funda.nl/en/detail/koop/amsterdam/appartement-reinier-claeszenstraat-51-3/44490288/,650000,1056 WG Amsterdam,72,90,3,2,1,1922
https://www.funda.nl/en/detail/koop/amsterdam/appartement-oude-ijselstraat-1-1/44468504/,420000,1078 CL Amsterdam,49,160,2,1,1,1926
https://www.funda.nl/en/detail/koop/amsterdam/appartement-grubbehoeve-630/44482659/,345000,1103 GZ Amsterdam,99,90,5,4,1,1970
https://www.funda.nl/en/detail/koop/amsterdam/appartement-hertzstraat-38/43329345/,1250000,1098 VK Amsterdam,154,90,4,3,1,1995
https://www.funda.nl/en/detail/koop/amsterdam/appartement-nieuwe-osdorpergracht-656/44454887/,695000,1068 HV Amsterdam,122,50,4,3,1,2013
https://www.funda.nl/en/detail/koop/amsterdam/appartement-eerste-oosterparkstraat-109-c/80842300/,409000,1091 GX Amsterdam,60,90,2,1,1,1983
https://www.funda.nl/en/detail/koop/amsterdam/appartement-marnixstraat-48-1r/80853430/,340000,1015 VT Amsterdam,30,90,2,1,1,1872
https://www.funda.nl/en/detail/koop/amsterdam/appartement-emmastraat-29-3/44415836/,1495000,1071 JB Amsterdam,163,275,5,4,1,1918
https://www.funda.nl/en/detail/koop/amsterdam/appartement-brouwersgracht-703/44414425/,1800000,1015 GJ Amsterdam,223,90,4,3,1,1881
https://www.funda.nl/en/detail/koop/amsterdam/appartement-burgemeester-cramergracht-41/43207633/,325000,1064 AE Amsterdam,63,160,4,3,1,1957
https://www.funda.nl/en/detail/koop/amsterdam/appartement-hiraistraat-5-b56/43249486/,547000,1101 DA Amsterdam,79,50,3,2,1,2020
https://www.funda.nl/en/detail/koop/amsterdam/appartement-nachtwachtlaan-395/44492179/,750000,1058 EN Amsterdam,126,120,5,4,1,1974
https://www.funda.nl/en/detail/koop/amsterdam/appartement-type-av-2-kamerappartement-bouwnr-c001/44452525/,399900,1069 EJ Amsterdam,55,50,2,1,1,2027
https://www.funda.nl/en/detail/koop/amsterdam/appartement-aalsmeerweg-70-h/44458684/,395000,1059 AM Amsterdam,46,210,2,1,1,1929
https://www.funda.nl/en/detail/koop/amsterdam/appartement-millingenhof-217/44478776/,375000,1106 KN Amsterdam,92,70,4,3,1,1977
https://www.funda.nl/en/detail/koop/amsterdam/appartement-driekamerappartement-bouwnr-47/43360570/,612500,1087 LA Amsterdam,98,30,3,2,1,2027
https://www.funda.nl/en/detail/koop/amsterdam/appartement-reitzstraat-147/44494085/,450000,1091 ZC Amsterdam,58,90,3,2,1,1928
https://www.funda.nl/en/detail/koop/amsterdam/appartement-nassaukade-71-h/43313301/,715000,1052 CS Amsterdam,76,90,3,2,1,1906
https://www.funda.nl/en/detail/koop/amsterdam/appartement-appartement-bouwnummer-203-bouwnr-203/43241106/,628917,1019 AK Amsterdam,73,70,3,2,1,2028
https://www.funda.nl/en/detail/koop/amsterdam/appartement-oranje-vrijstaatkade-65/89761280/,1250000,1093 KS Amsterdam,150,90,4,3,1,2014
https://www.funda.nl/en/detail/koop/amsterdam/appartement-stadswoning-bouwnummer-141-bouwnr-141/43242656/,920604,1019 AK Amsterdam,110,70,4,3,1,2028
https://www.funda.nl/en/detail/koop/amsterdam/appartement-koninginneweg-179-2/43392419/,890000,1075 CP Amsterdam,66,90,3,2,1,1902
https://www.funda.nl/en/detail/koop/amsterdam/appartement-troelstralaan-263-b/89740386/,485000,1067 MX Amsterdam,98,50,4,3,1,2015
https://www.funda.nl/en/detail/koop/amsterdam/appartement-landbouwstraat-67/44481286/,400000,1097 TM Amsterdam,55,160,3,2,1,1924
https://www.funda.nl/en/detail/koop/amsterdam/appartement-geervliet-217/44464224/,525000,1082 NP Amsterdam,83,160,3,2,1,1900
https://www.funda.nl/en/detail/koop/amsterdam/appartement-cortado-urban-80-95-bouwnr-494/43206213/,600000,1064 AB Amsterdam,83,50,4,3,1,2028
https://www.funda.nl/en/detail/koop/amsterdam/appartement-derde-kostverlorenkade-23-3/43304106/,975000,1054 TP Amsterdam,112,160,3,2,1,1913
https://www.funda.nl/en/detail/koop/amsterdam/appartement-von-guerickestraat-68-h/44478544/,540000,1097 RB Amsterdam,66,275,2,1,1,1925
https://www.funda.nl/en/detail/koop/amsterdam/appartement-krijn-taconiskade-469/43300505/,600000,1087 HW Amsterdam,74,50,3,2,1,2023
https://www.funda.nl/en/detail/koop/amsterdam/appartement-pieter-van-der-doesstraat-52-1/43309572/,499000,1056 VJ Amsterdam,58,160,3,2,1,1932
https://www.funda.nl/en/detail/koop/amsterdam/appartement-woestduinstraat-75-2/44485554/,585000,1058 TC Amsterdam,62,120,3,2,1,1933
https://www.funda.nl/en/detail/koop/amsterdam/appartement-vluchtladderstraat-21/44483603/,335000,1019 VT Amsterdam,36,70,1,1,1,2021
https://www.funda.nl/en/detail/koop/amsterdam/appartement-kempenlaan-40/80880756/,499500,1066 PX Amsterdam,84,120,3,2,1,1994
https://www.funda.nl/en/detail/koop/amsterdam/appartement-houtrijkstraat-249/44453255/,350000,1013 VB Amsterdam,49,160,2,1,1,1986
https://www.funda.nl/en/detail/koop/amsterdam/appartement-nieuwe-kerkstraat-28-c/44495682/,499000,1018 EB Amsterdam,56,90,2,1,1,1868
https://www.funda.nl/en/detail/koop/amsterdam/appartement-pieter-langendijkstraat-6-h/44473450/,1260000,1054 ZA Amsterdam,117,120,4,3,1,1918
https://www.funda.nl/en/detail/koop/amsterdam/appartement-eerste-helmersstraat-147-3v/44406703/,369000,1054 DR Amsterdam,37,160,2,1,1,1887
https://www.funda.nl/en/detail/koop/amsterdam/appartement-singel-455-f/43391513/,1195000,1012 WP Amsterdam,151,120,4,3,1,1997
https://www.funda.nl/en/detail/koop/amsterdam/appartement-maisonnette-bouwnr-476/43040019/,570000,1025 WL Amsterdam,106,50,5,3,1,2020
https://www.funda.nl/en/detail/koop/amsterdam/appartement-wiborgeiland-183/44486566/,600000,1014 ZC Amsterdam,67,30,2,1,1,2018
https://www.funda.nl/en/detail/koop/amsterdam/appartement-revaleiland-419/44497235/,750000,1014 ZG Amsterdam,96,90,3,2,1,2020
https://www.funda.nl/en/detail/koop/amsterdam/appartement-admiraal-de-ruijterweg-129-4/44497758/,725000,1056 EX Amsterdam,88,120,3,2,1,1911
https://www.funda.nl/en/detail/koop/amsterdam/appartement-parkvilla-8-3-en-4-kamer-appartement-auri-bouwnr-20/44405560/,483000,1022 LA Amsterdam,75,30,3,2,1,2020
https://www.funda.nl/en/detail/koop/amsterdam/appartement-lijnbaansgracht-119-h/43300864/,780000,1016 VV Amsterdam,131,120,2,1,1,1879
https://www.funda.nl/en/detail/koop/amsterdam/appartement-hoofdweg-387-3/43315663/,475000,1056 CS Amsterdam,57,210,3,1,1,1927
https://www.funda.nl/en/detail/koop/amsterdam/appartement-type-d-bouwnr-7/43229773/,1450000,1081 LA Amsterdam,119,30,4,3,1,2020
https://www.funda.nl/en/detail/koop/amsterdam/appartement-westlandgracht-251-h/44450478/,800000,1059 TS Amsterdam,87,160,3,2,1,1935
https://www.funda.nl/en/detail/koop/amsterdam/appartement-egelantiersstraat-123-b/44484538/,585000,1015 RA Amsterdam,65,120,3,2,1,1988
https://www.funda.nl/en/detail/koop/amsterdam/appartement-poolstraat-67/44498240/,475000,1018 LR Amsterdam,63,90,2,1,1,1985
https://www.funda.nl/en/detail/koop/amsterdam/appartement-m-gandhilaan-69/89773905/,350000,1069 NC Amsterdam,68,120,3,2,1,1988
https://www.funda.nl/en/detail/koop/amsterdam/appartement-boerhaaveplein-12-3/44459796/,1195000,1091 AS Amsterdam,161,90,5,3,1,1918
https://www.funda.nl/en/detail/koop/amsterdam/appartement-stadionweg-310-3/43323797/,780000,1076 PK Amsterdam,92,160,4,3,1,1930
https://www.funda.nl/en/detail/koop/amsterdam/appartement-frederiksstraat-33-h/43342657/,449000,1054 LB Amsterdam,42,160,2,1,1,1883
https://www.funda.nl/en/detail/koop/amsterdam/appartement-3-kamersappartement-bouwnr-e0201/43344898/,503840,1068 MT Amsterdam,64,30,3,2,1,2026
https://www.funda.nl/en/detail/koop/amsterdam/appartement-overhoeksparklaan-36/43360896/,1465000,1031 KC Amsterdam,169,50,3,2,1,2011
https://www.funda.nl/en/detail/koop/amsterdam/appartement-schubertstraat-84/44401696/,1095000,1077 GZ Amsterdam,161,450,6,4,1,1931
https://www.funda.nl/en/detail/koop/amsterdam/appartement-javaplein-12-f/80867063/,888888,1094 HW Amsterdam,91,160,3,1,1,2011
https://www.funda.nl/en/detail/koop/amsterdam/appartement-menarahof-26/43170641/,895000,1043 EV Amsterdam,140,50,4,3,1,2023
https://www.funda.nl/en/detail/koop/amsterdam/appartement-javastraat-62-3/44472876/,495000,1094 HK Amsterdam,52,160,3,2,1,1903
https://www.funda.nl/en/detail/koop/amsterdam/appartement-javastraat-105-2/44415209/,425000,1094 HC Amsterdam,46,160,3,2,1,1912
https://www.funda.nl/en/detail/koop/amsterdam/appartement-tollensstraat-53-l/44403784/,975000,1053 RS Amsterdam,116,90,4,3,1,2015
https://www.funda.nl/en/detail/koop/amsterdam/appartement-3-kamerappartement-bouwnr-e0206/44478996/,510000,1068 MT Amsterdam,71,30,3,2,1,2020
https://www.funda.nl/en/detail/koop/amsterdam/appartement-tussen-meer-40-1/43205623/,350000,1068 GB Amsterdam,71,160,3,2,1,1962
https://www.funda.nl/en/detail/koop/amsterdam/appartement-turnerstraat-24-3/43323647/,450000,1076 VE Amsterdam,53,160,3,2,1,1900
https://www.funda.nl/en/detail/koop/amsterdam/appartement-legmeerstraat-34-1/44488452/,535000,1058 NE Amsterdam,59,275,3,2,1,1931
https://www.funda.nl/en/detail/koop/amsterdam/appartement-gerrit-mannourystraat-78/80874429/,530000,1062 LC Amsterdam,85,90,3,2,1,1993
https://www.funda.nl/en/detail/koop/amsterdam/appartement-botterstraat-174/89739856/,395000,1034 BW Amsterdam,75,160,3,2,1,1967
https://www.funda.nl/en/detail/koop/amsterdam/appartement-sloestraat-8-2/44418914/,750000,1078 BG Amsterdam,91,275,4,2,1,1936
https://www.funda.nl/en/detail/koop/amsterdam/appartement-bestevaerstraat-176-1/44459489/,465000,1055 TS Amsterdam,50,160,3,2,1,1918
https://www.funda.nl/en/detail/koop/amsterdam/appartement-leusdenhof-309/80812513/,450000,1108 DP Amsterdam,100,120,4,3,1,1980
https://www.funda.nl/en/detail/koop/amsterdam/appartement-pontanusstraat-23-d/44400933/,450000,1093 RZ Amsterdam,61,160,2,1,1,1981
https://www.funda.nl/en/detail/koop/amsterdam/appartement-liftado-urban-80-95-bouwnr-551/43206243/,730000,1064 AB Amsterdam,95,50,4,3,1,2028
https://www.funda.nl/en/detail/koop/amsterdam/appartement-gaasterlandstraat-244/44495785/,1500000,1079 RH Amsterdam,137,90,4,3,1,2020
https://www.funda.nl/en/detail/koop/amsterdam/appartement-fagelstraat-63-3/80816797/,600000,1052 EZ Amsterdam,88,160,3,2,1,1898
https://www.funda.nl/en/detail/koop/amsterdam/appartement-sloterkade-85-h/89780945/,727000,1058 HJ Amsterdam,78,210,4,3,1,1900
https://www.funda.nl/en/detail/koop/amsterdam/appartement-granidastraat-60-1/44497240/,400000,1055 HN Amsterdam,50,210,3,2,1,1941
https://www.funda.nl/en/detail/koop/amsterdam/appartement-hogevecht-160/44463855/,275000,1102 HH Amsterdam,65,160,2,1,1,1970
https://www.funda.nl/en/detail/koop/amsterdam/appartement-herenmarkt-7-b/80843773/,1225000,1013 EC Amsterdam,111,160,3,2,1,1769
https://www.funda.nl/en/detail/koop/amsterdam/appartement-h-gerhardstraat-68/43342724/,599000,1069 TD Amsterdam,117,90,5,4,1,2012
https://www.funda.nl/en/detail/koop/amsterdam/appartement-amstelkade-123-3/43381548/,1230000,1078 AS Amsterdam,157,350,6,3,1,1928
https://www.funda.nl/en/detail/koop/amsterdam/appartement-rijnstraat-61-a3/44415838/,750000,1079 GW Amsterdam,90,90,3,2,2,1923
https://www.funda.nl/en/detail/koop/amsterdam/appartement-binnen-brouwersstraat-7-e/43340723/,395000,1013 EE Amsterdam,34,120,3,2,1,1750
https://www.funda.nl/en/detail/koop/amsterdam/appartement-isaac-titsinghkade-100/44476558/,815000,1018 CA Amsterdam,89,30,2,1,1,2020
https://www.funda.nl/en/detail/koop/amsterdam/appartement-de-wittenkade-102-a/89799609/,785000,1051 AK Amsterdam,95,70,3,2,1,1998
https://www.funda.nl/en/detail/koop/amsterdam/appartement-linnaeusparkweg-134-h/80840117/,650000,1098 EL Amsterdam,73,160,2,1,1,1912
https://www.funda.nl/en/detail/koop/amsterdam/appartement-van-hilligaertstraat-15-h/43307562/,899000,1072 JW Amsterdam,98,90,4,3,1,1922
https://www.funda.nl/en/detail/koop/amsterdam/appartement-leusdenhof-326/44497248/,375000,1108 DR Amsterdam,87,210,4,3,1,1980
https://www.funda.nl/en/detail/koop/amsterdam/appartement-charlotte-brontestraat-139/80837097/,310000,1102 XC Amsterdam,68,160,3,2,1,1984
https://www.funda.nl/en/detail/koop/amsterdam/appartement-johannes-verhulststraat-114-h/44413893/,1950000,1071 NL Amsterdam,133,90,3,2,1,1903
https://www.funda.nl/en/detail/koop/amsterdam/appartement-zuideinde-366-5/89619119/,790000,1035 PP Amsterdam,117,30,3,2,1,2020
https://www.funda.nl/en/detail/koop/amsterdam/appartement-honselersdijkstraat-32-3/44473377/,425000,1059 GD Amsterdam,64,210,3,2,1,1960
https://www.funda.nl/en/detail/koop/amsterdam/appartement-wormerveerstraat-11-d/80823430/,650000,1013 SJ Amsterdam,77,275,3,2,1,1916
https://www.funda.nl/en/detail/koop/amsterdam/appartement-madurastraat-14-c/80847060/,475000,1094 GL Amsterdam,56,210,3,2,1,1902
https://www.funda.nl/en/detail/koop/amsterdam/appartement-legmeerstraat-63-1/44456655/,535000,1058 NC Amsterdam,59,120,3,1,1,1930
https://www.funda.nl/en/detail/koop/amsterdam/appartement-pijnackerstraat-24-3/44403200/,650000,1072 JV Amsterdam,70,160,3,2,1,1925
https://www.funda.nl/en/detail/koop/amsterdam/appartement-albert-cuypstraat-99-2/44466371/,385000,1072 CR Amsterdam,40,160,2,1,1,1887
https://www.funda.nl/en/detail/koop/amsterdam/appartement-overleg-125/44412874/,300000,1068 RM Amsterdam,59,90,2,1,1,1987
https://www.funda.nl/en/detail/koop/amsterdam/appartement-kanteel-76/44420838/,625000,1083 DB Amsterdam,100,120,3,2,1,1989
https://www.funda.nl/en/detail/koop/amsterdam/appartement-jodenbreestraat-112/43227498/,785000,1011 NS Amsterdam,120,120,5,4,1,1966
https://www.funda.nl/en/detail/koop/amsterdam/appartement-banne-buikslootlaan-125/43329709/,425000,1034 AC Amsterdam,61,90,3,1,1,2014
https://www.funda.nl/en/detail/koop/amsterdam/appartement-meerhuizenstraat-27-2/44492897/,575000,1078 TG Amsterdam,72,160,3,1,1,1922
https://www.funda.nl/en/detail/koop/amsterdam/appartement-albert-cuypstraat-47-1/44400460/,435000,1072 CL Amsterdam,44,90,2,1,1,1883
https://www.funda.nl/en/detail/koop/amsterdam/appartement-pieter-van-der-doesstraat-52-3/44458505/,600000,1056 VJ Amsterdam,60,90,3,2,1,1932
https://www.funda.nl/en/detail/koop/amsterdam/appartement-maisonnette-bouwnr-770/43040945/,500000,1025 WL Amsterdam,100,50,5,3,1,2020
https://www.funda.nl/en/detail/koop/amsterdam/appartement-insulindeweg-926/89705791/,595000,1095 DX Amsterdam,81,90,3,2,1,1999
https://www.funda.nl/en/detail/koop/amsterdam/appartement-eerste-atjehstraat-31-h/80871961/,441000,1094 KA Amsterdam,43,90,2,1,1,1974
https://www.funda.nl/en/detail/koop/amsterdam/appartement-middenweg-456/44413868/,675000,1097 VC Amsterdam,99,160,4,3,1,1925
https://www.funda.nl/en/detail/koop/amsterdam/appartement-van-walbeeckstraat-32-4/44489848/,545000,1058 CS Amsterdam,51,70,3,2,1,1937
https://www.funda.nl/en/detail/koop/amsterdam/appartement-type-a-bouwnr-614/43716746/,415000,1062 HE Amsterdam,50,10,2,1,1,2026
https://www.funda.nl/en/detail/koop/amsterdam/appartement-gorontalostraat-6-b/80868091/,399000,1095 TP Amsterdam,53,120,4,2,1,1926
https://www.funda.nl/en/detail/koop/amsterdam/appartement-beethovenstraat-196-2/44493515/,1455000,1077 JZ Amsterdam,164,350,3,2,1,1961
https://www.funda.nl/en/detail/koop/amsterdam/appartement-realengracht-174/44420263/,625000,1013 KW Amsterdam,79,160,3,2,2,1981
https://www.funda.nl/en/detail/koop/amsterdam/appartement-type-a-3-kamerappartement-bouwnr-c502/44452596/,467900,1069 EJ Amsterdam,64,50,3,2,1,2027
https://www.funda.nl/en/detail/koop/amsterdam/appartement-isaak-gosseshof-12-2/89799653/,395000,1065 XH Amsterdam,68,160,4,3,1,1957
https://www.funda.nl/en/detail/koop/amsterdam/appartement-isaac-titsinghkade-104/44476686/,1100000,1018 CA Amsterdam,116,30,4,3,1,2020
https://www.funda.nl/en/detail/koop/amsterdam/appartement-jacob-van-lennepkade-235-2/44497139/,500000,1054 ZR Amsterdam,50,160,2,1,1,1903
https://www.funda.nl/en/detail/koop/amsterdam/appartement-leeuwendalersweg-694/44498657/,539500,1061 BK Amsterdam,94,90,4,3,1,2009
https://www.funda.nl/en/detail/koop/amsterdam/appartement-janusz-korczakstraat-20/80874019/,475000,1102 JN Amsterdam,99,90,5,4,1,2022
https://www.funda.nl/en/detail/koop/amsterdam/appartement-egelantiersgracht-189-b/43303867/,850000,1015 RJ Amsterdam,96,275,4,2,3,1855
https://www.funda.nl/en/detail/koop/amsterdam/appartement-van-nijenrodeweg-276/44478021/,495000,1082 GZ Amsterdam,87,210,4,3,1,1965
https://www.funda.nl/en/detail/koop/amsterdam/appartement-curacaostraat-35-1/43355199/,500000,1058 BL Amsterdam,61,90,3,2,1,1935
https://www.funda.nl/en/detail/koop/amsterdam/appartement-newtonstraat-79-2/43339434/,495000,1098 HB Amsterdam,58,160,3,2,1,1918
https://www.funda.nl/en/detail/koop/amsterdam/appartement-govert-flinckstraat-158-a/80863272/,595000,1072 EN Amsterdam,65,90,3,2,1,1974
https://www.funda.nl/en/detail/koop/amsterdam/appartement-ladogameerhof-150/80840388/,499000,1060 RE Amsterdam,101,120,3,2,1,1999
https://www.funda.nl/en/detail/koop/amsterdam/appartement-gustav-mahlerlaan-212/44416438/,1275000,1082 ME Amsterdam,171,70,3,2,1,2005
https://www.funda.nl/en/detail/koop/amsterdam/appartement-tweede-schinkelstraat-9-3/44490305/,425000,1075 TN Amsterdam,44,210,2,1,1,1911
https://www.funda.nl/en/detail/koop/amsterdam/appartement-hartenstraat-5-a/44492671/,765000,1016 BZ Amsterdam,93,160,4,2,1,1750
https://www.funda.nl/en/detail/koop/amsterdam/appartement-koningsstraat-42/44468743/,600000,1011 EW Amsterdam,107,90,2,1,1,1983
https://www.funda.nl/en/detail/koop/amsterdam/appartement-lomanstraat-7-2/44428869/,1570000,1075 PS Amsterdam,144,160,6,4,1,1913
https://www.funda.nl/en/detail/koop/amsterdam/appartement-albert-luthulistraat-26-c/44401891/,450000,1091 NW Amsterdam,53,210,3,2,1,1930
https://www.funda.nl/en/detail/koop/amsterdam/appartement-haarlemmerweg-205-h/89791903/,435000,1051 LD Amsterdam,43,160,3,2,1,1906
https://www.funda.nl/en/detail/koop/amsterdam/appartement-appartement-bouwnummer-267-bouwnr-267/43242480/,696658,1019 AK Amsterdam,83,70,3,2,1,2028
https://www.funda.nl/en/detail/koop/amsterdam/appartement-pieter-langendijkstraat-42-2/43229806/,540000,1054 ZB Amsterdam,53,160,2,1,1,1910
https://www.funda.nl/en/detail/koop/amsterdam/appartement-zeeburgerpad-45-k/43322869/,690000,1019 AA Amsterdam,86,30,3,2,1,2026
https://www.funda.nl/en/detail/koop/amsterdam/appartement-wilhelminastraat-67-1/43312621/,495000,1054 VW Amsterdam,52,160,2,1,1,1899
https://www.funda.nl/en/detail/koop/amsterdam/appartement-cortado-urban-80-95-bouwnr-497/43206214/,595000,1064 AB Amsterdam,83,50,4,3,1,2028
https://www.funda.nl/en/detail/koop/amsterdam/appartement-beemsterstraat-128/44493845/,350000,1024 BG Amsterdam,65,120,3,2,1,1965
https://www.funda.nl/en/detail/koop/amsterdam/appartement-piet-mondriaanstraat-117-1/44483494/,450000,1061 TP Amsterdam,90,90,6,5,1,1959
https://www.funda.nl/en/detail/koop/amsterdam/appartement-polderweg-228/43349916/,950000,1093 KP Amsterdam,106,70,3,2,1,2013
https://www.funda.nl/en/detail/koop/amsterdam/appartement-rustenburgerstraat-37-c/44428686/,600000,1074 ER Amsterdam,48,90,3,2,1,1912
https://www.funda.nl/en/detail/koop/amsterdam/appartement-bentinckstraat-14-h/43341743/,425000,1051 GK Amsterdam,44,275,2,1,1,1900
https://www.funda.nl/en/detail/koop/amsterdam/appartement-stadionkade-161-3/89741413/,750000,1076 BZ Amsterdam,85,160,3,2,1,1931
https://www.funda.nl/en/detail/koop/amsterdam/appartement-ptolemaeusstraat-5-h/44462586/,1100000,1098 GV Amsterdam,116,160,5,4,1,1929
https://www.funda.nl/en/detail/koop/amsterdam/appartement-knsm-laan-668/43349691/,500000,1019 LS Amsterdam,72,90,3,2,1,1992
https://www.funda.nl/en/detail/koop/amsterdam/appartement-griseldestraat-19-1/89781702/,450000,1055 AR Amsterdam,53,210,3,2,1,1940
https://www.funda.nl/en/detail/koop/amsterdam/appartement-palmgracht-18-h/44421043/,795000,1015 HM Amsterdam,99,210,3,1,1,1888
https://www.funda.nl/en/detail/koop/amsterdam/appartement-grasweg-372/44404494/,1095000,1031 HX Amsterdam,114,30,3,2,1,2020
https://www.funda.nl/en/detail/koop/amsterdam/appartement-oostelijke-handelskade-1181/43331940/,700000,1019 DN Amsterdam,99,90,3,2,1,1998
https://www.funda.nl/en/detail/koop/amsterdam/appartement-planciusstraat-17-e/43399896/,1850000,1013 MD Amsterdam,182,120,4,3,1,1904
https://www.funda.nl/en/detail/koop/amsterdam/appartement-trompenburgstraat-31-2/43339015/,880000,1079 TM Amsterdam,95,90,4,3,1,1918
https://www.funda.nl/en/detail/koop/amsterdam/appartement-kromme-mijdrechtstraat-76-1/44480231/,450000,1079 LB Amsterdam,51,210,3,2,1,1929
https://www.funda.nl/en/detail/koop/amsterdam/appartement-vier-vijfkamerappartement-bouwnr-53/43369120/,858000,1087 LA Amsterdam,143,30,5,4,1,2027
https://www.funda.nl/en/detail/koop/amsterdam/appartement-langswater-752/44426924/,350000,1069 EG Amsterdam,72,120,4,3,1,1969
https://www.funda.nl/en/detail/koop/amsterdam/appartement-reinwardtstraat-62/80874260/,450000,1093 HK Amsterdam,68,120,3,2,1,1986
https://www.funda.nl/en/detail/koop/amsterdam/appartement-3-kamerappartement-bouwnr-d0207/44478984/,498000,1068 MT Amsterdam,69,30,3,2,1,2020
https://www.funda.nl/en/detail/koop/amsterdam/appartement-meerhuizenstraat-11-p/80853480/,360000,1078 TE Amsterdam,38,120,2,1,1,2002
https://www.funda.nl/en/detail/koop/amsterdam/appartement-hertspieghelweg-70-2/44452782/,475000,1055 KS Amsterdam,64,160,3,2,1,1950
https://www.funda.nl/en/detail/koop/amsterdam/appartement-oostenburgervoorstraat-286/89758352/,550000,1018 MR Amsterdam,65,70,2,1,1,1723
https://www.funda.nl/en/detail/koop/amsterdam/appartement-fannius-scholtenstraat-9-a/44496875/,450000,1051 ES Amsterdam,52,160,2,1,1,1902
https://www.funda.nl/en/detail/koop/amsterdam/appartement-rustenburgerstraat-372-2/80864176/,689000,1072 HE Amsterdam,81,120,3,1,1,1904
https://www.funda.nl/en/detail/koop/amsterdam/appartement-polderweg-202/80877481/,895000,1093 KP Amsterdam,112,90,3,2,1,2013
https://www.funda.nl/en/detail/koop/amsterdam/appartement-brouwersgracht-188-c/44416144/,1175000,1013 HC Amsterdam,142,160,3,2,2,1636
https://www.funda.nl/en/detail/koop/amsterdam/appartement-eerste-oosterparkstraat-29-3a/44486804/,500000,1091 GT Amsterdam,54,120,2,1,1,1885
https://www.funda.nl/en/detail/koop/amsterdam/appartement-appartement-bouwnummer-228-bouwnr-228/43241299/,685384,1019 AK Amsterdam,82,70,3,2,1,2028
https://www.funda.nl/en/detail/koop/amsterdam/appartement-minervaplein-29-4/44459334/,960000,1077 TK Amsterdam,94,210,3,2,1,1958
https://www.funda.nl/en/detail/koop/amsterdam/appartement-type-g-3-kamerappartement-bouwnr-a307/44452671/,429900,1069 EJ Amsterdam,61,50,3,2,1,2027
https://www.funda.nl/en/detail/koop/amsterdam/appartement-type-g-3-kamerappartement-bouwnr-a107/44452660/,414900,1069 EJ Amsterdam,61,50,3,2,1,2027
https://www.funda.nl/en/detail/koop/amsterdam/appartement-elizabeth-anscombestraat-125/44476796/,750000,1062 LE Amsterdam,100,50,3,2,1,2025
https://www.funda.nl/en/detail/koop/amsterdam/appartement-liftado-urban-80-95-bouwnr-526/43206234/,704000,1064 AB Amsterdam,95,50,4,3,1,2028
https://www.funda.nl/en/detail/koop/amsterdam/appartement-liftado-waterfront-95-100-bouwnr-554/43294104/,708000,1064 AB Amsterdam,93,50,6,4,1,2028
https://www.funda.nl/en/detail/koop/amsterdam/appartement-oosterpark-68-c/43076815/,500000,1092 AS Amsterdam,51,70,3,2,1,1889
https://www.funda.nl/en/detail/koop/amsterdam/appartement-gustav-mahlerplein-287/44472704/,5500000,1082 MS Amsterdam,497,90,0,5,1,2010
https://www.funda.nl/en/detail/koop/amsterdam/appartement-elisabeth-wolffstraat-7-1/44407443/,595000,1052 RN Amsterdam,64,90,3,2,1,1910
https://www.funda.nl/en/detail/koop/amsterdam/appartement-j-drijverweg-34/44487959/,395000,1025 BJ Amsterdam,78,120,3,2,1,1970
https://www.funda.nl/en/detail/koop/amsterdam/appartement-albert-cuypstraat-272-2a/89766759/,400000,1073 BR Amsterdam,42,90,2,1,1,1891
https://www.funda.nl/en/detail/koop/amsterdam/appartement-parnassusweg-34-2/44452648/,1075000,1076 AS Amsterdam,152,160,7,3,1,1931
https://www.funda.nl/en/detail/koop/amsterdam/appartement-cortado-penthouse-bouwnr-511/43205418/,1118000,1064 AB Amsterdam,159,70,5,4,1,2028
https://www.funda.nl/en/detail/koop/amsterdam/appartement-waalstraat-69-h/44416505/,425000,1079 DP Amsterdam,46,160,2,1,1,1934
https://www.funda.nl/en/detail/koop/amsterdam/appartement-jacob-burggraafstraat-30/43340530/,525000,1018 WA Amsterdam,74,90,3,2,1,1990
https://www.funda.nl/en/detail/koop/amsterdam/appartement-hugo-de-grootplein-7-1/44411842/,500000,1052 KV Amsterdam,47,90,2,1,1,1900
https://www.funda.nl/en/detail/koop/amsterdam/appartement-lorriestraat-60/44404575/,1188000,1019 XP Amsterdam,124,30,4,3,1,2023
https://www.funda.nl/en/detail/koop/amsterdam/appartement-oostenburgermiddenstraat-531/44428836/,895000,1018 LH Amsterdam,83,30,3,2,1,2023
https://www.funda.nl/en/detail/koop/amsterdam/appartement-gamerenstraat-61-c/80861778/,749500,1087 VN Amsterdam,133,30,5,4,1,2022
https://www.funda.nl/en/detail/koop/amsterdam/appartement-esplanade-de-meer-130/43344831/,795000,1098 WN Amsterdam,129,90,4,3,1,2002
https://www.funda.nl/en/detail/koop/amsterdam/appartement-hoofdweg-416-3/43391509/,425000,1056 DG Amsterdam,55,210,2,1,1,1927
https://www.funda.nl/en/detail/koop/amsterdam/appartement-lucellestraat-44/44462120/,625000,1055 JA Amsterdam,74,160,2,1,1,1940
https://www.funda.nl/en/detail/koop/amsterdam/appartement-sumatrakade-585/80820900/,525000,1019 PS Amsterdam,68,90,5,2,1,1999
https://www.funda.nl/en/detail/koop/amsterdam/appartement-van-suchtelen-van-de-haarestraat-111/44428972/,595000,1068 GR Amsterdam,99,70,4,3,1,2023
https://www.funda.nl/en/detail/koop/amsterdam/appartement-baarsstraat-12-1/44463402/,485000,1075 RW Amsterdam,55,160,3,2,1,1913
https://www.funda.nl/en/detail/koop/amsterdam/appartement-van-spilbergenstraat-160-h/43316595/,475000,1057 RP Amsterdam,72,350,2,1,1,1925
https://www.funda.nl/en/detail/koop/amsterdam/appartement-p-hans-frankfurthersingel-98/44468691/,425000,1060 TN Amsterdam,76,120,3,2,1,2004
https://www.funda.nl/en/detail/koop/amsterdam/appartement-bilderdijkkade-52-d/44484824/,2095000,1053 VN Amsterdam,199,70,7,5,1,2015
https://www.funda.nl/en/detail/koop/amsterdam/appartement-orteliuskade-37-2/44403679/,485000,1057 AG Amsterdam,58,210,4,1,1,1940
https://www.funda.nl/en/detail/koop/amsterdam/appartement-burmandwarsstraat-1/89706185/,799000,1091 SL Amsterdam,106,90,4,3,1,1984
https://www.funda.nl/en/detail/koop/amsterdam/appartement-churchill-laan-17-1/44468011/,750000,1078 DB Amsterdam,92,160,4,3,1,1931
https://www.funda.nl/en/detail/koop/amsterdam/appartement-rapenburgerstraat-114/44497064/,550000,1011 ML Amsterdam,72,90,3,2,1,1998
https://www.funda.nl/en/detail/koop/amsterdam/appartement-faas-wilkesstraat-471/80823666/,500000,1095 MD Amsterdam,77,70,2,1,1,2015
https://www.funda.nl/en/detail/koop/amsterdam/appartement-kromme-mijdrechtstraat-90-3/44428074/,425000,1079 LC Amsterdam,50,350,3,2,1,1928
https://www.funda.nl/en/detail/koop/amsterdam/appartement-nepveustraat-20-2/89722406/,429000,1058 XP Amsterdam,57,160,2,1,1,1929
https://www.funda.nl/en/detail/koop/amsterdam/appartement-george-gershwinlaan-139/89798147/,1075000,1082 MT Amsterdam,138,90,4,3,1,2011
https://www.funda.nl/en/detail/koop/amsterdam/appartement-3-kamersappartement-bouwnr-e0301/43344886/,508840,1068 MT Amsterdam,64,30,3,2,1,2026
https://www.funda.nl/en/detail/koop/amsterdam/appartement-rustenburgerdwarsstraat-2-f/43343267/,795000,1074 JJ Amsterdam,102,90,4,3,1,1997
https://www.funda.nl/en/detail/koop/amsterdam/appartement-admiraal-de-ruijterweg-277-h/44472410/,1580000,1055 LV Amsterdam,213,90,7,5,1,1907
https://www.funda.nl/en/detail/koop/amsterdam/appartement-bloemgracht-129-a5l/44471917/,975000,1016 KL Amsterdam,126,160,3,2,1,1896
https://www.funda.nl/en/detail/koop/amsterdam/appartement-binnen-brouwersstraat-7-2/44460467/,655000,1013 EE Amsterdam,66,90,4,3,1,1750
https://www.funda.nl/en/detail/koop/amsterdam/appartement-begoniastraat-16-a/44491167/,395000,1031 GM Amsterdam,41,90,2,1,1,1919
https://www.funda.nl/en/detail/koop/amsterdam/appartement-boeckenburg-19/44458627/,550000,1082 CT Amsterdam,85,450,4,3,1,1963
https://www.funda.nl/en/detail/koop/amsterdam/appartement-argonautenstraat-9-1/44461381/,600000,1076 KJ Amsterdam,75,275,3,2,1,1930
https://www.funda.nl/en/detail/koop/amsterdam/appartement-saffierstraat-186/44458860/,325000,1074 GZ Amsterdam,40,275,2,1,1,1925
https://www.funda.nl/en/detail/koop/amsterdam/appartement-bonairestraat-28-2/44487830/,550000,1058 XH Amsterdam,67,160,3,2,1,1931
https://www.funda.nl/en/detail/koop/amsterdam/appartement-barentszplein-2-g/89767045/,1395000,1013 NJ Amsterdam,144,90,4,3,1,2010
https://www.funda.nl/en/detail/koop/amsterdam/appartement-westerdoksdijk-461/44405956/,865000,1013 BX Amsterdam,113,70,2,1,1,2008
https://www.funda.nl/en/detail/koop/amsterdam/appartement-thorn-prikkerstraat-77/44485588/,500000,1062 BS Amsterdam,66,50,3,2,1,2016
https://www.funda.nl/en/detail/koop/amsterdam/appartement-glitterstraat-190/80876241/,425000,1103 SK Amsterdam,98,90,4,3,1,2007
https://www.funda.nl/en/detail/koop/amsterdam/appartement-3-kamersappartement-bouwnr-e0101/43344888/,498840,1068 MT Amsterdam,64,30,3,2,1,2026
https://www.funda.nl/en/detail/koop/amsterdam/appartement-van-ostadestraat-139-1/44490785/,1400000,1072 SW Amsterdam,114,90,3,2,1,1901
https://www.funda.nl/en/detail/koop/amsterdam/appartement-ndsm-straat-85/43344187/,630000,1033 NA Amsterdam,72,50,3,2,1,2023
https://www.funda.nl/en/detail/koop/amsterdam/appartement-czaar-peterstraat-184-e/44471778/,795000,1018 PX Amsterdam,78,90,3,2,1,1909
https://www.funda.nl/en/detail/koop/amsterdam/appartement-sarphatistraat-568/43342119/,1300000,1018 AV Amsterdam,129,90,5,3,1,1858
https://www.funda.nl/en/detail/koop/amsterdam/appartement-mt-lincolnweg-120/44412346/,940000,1033 SN Amsterdam,93,30,3,2,1,2024
https://www.funda.nl/en/detail/koop/amsterdam/appartement-eef-kamerbeekstraat-548/44403029/,595000,1095 MP Amsterdam,83,90,3,2,1,2019
https://www.funda.nl/en/detail/koop/amsterdam/appartement-iepenweg-43/44463689/,665000,1091 JL Amsterdam,82,120,3,2,1,1982
https://www.funda.nl/en/detail/koop/amsterdam/appartement-werfkade-83/43340329/,385000,1033 TA Amsterdam,47,50,2,1,1,2025
https://www.funda.nl/en/detail/koop/amsterdam/appartement-achillesstraat-109-2/44409607/,500000,1076 RA Amsterdam,53,210,3,2,1,1930
https://www.funda.nl/en/detail/koop/amsterdam/appartement-emmy-andriessestraat-337/89786640/,550000,1087 LS Amsterdam,88,90,3,2,1,2012
https://www.funda.nl/en/detail/koop/amsterdam/appartement-alfred-doblinstraat-170/43399002/,369000,1102 VN Amsterdam,73,160,2,1,1,1985
https://www.funda.nl/en/detail/koop/amsterdam/appartement-eerste-leliedwarsstraat-6-1/44413970/,425000,1015 TA Amsterdam,38,120,2,1,1,1932
https://www.funda.nl/en/detail/koop/amsterdam/appartement-eastonstraat-135/44429019/,375000,1068 JD Amsterdam,77,120,3,2,1,1963
https://www.funda.nl/en/detail/koop/amsterdam/appartement-van-ostadestraat-209-b/44482560/,700000,1073 TN Amsterdam,81,120,4,3,1,1988
https://www.funda.nl/en/detail/koop/amsterdam/appartement-grubbehoeve-114/44488473/,280000,1103 GL Amsterdam,69,120,3,2,1,1970
https://www.funda.nl/en/detail/koop/amsterdam/appartement-koppenburglaan-68/89793195/,350000,1104 PR Amsterdam,103,90,4,3,1,1985
https://www.funda.nl/en/detail/koop/amsterdam/appartement-reguliersgracht-107-f/43384767/,880000,1017 LP Amsterdam,84,90,3,2,1,1998
https://www.funda.nl/en/detail/koop/amsterdam/appartement-s-f-van-ossstraat-250/80867159/,350000,1068 JP Amsterdam,77,120,3,2,1,1965
https://www.funda.nl/en/detail/koop/amsterdam/appartement-type-b-2-kamerappartement-bouwnr-c003/44452723/,339900,1069 EJ Amsterdam,43,50,2,1,1,2027
https://www.funda.nl/en/detail/koop/amsterdam/appartement-ferdinand-bolstraat-111-3/44469452/,800000,1072 LE Amsterdam,108,160,4,3,1,1892
https://www.funda.nl/en/detail/koop/amsterdam/appartement-wolbrantskerkweg-96-b/43877712/,575000,1069 DA Amsterdam,117,90,4,3,1,2004
https://www.funda.nl/en/detail/koop/amsterdam/appartement-korte-ouderkerkerdijk-1-a1/44408342/,1585000,1096 AC Amsterdam,190,70,4,3,1,2021
https://www.funda.nl/en/detail/koop/amsterdam/appartement-keizersgracht-698-a/44413792/,2500000,1017 EV Amsterdam,210,210,4,2,1,1960
https://www.funda.nl/en/detail/koop/amsterdam/appartement-raamsteeg-4-1/43314446/,485000,1012 VZ Amsterdam,81,160,4,2,1,1806
https://www.funda.nl/en/detail/koop/amsterdam/appartement-ruys-de-beerenbrouckstraat-119-e/43330282/,575000,1067 BP Amsterdam,100,90,4,3,1,2006
https://www.funda.nl/en/detail/koop/amsterdam/appartement-albert-luthulistraat-15-d/43344821/,650000,1091 NR Amsterdam,79,210,4,3,1,1923
https://www.funda.nl/en/detail/koop/amsterdam/appartement-nicolaas-witsenkade-30-a/44465672/,1625000,1017 ZT Amsterdam,176,160,5,3,1,1876
https://www.funda.nl/en/detail/koop/amsterdam/appartement-biesboschstraat-83-2/44486555/,825000,1078 MR Amsterdam,104,160,4,3,2,1930
https://www.funda.nl/en/detail/koop/amsterdam/appartement-ijdoornlaan-1459-e/44407526/,425000,1034 BM Amsterdam,57,90,2,1,1,2019
https://www.funda.nl/en/detail/koop/amsterdam/appartement-javaplein-13-3/43213451/,500000,1095 CH Amsterdam,63,210,2,2,1,1913
https://www.funda.nl/en/detail/koop/amsterdam/appartement-de-oosterlingen-bouwnummer-203/42287750/,365000,1018 CA Amsterdam,39,30,1,1,1,2020
https://www.funda.nl/en/detail/koop/amsterdam/appartement-van-heemskerckstraat-37-3/44428791/,560000,1013 NV Amsterdam,63,120,4,1,1,1883
https://www.funda.nl/en/detail/koop/amsterdam/appartement-ijburglaan-1442/43347227/,695000,1087 KG Amsterdam,116,90,3,2,1,2006
https://www.funda.nl/en/detail/koop/amsterdam/appartement-de-boelelaan-317/43347997/,425000,1082 RD Amsterdam,86,450,3,2,1,1965
https://www.funda.nl/en/detail/koop/amsterdam/appartement-rooseveltlaan-130-3/43380174/,750000,1078 NR Amsterdam,102,275,6,3,1,1934
https://www.funda.nl/en/detail/koop/amsterdam/appartement-paulus-potterstraat-5-3/43166730/,1900000,1071 CX Amsterdam,161,450,5,4,3,1936
https://www.funda.nl/en/detail/koop/amsterdam/appartement-olympiakade-16-2/44416921/,525000,1076 XP Amsterdam,47,90,2,1,1,1926
https://www.funda.nl/en/detail/koop/amsterdam/appartement-van-breestraat-148-h/44406542/,3650000,1071 ZW Amsterdam,194,90,7,5,1,1901
https://www.funda.nl/en/detail/koop/amsterdam/appartement-krammerstraat-11-h/43353169/,599000,1078 KE Amsterdam,72,160,3,2,1,1928
https://www.funda.nl/en/detail/koop/amsterdam/appartement-3-kamerappartement-bouwnr-e0204/44478994/,510000,1068 MT Amsterdam,71,30,3,2,1,2020
https://www.funda.nl/en/detail/koop/amsterdam/appartement-andries-copierstraat-104/44427975/,520000,1061 SE Amsterdam,79,70,3,2,1,2009
https://www.funda.nl/en/detail/koop/amsterdam/appartement-balboastraat-56-2/89709404/,450000,1057 VX Amsterdam,58,90,3,2,1,1924
https://www.funda.nl/en/detail/koop/amsterdam/appartement-apollolaan-35-4/44498967/,1000000,1077 AC Amsterdam,106,120,4,3,1,1929
https://www.funda.nl/en/detail/koop/amsterdam/appartement-bestevaerstraat-186-1/43168246/,390000,1055 TS Amsterdam,48,275,3,2,1,1924
https://www.funda.nl/en/detail/koop/amsterdam/appartement-heemstedestraat-20-2/44452776/,425000,1058 NM Amsterdam,55,350,4,3,1,1928
https://www.funda.nl/en/detail/koop/amsterdam/appartement-liftado-urban-80-95-bouwnr-540/43206246/,578000,1064 AB Amsterdam,80,50,3,2,1,2028
https://www.funda.nl/en/detail/koop/amsterdam/appartement-george-gershwinlaan-245/43377021/,1975000,1082 MT Amsterdam,188,90,4,3,1,2011
https://www.funda.nl/en/detail/koop/amsterdam/appartement-de-oosterlingen-bouwnummer-792/42287866/,760000,1018 CA Amsterdam,78,30,3,2,1,2020
https://www.funda.nl/en/detail/koop/amsterdam/appartement-vaalrivierstraat-3-b/89785647/,465000,1091 PC Amsterdam,56,120,2,1,1,1931
https://www.funda.nl/en/detail/koop/amsterdam/appartement-city-lofts-bouwnr-16/44467388/,439612,1095 PG Amsterdam,54,30,2,1,1,2027
https://www.funda.nl/en/detail/koop/amsterdam/appartement-van-breestraat-109-h/44463507/,2000000,1071 ZK Amsterdam,206,120,8,6,1,1905
https://www.funda.nl/en/detail/koop/amsterdam/appartement-vreeswijkpad-169/43144546/,510954,1106 DV Amsterdam,99,30,4,3,1,2026
https://www.funda.nl/en/detail/koop/amsterdam/appartement-liftado-waterfront-95-100-bouwnr-519/43294175/,716000,1064 AB Amsterdam,99,50,6,4,1,2028
https://www.funda.nl/en/detail/koop/amsterdam/appartement-reinier-claeszenstraat-25-h/44475115/,1280000,1056 WD Amsterdam,139,90,4,3,1,1919
https://www.funda.nl/en/detail/koop/amsterdam/appartement-soesterberghof-10/80848127/,300000,1107 GM Amsterdam,57,160,2,1,1,1982
https://www.funda.nl/en/detail/koop/amsterdam/appartement-faas-wilkesstraat-223/89794414/,420000,1095 MD Amsterdam,51,90,2,1,1,2015
https://www.funda.nl/en/detail/koop/amsterdam/appartement-van-der-palmkade-31/44493601/,790000,1051 RE Amsterdam,97,90,4,2,1,2001
https://www.funda.nl/en/detail/koop/amsterdam/appartement-rozengracht-74-c/89732085/,448000,1016 NE Amsterdam,64,90,3,2,1,1998
https://www.funda.nl/en/detail/koop/amsterdam/appartement-javastraat-138-b/89738765/,350000,1095 CK Amsterdam,35,120,2,1,1,1913
https://www.funda.nl/en/detail/koop/amsterdam/appartement-krooswijkhof-9/43116766/,725000,1083 JA Amsterdam,102,120,4,3,1,1988
https://www.funda.nl/en/detail/koop/amsterdam/appartement-johan-hofmanstraat-167/44412319/,475000,1069 KD Amsterdam,105,120,4,3,1,2009
https://www.funda.nl/en/detail/koop/amsterdam/appartement-overtoom-568-3/44400501/,595000,1054 LN Amsterdam,64,210,3,2,1,1912
https://www.funda.nl/en/detail/koop/amsterdam/appartement-hoofdweg-454-2/43337997/,475000,1056 DJ Amsterdam,62,160,3,2,1,1918
https://www.funda.nl/en/detail/koop/amsterdam/appartement-valkenburgerstraat-192-b/43324707/,550000,1011 NC Amsterdam,66,90,2,1,1,2006
https://www.funda.nl/en/detail/koop/amsterdam/appartement-monnikenstraat-6/43317120/,630000,1012 BP Amsterdam,86,275,4,2,1,1738
https://www.funda.nl/en/detail/koop/amsterdam/appartement-lauriergracht-108-3/43783177/,995000,1016 RP Amsterdam,132,210,4,2,1,1906
https://www.funda.nl/en/detail/koop/amsterdam/appartement-van-speijkstraat-2-h/80831600/,525000,1057 HA Amsterdam,62,160,3,1,1,1918
https://www.funda.nl/en/detail/koop/amsterdam/appartement-van-woustraat-224-2/44427811/,545000,1073 NB Amsterdam,63,160,3,2,1,1922
https://www.funda.nl/en/detail/koop/amsterdam/appartement-jan-pieter-heijestraat-98-3/80866456/,450000,1053 GT Amsterdam,46,120,2,1,1,1900
https://www.funda.nl/en/detail/koop/amsterdam/appartement-van-eeghenlaan-2-2/44421431/,1050000,1071 EL Amsterdam,98,160,3,2,1,1894
https://www.funda.nl/en/detail/koop/amsterdam/appartement-javastraat-49-c/80857480/,500000,1094 HA Amsterdam,56,160,3,2,1,1902
https://www.funda.nl/en/detail/koop/amsterdam/appartement-liftado-urban-villa-bouwnr-514/43294166/,1094000,1064 AB Amsterdam,167,50,5,4,1,2028
https://www.funda.nl/en/detail/koop/amsterdam/appartement-voltaplein-10-h/80847878/,1350000,1098 NR Amsterdam,117,160,4,3,1,1931
https://www.funda.nl/en/detail/koop/amsterdam/appartement-bijlmerdreef-967/43380439/,575000,1103 TW Amsterdam,136,90,3,2,1,2005
https://www.funda.nl/en/detail/koop/amsterdam/appartement-frans-van-mierisstraat-45-2/43342723/,1550000,1071 RK Amsterdam,100,90,3,2,1,1911
https://www.funda.nl/en/detail/koop/amsterdam/appartement-memeleiland-116/44461231/,660000,1014 ZL Amsterdam,73,70,3,2,1,2018
https://www.funda.nl/en/detail/koop/amsterdam/appartement-funenpark-189/44457283/,920000,1018 AK Amsterdam,121,90,4,3,1,2005
https://www.funda.nl/en/detail/koop/amsterdam/appartement-kromme-waal-36-3/44411046/,565000,1011 BW Amsterdam,54,160,2,1,1,1805
https://www.funda.nl/en/detail/koop/amsterdam/appartement-kiefskamp-15/44400404/,425000,1082 JX Amsterdam,59,275,3,2,1,1968
https://www.funda.nl/en/detail/koop/amsterdam/appartement-albert-cuypstraat-13-1/80813938/,289000,1072 CK Amsterdam,34,450,2,1,1,1890
https://www.funda.nl/en/detail/koop/amsterdam/appartement-zeeburgerkade-1200/80889158/,650000,1019 VK Amsterdam,81,90,3,2,1,2018
https://www.funda.nl/en/detail/koop/amsterdam/appartement-cornelis-anthoniszstraat-63-2/44484601/,575000,1071 VS Amsterdam,54,90,3,2,1,1900
https://www.funda.nl/en/detail/koop/amsterdam/appartement-kleiburg-203/80847363/,650000,1104 EA Amsterdam,160,160,4,2,2,1972
https://www.funda.nl/en/detail/koop/amsterdam/appartement-prof-tulpstraat-42/44457928/,995000,1018 HA Amsterdam,101,160,4,2,1,1850
https://www.funda.nl/en/detail/koop/amsterdam/appartement-pieter-aertszstraat-63-2/44480316/,500000,1073 SK Amsterdam,52,160,3,2,1,1909
https://www.funda.nl/en/detail/koop/amsterdam/appartement-carnapstraat-171/80861587/,550000,1062 KZ Amsterdam,88,90,3,2,1,1995
https://www.funda.nl/en/detail/koop/amsterdam/appartement-elisabeth-wolffstraat-12-2/44404333/,550000,1052 RR Amsterdam,54,160,3,2,1,1913
https://www.funda.nl/en/detail/koop/amsterdam/appartement-hogevecht-123/44491045/,265000,1102 HG Amsterdam,64,90,2,1,1,1970
https://www.funda.nl/en/detail/koop/amsterdam/appartement-ladogameerhof-87/44493156/,500000,1060 PJ Amsterdam,107,70,4,3,1,1998
https://www.funda.nl/en/detail/koop/amsterdam/appartement-galileiplantsoen-89-1/43121109/,850000,1098 LX Amsterdam,103,160,4,3,1,1929
https://www.funda.nl/en/detail/koop/amsterdam/appartement-jacob-van-lennepkade-187-1/44496849/,475000,1054 ZN Amsterdam,46,120,2,1,1,1899
https://www.funda.nl/en/detail/koop/amsterdam/appartement-lauriergracht-30-1/44407160/,1270000,1016 RL Amsterdam,143,210,4,3,2,1658
https://www.funda.nl/en/detail/koop/amsterdam/appartement-van-ostadestraat-368-1/44425091/,525000,1074 XA Amsterdam,52,160,3,2,1,1931
https://www.funda.nl/en/detail/koop/amsterdam/appartement-prinsengracht-1073-a/44461656/,1380000,1017 JG Amsterdam,102,160,4,2,1,1860
https://www.funda.nl/en/detail/koop/amsterdam/appartement-kleiburg-822/80862268/,385000,1104 EA Amsterdam,97,90,3,2,1,2015
https://www.funda.nl/en/detail/koop/amsterdam/appartement-spinozastraat-21-h/44450431/,1450000,1018 HE Amsterdam,188,160,6,3,2,1801
https://www.funda.nl/en/detail/koop/amsterdam/appartement-oranje-nassaulaan-17-c/43398506/,1675000,1075 AH Amsterdam,76,70,3,2,1,1918
https://www.funda.nl/en/detail/koop/amsterdam/appartement-bernard-shawsingel-28/80839883/,250000,1102 VC Amsterdam,43,160,2,1,1,1984
https://www.funda.nl/en/detail/koop/amsterdam/appartement-hermanus-coenradistraat-8-3/44412853/,350000,1063 XR Amsterdam,58,210,2,1,1,1953
https://www.funda.nl/en/detail/koop/amsterdam/appartement-3-kamersappartement-bouwnr-d0201/43344883/,495840,1068 MT Amsterdam,64,30,3,2,1,2026
https://www.funda.nl/en/detail/koop/amsterdam/appartement-van-heenvlietlaan-262-h/43364031/,240000,1083 CN Amsterdam,23,160,1,1,1,1977
https://www.funda.nl/en/detail/koop/amsterdam/appartement-sijlhoff-49-3/80863973/,875000,1082 ER Amsterdam,133,120,6,5,1,1962
https://www.funda.nl/en/detail/koop/amsterdam/appartement-koperslagerij-67/44459451/,675000,1021 NJ Amsterdam,100,90,5,4,1,1985
https://www.funda.nl/en/detail/koop/amsterdam/appartement-guldenpromenade-7/89788429/,385000,1060 SB Amsterdam,65,120,4,2,1,1998
https://www.funda.nl/en/detail/koop/amsterdam/appartement-eerste-constantijn-huygensstraat-20-c/44426257/,639000,1054 BR Amsterdam,80,70,3,1,1,2011
https://www.funda.nl/en/detail/koop/amsterdam/appartement-vondelstraat-70-h/44483497/,1495000,1054 GG Amsterdam,132,90,3,2,1,1878
https://www.funda.nl/en/detail/koop/amsterdam/appartement-raadhuisstraat-10-1/43341579/,569000,1016 DE Amsterdam,57,160,2,1,1,1895
https://www.funda.nl/en/detail/koop/amsterdam/appartement-johann-keplerstraat-49/44404771/,900000,1098 HJ Amsterdam,103,90,5,3,1,1929
https://www.funda.nl/en/detail/koop/amsterdam/appartement-loenermark-398/44421915/,350000,1025 TK Amsterdam,79,275,3,2,1,1976
https://www.funda.nl/en/detail/koop/amsterdam/appartement-van-mourik-broekmanstraat-7-h/44497866/,375000,1065 EP Amsterdam,54,275,3,1,1,1958
https://www.funda.nl/en/detail/koop/amsterdam/appartement-sarphatipark-8-h/80869491/,1100000,1072 PA Amsterdam,108,160,3,2,1,1890
https://www.funda.nl/en/detail/koop/amsterdam/appartement-appartementen-op-het-groene-erf-bouwnr-5/89599792/,790000,1035 PP Amsterdam,117,30,3,2,1,2020
https://www.funda.nl/en/detail/koop/amsterdam/appartement-van-hilligaertstraat-16-d/44459522/,875000,1072 JZ Amsterdam,118,160,4,3,1,1922
https://www.funda.nl/en/detail/koop/amsterdam/appartement-appartement-bouwnummer-99-bouwnr-99/43143830/,676656,1019 AK Amsterdam,83,70,3,2,1,2028
https://www.funda.nl/en/detail/koop/amsterdam/appartement-boorderstraat-22/44418769/,335000,1033 MA Amsterdam,46,160,3,2,1,1983
https://www.funda.nl/en/detail/koop/amsterdam/appartement-wolbrantskerkweg-125/89697809/,550000,1069 CL Amsterdam,96,90,4,3,1,2005
https://www.funda.nl/en/detail/koop/amsterdam/appartement-piet-gijzenbrugstraat-10-h/89706419/,795000,1059 XH Amsterdam,75,160,3,2,1,1933
https://www.funda.nl/en/detail/koop/amsterdam/appartement-maarten-harpertszoon-trompstraat-38-3/44417879/,450000,1056 JC Amsterdam,53,350,3,2,1,1925
https://www.funda.nl/en/detail/koop/amsterdam/appartement-parnassusweg-117/80811295/,425000,1077 DE Amsterdam,52,210,2,1,1,1967
https://www.funda.nl/en/detail/koop/amsterdam/appartement-jasper-leijnsenstraat-3-2/80852820/,425000,1056 XT Amsterdam,45,210,3,1,1,1938
https://www.funda.nl/en/detail/koop/amsterdam/appartement-type-b-2-kamerappartement-bouwnr-c508/44452744/,359900,1069 EJ Amsterdam,43,50,2,1,1,2027
https://www.funda.nl/en/detail/koop/amsterdam/appartement-prins-hendrikkade-127-c/43348650/,775000,1011 AN Amsterdam,114,120,3,2,1,1906
https://www.funda.nl/en/detail/koop/amsterdam/appartement-noorderakerweg-90-d/43152324/,495000,1069 LW Amsterdam,96,90,3,2,1,2002
https://www.funda.nl/en/detail/koop/amsterdam/appartement-hogehilweg-12-b10/43382463/,562000,1101 CD Amsterdam,87,30,3,2,1,2026
https://www.funda.nl/en/detail/koop/amsterdam/appartement-vier-vijfkamerappartement-bouwnr-52/43369121/,858000,1087 LA Amsterdam,143,30,5,4,1,2027
https://www.funda.nl/en/detail/koop/amsterdam/appartement-schipluidenlaan-194/80885665/,610000,1062 HE Amsterdam,82,90,3,2,1,2018
https://www.funda.nl/en/detail/koop/amsterdam/appartement-eerste-helmersstraat-108-1/44493584/,600000,1054 EH Amsterdam,64,160,3,2,1,1893
https://www.funda.nl/en/detail/koop/amsterdam/appartement-warmoesstraat-73-3/43055437/,475000,1012 HX Amsterdam,53,160,2,1,1,1760
https://www.funda.nl/en/detail/koop/amsterdam/appartement-noorderstraat-45-3/44427512/,1050000,1017 TR Amsterdam,111,160,5,4,2,1934
https://www.funda.nl/en/detail/koop/amsterdam/appartement-finsenstraat-12-h/80834394/,785000,1098 RG Amsterdam,96,90,5,4,1,1958
https://www.funda.nl/en/detail/koop/amsterdam/appartement-elpermeer-83/43324380/,355000,1025 AB Amsterdam,78,160,4,3,1,1969
https://www.funda.nl/en/detail/koop/amsterdam/appartement-rapenburg-95-3/44460466/,850000,1011 TW Amsterdam,82,120,3,2,1,1882
https://www.funda.nl/en/detail/koop/amsterdam/appartement-postjeskade-7-2/89776880/,430000,1058 DE Amsterdam,48,160,3,2,1,1927
https://www.funda.nl/en/detail/koop/amsterdam/appartement-kuinderstraat-31-1/44469765/,509500,1079 DJ Amsterdam,56,120,3,2,1,1934
https://www.funda.nl/en/detail/koop/amsterdam/appartement-fraunhoferstraat-19/44494546/,625000,1098 LN Amsterdam,85,160,3,2,1,1928
https://www.funda.nl/en/detail/koop/amsterdam/appartement-boterdiepstraat-8-h/89794409/,500000,1079 SW Amsterdam,55,160,2,1,1,1934
https://www.funda.nl/en/detail/koop/amsterdam/appartement-cooperatiehof-29-h/44452568/,395000,1073 JP Amsterdam,50,350,2,1,1,1928
https://www.funda.nl/en/detail/koop/amsterdam/appartement-legmeerstraat-32-2/44487137/,500000,1058 NE Amsterdam,56,160,3,2,1,1931
https://www.funda.nl/en/detail/koop/amsterdam/appartement-camille-balystraat-9-d/89795630/,695000,1087 VP Amsterdam,109,30,4,3,1,2022
https://www.funda.nl/en/detail/koop/amsterdam/appartement-legmeerstraat-45-1/44419513/,500000,1058 NB Amsterdam,62,160,2,1,1,1932
https://www.funda.nl/en/detail/koop/amsterdam/appartement-bos-en-lommerplantsoen-37-a/80848478/,275000,1055 AA Amsterdam,36,120,1,1,1,2012
https://www.funda.nl/en/detail/koop/amsterdam/appartement-haarlemmerweg-372/44482225/,650000,1014 BL Amsterdam,72,70,3,2,1,1970
https://www.funda.nl/en/detail/koop/amsterdam/appartement-kraaipanstraat-31-a/80868287/,400000,1091 PG Amsterdam,44,275,2,1,1,1921
https://www.funda.nl/en/detail/koop/amsterdam/appartement-dantestraat-156/89778999/,325000,1102 ZR Amsterdam,75,90,3,2,1,1984
https://www.funda.nl/en/detail/koop/amsterdam/appartement-type-a-bouwnr-506/43716735/,410000,1062 HE Amsterdam,50,10,2,1,1,2026
https://www.funda.nl/en/detail/koop/amsterdam/appartement-catharina-boudewijnshof-61/44462729/,450000,1064 PG Amsterdam,74,160,3,2,1,1990
https://www.funda.nl/en/detail/koop/amsterdam/appartement-dirk-bonsstraat-2-2/44401017/,350000,1063 TX Amsterdam,48,160,2,1,1,1953
https://www.funda.nl/en/detail/koop/amsterdam/appartement-erich-salomonstraat-554/44450781/,765000,1087 KC Amsterdam,137,90,5,4,1,2008
https://www.funda.nl/en/detail/koop/amsterdam/appartement-kerkstraat-60-f/44469328/,725000,1017 GM Amsterdam,74,160,3,2,1,1727
https://www.funda.nl/en/detail/koop/amsterdam/appartement-nachtwachtlaan-51/44425531/,650000,1058 EB Amsterdam,98,90,4,3,1,1972
https://www.funda.nl/en/detail/koop/amsterdam/appartement-javastraat-91-3/80863970/,325000,1094 HB Amsterdam,31,210,2,1,1,1903
https://www.funda.nl/en/detail/koop/amsterdam/appartement-3-kamerappartement-bouwnr-e0306/44478992/,520000,1068 MT Amsterdam,71,30,3,2,1,2020
https://www.funda.nl/en/detail/koop/amsterdam/appartement-lassusstraat-3-2/44496789/,1450000,1075 GV Amsterdam,134,90,6,3,1,1902
https://www.funda.nl/en/detail/koop/amsterdam/appartement-isaac-titsinghkade-251/44401363/,800000,1018 LL Amsterdam,99,30,3,2,2,2022
https://www.funda.nl/en/detail/koop/amsterdam/appartement-liftado-urban-80-95-bouwnr-541/43206237/,718000,1064 AB Amsterdam,95,50,4,3,1,2028
https://www.funda.nl/en/detail/koop/amsterdam/appartement-kerkstraat-58/43075785/,3950000,1017 GM Amsterdam,380,120,7,4,1,1906
https://www.funda.nl/en/detail/koop/amsterdam/appartement-sportstraat-14-1/80868313/,455000,1076 TV Amsterdam,42,90,2,1,1,1925
https://www.funda.nl/en/detail/koop/amsterdam/appartement-de-clercqstraat-134-4/44472055/,700000,1052 NP Amsterdam,85,120,3,2,1,1931
https://www.funda.nl/en/detail/koop/amsterdam/appartement-prinsengracht-570-1/43361475/,1750000,1017 KR Amsterdam,206,275,6,5,1,1915
https://www.funda.nl/en/detail/koop/amsterdam/appartement-merckenburg-4/44473177/,460000,1082 BT Amsterdam,86,210,4,3,1,1963
https://www.funda.nl/en/detail/koop/amsterdam/appartement-admiraal-de-ruijterweg-258-3/80840162/,950000,1055 MP Amsterdam,140,90,6,5,1,1922
https://www.funda.nl/en/detail/koop/amsterdam/appartement-waverstraat-48-h/43310050/,685000,1079 VM Amsterdam,74,90,3,2,1,1924
https://www.funda.nl/en/detail/koop/amsterdam/appartement-special-bouwnummer-8-bouwnr-8/43143758/,891871,1019 AK Amsterdam,108,70,3,2,1,2028
https://www.funda.nl/en/detail/koop/amsterdam/appartement-rozenstraat-111-1/44413442/,425000,1016 NN Amsterdam,43,120,3,2,1,1915
https://www.funda.nl/en/detail/koop/amsterdam/appartement-eerste-keucheniusstraat-10-1/43914960/,315000,1051 HR Amsterdam,35,275,1,1,1,1912
https://www.funda.nl/en/detail/koop/amsterdam/appartement-meerhuizenstraat-11-m/80821158/,530000,1078 TE Amsterdam,69,90,2,1,1,2002
https://www.funda.nl/en/detail/koop/amsterdam/appartement-lou-jansenplein-57-3/89725868/,375000,1063 GW Amsterdam,69,350,4,3,1,1958
https://www.funda.nl/en/detail/koop/amsterdam/appartement-roerstraat-36-2/80838242/,725000,1078 LP Amsterdam,81,160,3,2,1,1930
https://www.funda.nl/en/detail/koop/amsterdam/appartement-rubensstraat-30-h/43346830/,1500000,1077 MS Amsterdam,164,160,0,4,1,1928
https://www.funda.nl/en/detail/koop/amsterdam/appartement-biesboschstraat-54-1/44469715/,695000,1078 MX Amsterdam,78,160,3,2,1,1929
https://www.funda.nl/en/detail/koop/amsterdam/appartement-wilhelminastraat-18-1/80871680/,685000,1054 WH Amsterdam,96,210,3,2,1,1898
https://www.funda.nl/en/detail/koop/amsterdam/appartement-3-kamerappartement-bouwnr-d0201/44478969/,495000,1068 MT Amsterdam,64,30,3,2,1,2020
https://www.funda.nl/en/detail/koop/amsterdam/appartement-veembroederhof-121/44495595/,1150000,1019 HD Amsterdam,147,90,3,2,1,2006
https://www.funda.nl/en/detail/koop/amsterdam/appartement-trompenburgstraat-37-2/44496777/,939000,1079 TM Amsterdam,95,90,4,3,1,1918
https://www.funda.nl/en/detail/koop/amsterdam/appartement-hoogte-kadijk-145-y4/44425943/,1015000,1018 BH Amsterdam,83,50,4,3,1,2026
https://www.funda.nl/en/detail/koop/amsterdam/appartement-gustav-mahlerlaan-25-e/43325777/,425000,1082 MK Amsterdam,39,90,2,1,1,2020
https://www.funda.nl/en/detail/koop/amsterdam/appartement-prins-hendrikkade-125-c/44493048/,1400000,1011 AN Amsterdam,157,210,5,4,1,1652
https://www.funda.nl/en/detail/koop/amsterdam/appartement-haarlemmerstraat-125-h/43320845/,375000,1013 EN Amsterdam,31,90,2,1,1,1822
https://www.funda.nl/en/detail/koop/amsterdam/appartement-brouwersgracht-127-h/43329850/,880000,1015 GE Amsterdam,108,120,3,2,2,1927
https://www.funda.nl/en/detail/koop/amsterdam/appartement-polanenstraat-50-3/43303707/,625000,1013 VX Amsterdam,75,90,3,2,1,1967
https://www.funda.nl/en/detail/koop/amsterdam/appartement-haarlemmerweg-328/43335206/,425000,1014 BL Amsterdam,38,90,1,1,1,1970
https://www.funda.nl/en/detail/koop/amsterdam/appartement-balistraat-137-a/43334181/,385000,1094 JK Amsterdam,43,160,3,2,1,1916
https://www.funda.nl/en/detail/koop/amsterdam/appartement-van-tuyll-van-serooskerkenweg-72-3/44484166/,1395000,1076 JN Amsterdam,156,210,4,3,1,1930
https://www.funda.nl/en/detail/koop/amsterdam/appartement-le-mairekade-54/44414800/,575000,1013 CD Amsterdam,73,120,3,2,1,1985
https://www.funda.nl/en/detail/koop/amsterdam/appartement-aurikelstraat-105/44416559/,665000,1032 AT Amsterdam,96,90,4,3,1,1925
https://www.funda.nl/en/detail/koop/amsterdam/appartement-sibogastraat-38/43388574/,600000,1094 SM Amsterdam,73,90,3,2,1,1998
https://www.funda.nl/en/detail/koop/amsterdam/appartement-burgemeester-hogguerstraat-649/43320990/,430000,1064 CX Amsterdam,78,90,4,2,1,1965
https://www.funda.nl/en/detail/koop/amsterdam/appartement-willem-parelstraat-250/80848437/,425000,1018 KZ Amsterdam,44,50,2,1,1,2022
https://www.funda.nl/en/detail/koop/amsterdam/appartement-cabotstraat-13-2/44498265/,450000,1057 VP Amsterdam,52,160,3,2,1,1922
https://www.funda.nl/en/detail/koop/amsterdam/appartement-leerdamhof-272/80811153/,325000,1108 BZ Amsterdam,62,120,2,2,1,1980
https://www.funda.nl/en/detail/koop/amsterdam/appartement-de-lairessestraat-176-a/44466180/,1900000,1075 HM Amsterdam,259,350,6,4,1,1933
https://www.funda.nl/en/detail/koop/amsterdam/appartement-appartement-bouwnummer-234-bouwnr-234/43241209/,633917,1019 AK Amsterdam,73,70,3,2,1,2028
https://www.funda.nl/en/detail/koop/amsterdam/appartement-nieuwe-laan-10/44497472/,393000,1068 BZ Amsterdam,76,90,3,2,1,2018
https://www.funda.nl/en/detail/koop/amsterdam/appartement-avercampstraat-10/80869161/,500000,1072 RB Amsterdam,62,160,3,1,1,1986
https://www.funda.nl/en/detail/koop/amsterdam/appartement-oeverpad-564/43830888/,775000,1068 PM Amsterdam,155,90,4,3,1,2006
https://www.funda.nl/en/detail/koop/amsterdam/appartement-simsonstraat-3-1/44425366/,425000,1076 VG Amsterdam,43,90,2,1,1,1925
https://www.funda.nl/en/detail/koop/amsterdam/appartement-woestduinstraat-139-h/43325945/,875000,1059 ST Amsterdam,87,120,3,2,1,1934
https://www.funda.nl/en/detail/koop/amsterdam/appartement-van-reedestraat-198/44481936/,695000,1018 LB Amsterdam,69,30,2,1,1,2020
https://www.funda.nl/en/detail/koop/amsterdam/appartement-eerste-jan-van-der-heijdenstraat-26-3v/80874080/,395000,1072 TT Amsterdam,42,160,2,1,1,1895
https://www.funda.nl/en/detail/koop/amsterdam/appartement-aaf-bouberstraat-136/89680105/,465000,1065 LW Amsterdam,84,120,4,3,1,1972
https://www.funda.nl/en/detail/koop/amsterdam/appartement-type-a-3-kamerappartement-bouwnr-c505/44452597/,467900,1069 EJ Amsterdam,64,50,3,2,1,2027
https://www.funda.nl/en/detail/koop/amsterdam/appartement-conny-stuartstraat-61/44467764/,600000,1031 HZ Amsterdam,69,50,3,2,1,2021
https://www.funda.nl/en/detail/koop/amsterdam/appartement-tasmanstraat-3-2/80843097/,415000,1013 PW Amsterdam,47,210,2,1,1,1938
https://www.funda.nl/en/detail/koop/amsterdam/appartement-jozef-israelskade-13-d/44494942/,675000,1072 RT Amsterdam,90,210,4,3,1,1923
https://www.funda.nl/en/detail/koop/amsterdam/appartement-kinkerstraat-314-2/44412423/,425000,1053 GD Amsterdam,46,90,3,2,1,1898
https://www.funda.nl/en/detail/koop/amsterdam/appartement-rozenstraat-176-h/44499243/,1095000,1016 PA Amsterdam,112,210,5,4,1,1897
https://www.funda.nl/en/detail/koop/amsterdam/appartement-oosterdokskade-71/43331664/,1000000,1011 DL Amsterdam,96,50,3,2,1,2012
https://www.funda.nl/en/detail/koop/amsterdam/appartement-derde-oosterparkstraat-122-b/44485270/,650000,1092 EB Amsterdam,78,90,3,2,1,1997
https://www.funda.nl/en/detail/koop/amsterdam/appartement-ingogostraat-14-e/80874164/,525000,1092 HZ Amsterdam,70,160,3,2,1,1912
https://www.funda.nl/en/detail/koop/amsterdam/appartement-ploegstraat-187/44474551/,395000,1097 WE Amsterdam,47,160,2,1,1,1925
https://www.funda.nl/en/detail/koop/amsterdam/appartement-ladogameerhof-86/80858754/,425000,1060 PJ Amsterdam,85,90,3,2,1,1998
https://www.funda.nl/en/detail/koop/amsterdam/appartement-spadinalaan-667/44419864/,575000,1031 KB Amsterdam,65,50,2,1,1,2024
https://www.funda.nl/en/detail/koop/amsterdam/appartement-zinranapad-195/42968136/,900000,1096 GV Amsterdam,91,30,3,2,1,2022
https://www.funda.nl/en/detail/koop/amsterdam/appartement-warmondstraat-158-1/44428857/,565000,1058 LA Amsterdam,55,160,2,1,1,1932
https://www.funda.nl/en/detail/koop/amsterdam/appartement-nieuwe-prinsengracht-24-1/44408160/,650000,1018 XJ Amsterdam,85,210,3,2,1,1854
https://www.funda.nl/en/detail/koop/amsterdam/appartement-overamstelstraat-103/44401579/,575000,1091 TM Amsterdam,82,90,3,2,1,1993
https://www.funda.nl/en/detail/koop/amsterdam/appartement-vechtstraat-164-h/44491867/,1325000,1079 JT Amsterdam,156,120,7,5,1,1934
https://www.funda.nl/en/detail/koop/amsterdam/appartement-kinderdijkstraat-53-1/44420011/,450000,1079 GD Amsterdam,57,160,6,2,1,1937
https://www.funda.nl/en/detail/koop/amsterdam/appartement-goudsbloemstraat-8-h/44427019/,550000,1015 JP Amsterdam,49,120,2,1,1,1916
https://www.funda.nl/en/detail/koop/amsterdam/appartement-tilanusstraat-36-4/80858066/,700000,1091 BL Amsterdam,77,90,3,2,1,1882
https://www.funda.nl/en/detail/koop/amsterdam/appartement-eerste-jan-van-der-heijdenstraat-44-5/80869144/,750000,1072 TW Amsterdam,80,90,3,2,1,1895
https://www.funda.nl/en/detail/koop/amsterdam/appartement-cornelis-trooststraat-30-4/43349363/,400000,1072 JG Amsterdam,45,210,2,1,1,1924
https://www.funda.nl/en/detail/koop/amsterdam/appartement-meer-en-vaart-16-b/44400025/,550000,1068 ZZ Amsterdam,109,70,4,3,1,2007
https://www.funda.nl/en/detail/koop/amsterdam/appartement-vossiusstraat-17-d/44498778/,2550000,1071 AC Amsterdam,137,30,4,3,1,1879
https://www.funda.nl/en/detail/koop/amsterdam/appartement-transvaalstraat-99-b/43381024/,375000,1092 HG Amsterdam,56,160,2,1,1,1981
https://www.funda.nl/en/detail/koop/amsterdam/appartement-cornelis-krusemanstraat-23-2/44461744/,870000,1075 NC Amsterdam,83,350,3,2,1,1923
https://www.funda.nl/en/detail/koop/amsterdam/appartement-onbekendegracht-5-h/80860169/,750000,1018 XN Amsterdam,85,160,3,2,1,1879
https://www.funda.nl/en/detail/koop/amsterdam/appartement-hoofdweg-346-1/89462390/,450000,1056 DC Amsterdam,55,210,2,1,1,1927
https://www.funda.nl/en/detail/koop/amsterdam/appartement-postjesweg-403/80874534/,389000,1062 JT Amsterdam,67,450,2,1,1,1961
https://www.funda.nl/en/detail/koop/amsterdam/appartement-blauwpijpstraat-29/44499457/,650000,1019 KX Amsterdam,78,120,5,2,1,2000
https://www.funda.nl/en/detail/koop/amsterdam/appartement-rapenburgerstraat-75/44474316/,485000,1011 VK Amsterdam,49,160,2,1,1,1960
https://www.funda.nl/en/detail/koop/amsterdam/appartement-nieuwpoortstraat-106-h/44498833/,700000,1055 RZ Amsterdam,79,90,4,3,1,1934
https://www.funda.nl/en/detail/koop/amsterdam/appartement-driekamerappartement-bouwnr-5/43732539/,637500,1087 VA Amsterdam,106,50,3,2,1,2026
https://www.funda.nl/en/detail/koop/amsterdam/appartement-beulingstraat-6-f/44426261/,549000,1017 BA Amsterdam,62,160,2,1,1,1719
https://www.funda.nl/en/detail/koop/amsterdam/appartement-vondelstraat-184-2/44499850/,500000,1054 GW Amsterdam,61,450,2,1,1,1906
https://www.funda.nl/en/detail/koop/amsterdam/appartement-pieter-van-der-doesstraat-9-2/44495927/,450000,1056 VA Amsterdam,53,160,2,1,1,1932
https://www.funda.nl/en/detail/koop/amsterdam/appartement-opijnenhof-70/80823187/,335000,1106 XT Amsterdam,73,70,2,1,1,1976
https://www.funda.nl/en/detail/koop/amsterdam/appartement-driekamerappartement-bouwnr-23/43360562/,614800,1087 LA Amsterdam,106,30,3,2,1,2027
https://www.funda.nl/en/detail/koop/amsterdam/appartement-hondecoeterstraat-2-c/44406483/,3540000,1071 LR Amsterdam,199,120,4,2,1,1920
https://www.funda.nl/en/detail/koop/amsterdam/appartement-johannes-verhulststraat-224-h/44468866/,1400000,1075 HG Amsterdam,138,160,5,3,1,1911
https://www.funda.nl/en/detail/koop/amsterdam/appartement-van-woustraat-147-3/44459068/,900000,1074 AJ Amsterdam,134,120,5,4,1,1911
https://www.funda.nl/en/detail/koop/amsterdam/appartement-3-kamersappartement-bouwnr-e0403/43344810/,530840,1068 MT Amsterdam,71,30,3,2,1,2026
https://www.funda.nl/en/detail/koop/amsterdam/appartement-montelbaanstraat-20/43345068/,635000,1011 EG Amsterdam,72,120,4,3,1,1932
https://www.funda.nl/en/detail/koop/amsterdam/appartement-frans-van-mierisstraat-87-1/44417740/,1180000,1071 RN Amsterdam,138,210,6,4,1,1905
https://www.funda.nl/en/detail/koop/amsterdam/appartement-middenweg-518/43348819/,595000,1097 VE Amsterdam,97,275,5,4,1,1925
https://www.funda.nl/en/detail/koop/amsterdam/appartement-paramariboplein-47/44404444/,995000,1058 AR Amsterdam,97,90,3,2,2,1927
https://www.funda.nl/en/detail/koop/amsterdam/appartement-jan-boterenbroodstraat-28/44472070/,415000,1019 GH Amsterdam,61,120,3,2,1,1988
https://www.funda.nl/en/detail/koop/amsterdam/appartement-bloemstraat-190-iii/43438866/,635000,1016 LK Amsterdam,57,90,2,1,1,2015
https://www.funda.nl/en/detail/koop/amsterdam/appartement-driekamerappartement-bouwnr-29/43360574/,561600,1087 LA Amsterdam,96,30,3,2,1,2027
https://www.funda.nl/en/detail/koop/amsterdam/appartement-bouvigne-16-1/44407505/,430000,1083 BN Amsterdam,67,90,3,2,1,1959
https://www.funda.nl/en/detail/koop/amsterdam/appartement-type-b2-bouwnr-8/43229785/,1075000,1081 LA Amsterdam,92,30,3,2,1,2020
https://www.funda.nl/en/detail/koop/amsterdam/appartement-anthonie-van-dijckstraat-11-h/80878969/,1875000,1077 MG Amsterdam,145,90,5,4,1,1934
https://www.funda.nl/en/detail/koop/amsterdam/appartement-madurastraat-9-b/44498927/,475000,1094 GC Amsterdam,57,120,2,1,1,1986
https://www.funda.nl/en/detail/koop/amsterdam/appartement-vrolikstraat-305-h/44474686/,700000,1091 VD Amsterdam,72,160,3,2,1,1901
https://www.funda.nl/en/detail/koop/amsterdam/appartement-3-kamer-appartement-bouwnr-306/43953564/,468523,1102 AK Amsterdam,74,50,3,2,1,2020
https://www.funda.nl/en/detail/koop/amsterdam/appartement-van-neckstraat-33/44493326/,850000,1013 PJ Amsterdam,88,160,5,2,1,1915
https://www.funda.nl/en/detail/koop/amsterdam/appartement-james-rosskade-13-2/89793197/,550000,1056 AE Amsterdam,96,210,5,4,1,1949
https://www.funda.nl/en/detail/koop/amsterdam/appartement-van-ostadestraat-392-2/44459988/,425000,1074 XB Amsterdam,43,160,2,1,1,1913
https://www.funda.nl/en/detail/koop/amsterdam/appartement-willem-passtoorsstraat-2-2/80845496/,695000,1073 HX Amsterdam,77,160,3,2,1,1924
https://www.funda.nl/en/detail/koop/amsterdam/appartement-hiraistraat-5-b113/43248128/,650000,1101 DA Amsterdam,93,30,3,2,1,2020
https://www.funda.nl/en/detail/koop/amsterdam/appartement-oudeschans-79-b/44419566/,750000,1011 KW Amsterdam,68,90,3,2,1,1906
https://www.funda.nl/en/detail/koop/amsterdam/appartement-balboastraat-11-c/44403628/,475000,1057 VS Amsterdam,53,90,4,3,1,1927
https://www.funda.nl/en/detail/koop/amsterdam/appartement-dijkmeerlaan-44/44478635/,795000,1096 DE Amsterdam,85,30,3,2,1,2025
https://www.funda.nl/en/detail/koop/amsterdam/appartement-hagedoornweg-68-b/89620045/,269000,1031 BT Amsterdam,26,120,2,1,1,1925
https://www.funda.nl/en/detail/koop/amsterdam/appartement-lutonhof-64/44421676/,375000,1043 EG Amsterdam,49,50,2,1,1,2024
https://www.funda.nl/en/detail/koop/amsterdam/appartement-commelinstraat-47-2/44493456/,525000,1093 TK Amsterdam,62,90,3,2,1,1882
https://www.funda.nl/en/detail/koop/amsterdam/appartement-tintorettostraat-10-1/44454699/,1200000,1077 RT Amsterdam,124,210,5,3,1,1931
https://www.funda.nl/en/detail/koop/amsterdam/appartement-schierstins-47/44496880/,525000,1082 TC Amsterdam,68,350,3,2,1,1965
https://www.funda.nl/en/detail/koop/amsterdam/appartement-zaanstraat-314/44468176/,600000,1013 SC Amsterdam,89,90,3,2,1,1919
https://www.funda.nl/en/detail/koop/amsterdam/appartement-da-costastraat-39-o/43342413/,850000,1053 ZD Amsterdam,99,90,3,2,1,1889
https://www.funda.nl/en/detail/koop/amsterdam/appartement-rumphiusstraat-29/44413047/,1500000,1018 CB Amsterdam,161,30,5,3,1,2020
https://www.funda.nl/en/detail/koop/amsterdam/appartement-eerste-jan-steenstraat-8-e/43340264/,1225000,1072 NK Amsterdam,111,90,4,3,1,2011
https://www.funda.nl/en/detail/koop/amsterdam/appartement-pieter-aertszstraat-88-3/44464846/,825000,1073 ST Amsterdam,92,210,3,2,1,1908
https://www.funda.nl/en/detail/koop/amsterdam/appartement-van-breestraat-98-1/44462184/,1280000,1071 ZT Amsterdam,118,160,6,4,1,1905
https://www.funda.nl/en/detail/koop/amsterdam/appartement-laurierstraat-27-1/80832326/,465000,1016 PG Amsterdam,58,275,3,2,1,1934
https://www.funda.nl/en/detail/koop/amsterdam/appartement-keizersgracht-333-c/43347916/,1075000,1016 EG Amsterdam,132,210,3,2,1,1710
https://www.funda.nl/en/detail/koop/amsterdam/appartement-haarlemmerstraat-125-c/44496746/,325000,1013 EN Amsterdam,28,90,1,1,1,1822
https://www.funda.nl/en/detail/koop/amsterdam/appartement-albert-luthulistraat-27-b/44498843/,395000,1091 NS Amsterdam,39,210,2,1,1,1918
https://www.funda.nl/en/detail/koop/amsterdam/appartement-gerard-brandtstraat-16-h/89709634/,1800000,1054 JK Amsterdam,186,120,7,4,1,1880
https://www.funda.nl/en/detail/koop/amsterdam/appartement-bijlmerdreef-799/89780861/,425000,1103 TA Amsterdam,100,90,6,5,1,1977
https://www.funda.nl/en/detail/koop/amsterdam/appartement-marnixstraat-190-4/43348468/,600000,1016 TJ Amsterdam,59,90,2,1,1,1884
https://www.funda.nl/en/detail/koop/amsterdam/appartement-westerkade-10-4/43343728/,375000,1015 XD Amsterdam,42,160,2,1,1,1993
https://www.funda.nl/en/detail/koop/amsterdam/appartement-aalsmeerweg-5-2/44482589/,400000,1059 AA Amsterdam,53,90,3,2,1,1928
https://www.funda.nl/en/detail/koop/amsterdam/appartement-haparandaweg-916-c/89706225/,485000,1013 BD Amsterdam,53,50,2,1,1,2015
https://www.funda.nl/en/detail/koop/amsterdam/appartement-leusdenhof-349/43349969/,250000,1108 DT Amsterdam,63,210,2,1,1,1980
https://www.funda.nl/en/detail/koop/amsterdam/appartement-waterlandplein-22-c2/44462893/,400000,1024 LW Amsterdam,71,90,2,1,1,2012
https://www.funda.nl/en/detail/koop/amsterdam/appartement-houtrijkstraat-250/44413840/,425000,1013 DV Amsterdam,51,90,3,2,1,1905
https://www.funda.nl/en/detail/koop/amsterdam/appartement-utrechtsedwarsstraat-101-3/44419537/,495000,1017 WD Amsterdam,62,275,2,1,1,1822
https://www.funda.nl/en/detail/koop/amsterdam/appartement-appartement-bouwnummer-268-bouwnr-268/43242495/,648917,1019 AK Amsterdam,73,70,3,2,1,2028
https://www.funda.nl/en/detail/koop/amsterdam/appartement-bosrankstraat-6/80855142/,550000,1032 LH Amsterdam,74,70,2,1,1,2015
https://www.funda.nl/en/detail/koop/amsterdam/appartement-scherpenzeelstraat-139/44413899/,325000,1107 HT Amsterdam,74,160,3,2,1,1986
https://www.funda.nl/en/detail/koop/amsterdam/appartement-van-speijkstraat-65-3/43317047/,449500,1057 GM Amsterdam,56,210,3,2,1,1925
https://www.funda.nl/en/detail/koop/amsterdam/appartement-dintelstraat-35-h/44496944/,700000,1078 VN Amsterdam,90,210,3,2,1,1931
https://www.funda.nl/en/detail/koop/amsterdam/appartement-heintje-hoekssteeg-5-m/44472583/,650000,1012 GR Amsterdam,103,160,5,4,1,1991
https://www.funda.nl/en/detail/koop/amsterdam/appartement-tweede-schinkelstraat-51-2/44450716/,500051,1075 TR Amsterdam,57,120,4,3,1,1922
https://www.funda.nl/en/detail/koop/amsterdam/appartement-palmstraat-24-1/44419289/,500000,1015 HS Amsterdam,53,160,3,2,1,1906
https://www.funda.nl/en/detail/koop/amsterdam/appartement-roerstraat-3-2/44407812/,795000,1078 LH Amsterdam,99,160,5,3,1,1918
https://www.funda.nl/en/detail/koop/amsterdam/appartement-ladogameerhof-21/44403263/,395000,1060 PJ Amsterdam,79,90,3,2,1,1998
https://www.funda.nl/en/detail/koop/amsterdam/appartement-lootsstraat-24-1/44454748/,340000,1053 NX Amsterdam,38,210,2,1,1,1910
https://www.funda.nl/en/detail/koop/amsterdam/appartement-olympiaplein-43-b/43371233/,1500000,1077 CM Amsterdam,142,90,5,3,1,1928
https://www.funda.nl/en/detail/koop/amsterdam/appartement-appartement-bouwnummer-182-bouwnr-182/43241176/,623918,1019 AK Amsterdam,73,70,3,2,1,2028
https://www.funda.nl/en/detail/koop/amsterdam/appartement-leiduinstraat-6-2/44495734/,475000,1058 SJ Amsterdam,56,350,3,1,1,1934
https://www.funda.nl/en/detail/koop/amsterdam/appartement-merwedeplein-23-1/44412982/,649000,1078 NB Amsterdam,80,210,4,2,1,1937
https://www.funda.nl/en/detail/koop/amsterdam/appartement-sonneveld-43-3/80871333/,665000,1082 EZ Amsterdam,125,275,6,5,1,1965
https://www.funda.nl/en/detail/koop/amsterdam/appartement-baarsjesweg-193-d/44411343/,925000,1057 HR Amsterdam,104,90,4,3,1,2011
https://www.funda.nl/en/detail/koop/amsterdam/appartement-jodenbreestraat-146-b/44403837/,525000,1011 NS Amsterdam,63,120,2,1,1,2002
https://www.funda.nl/en/detail/koop/amsterdam/appartement-nieuwe-leliestraat-131-4/43105982/,450000,1015 SN Amsterdam,33,70,2,1,1,1869
https://www.funda.nl/en/detail/koop/amsterdam/appartement-type-a-bouwnr-519/43716799/,410000,1062 HE Amsterdam,50,10,2,1,1,2026
https://www.funda.nl/en/detail/koop/amsterdam/appartement-memeleiland-176/43327547/,695000,1014 ZL Amsterdam,83,90,3,2,1,2018
https://www.funda.nl/en/detail/koop/amsterdam/appartement-liftado-waterfront-95-100-bouwnr-549/43294103/,703000,1064 AB Amsterdam,93,50,6,4,1,2028
https://www.funda.nl/en/detail/koop/amsterdam/appartement-zeilstraat-64-1/44478286/,450000,1075 SK Amsterdam,58,160,2,1,1,1913
https://www.funda.nl/en/detail/koop/amsterdam/appartement-laagte-kadijk-148-b/43345507/,599000,1018 ZD Amsterdam,79,50,2,1,1,1750
https://www.funda.nl/en/detail/koop/amsterdam/appartement-dijkmeerlaan-392/44404227/,745000,1096 DE Amsterdam,86,30,3,2,1,2026
https://www.funda.nl/en/detail/koop/amsterdam/appartement-goeman-borgesiusstraat-2-a/89703619/,290000,1067 LN Amsterdam,38,120,2,1,1,1957
https://www.funda.nl/en/detail/koop/amsterdam/appartement-geuzenstraat-54-3/43352224/,530000,1056 KE Amsterdam,62,210,4,3,1,1918
https://www.funda.nl/en/detail/koop/amsterdam/appartement-type-a-bouwnr-105/43716705/,400000,1062 HE Amsterdam,50,10,2,1,1,2026
https://www.funda.nl/en/detail/koop/amsterdam/appartement-grootslagstraat-71/44403694/,525000,1024 EZ Amsterdam,81,50,3,2,1,2023
https://www.funda.nl/en/detail/koop/amsterdam/appartement-rustenburgerstraat-82-d/44427517/,575000,1074 EX Amsterdam,52,90,2,1,1,1982
https://www.funda.nl/en/detail/koop/amsterdam/appartement-derde-schinkelstraat-2-c/44450158/,500000,1075 TL Amsterdam,55,160,3,2,1,1913
https://www.funda.nl/en/detail/koop/amsterdam/appartement-hoogte-kadijk-145-y2/44425945/,995000,1018 BH Amsterdam,83,50,4,3,1,2026
https://www.funda.nl/en/detail/koop/amsterdam/appartement-stadhouderskade-52-2/43026996/,350000,1072 AB Amsterdam,33,275,1,1,1,1880
https://www.funda.nl/en/detail/koop/amsterdam/appartement-veembroederhof-135/43371892/,950000,1019 HD Amsterdam,135,90,4,3,1,2006
https://www.funda.nl/en/detail/koop/amsterdam/appartement-hogevecht-165/44462178/,270000,1102 HJ Amsterdam,64,160,2,1,1,1970
https://www.funda.nl/en/detail/koop/amsterdam/appartement-zeeburgerpad-45-e/43322755/,395000,1019 AA Amsterdam,44,30,2,1,1,2026
https://www.funda.nl/en/detail/koop/amsterdam/appartement-van-oldenbarneveldtstraat-78-4/44453528/,525000,1052 KG Amsterdam,62,120,2,1,1,1906
https://www.funda.nl/en/detail/koop/amsterdam/appartement-dirk-van-hasseltssteeg-34/44489450/,685000,1012 NE Amsterdam,95,90,3,2,1,1994
https://www.funda.nl/en/detail/koop/amsterdam/appartement-dirk-van-hasseltssteeg-26-c/44471606/,535000,1012 NE Amsterdam,65,120,3,2,1,1994
https://www.funda.nl/en/detail/koop/amsterdam/appartement-reestraat-11-1a/44416067/,825000,1016 DM Amsterdam,95,120,4,3,1,1757
https://www.funda.nl/en/detail/koop/amsterdam/appartement-transvaalstraat-93-b1/43342826/,425000,1092 HE Amsterdam,46,160,2,1,1,1914
https://www.funda.nl/en/detail/koop/amsterdam/appartement-da-costakade-207-h/80838228/,525000,1053 XA Amsterdam,46,90,2,1,1,1888
https://www.funda.nl/en/detail/koop/amsterdam/appartement-archimedesweg-17/43378679/,1500000,1098 JK Amsterdam,176,90,6,5,1,1939
https://www.funda.nl/en/detail/koop/amsterdam/appartement-curacaostraat-103-2/44414050/,465000,1058 BS Amsterdam,56,210,3,2,1,1935
https://www.funda.nl/en/detail/koop/amsterdam/appartement-jan-olphert-vaillantlaan-49-d/43331277/,395000,1086 XZ Amsterdam,56,70,2,1,1,2006
https://www.funda.nl/en/detail/koop/amsterdam/appartement-jj-cremerstraat-9-2/80835345/,450000,1054 TC Amsterdam,50,210,3,2,1,1914
https://www.funda.nl/en/detail/koop/amsterdam/appartement-develstein-40-c/43360722/,468523,1102 AK Amsterdam,74,50,3,2,1,2020
https://www.funda.nl/en/detail/koop/amsterdam/appartement-hogevecht-192/89786923/,340000,1102 HK Amsterdam,93,90,4,3,1,1970
https://www.funda.nl/en/detail/koop/amsterdam/appartement-gerard-doustraat-12-1/89760365/,485000,1072 VP Amsterdam,47,90,2,1,1,1906
https://www.funda.nl/en/detail/koop/amsterdam/appartement-makassarstraat-38-2/44465139/,435000,1095 SZ Amsterdam,47,210,3,2,1,1925
https://www.funda.nl/en/detail/koop/amsterdam/appartement-van-leijenberghlaan-18-d/43338792/,725000,1082 GM Amsterdam,125,70,4,3,1,2004
https://www.funda.nl/en/detail/koop/amsterdam/appartement-amazonenstraat-12-2/80849526/,850000,1076 LJ Amsterdam,98,160,5,3,1,1930
https://www.funda.nl/en/detail/koop/amsterdam/appartement-derde-leliedwarsstraat-13-3/89704549/,525000,1015 TD Amsterdam,55,210,3,2,1,1903
https://www.funda.nl/en/detail/koop/amsterdam/appartement-barkasstraat-23/44495599/,450000,1086 VJ Amsterdam,71,70,2,1,1,2010
https://www.funda.nl/en/detail/koop/amsterdam/appartement-jan-van-galenstraat-307-4/44495594/,475000,1056 CB Amsterdam,52,90,2,1,1,1927
https://www.funda.nl/en/detail/koop/amsterdam/appartement-deymanstraat-38/80880251/,735000,1091 SE Amsterdam,90,90,5,3,1,1888
https://www.funda.nl/en/detail/koop/amsterdam/appartement-van-reedestraat-185/44481935/,635000,1018 LB Amsterdam,64,30,2,1,1,2020
https://www.funda.nl/en/detail/koop/amsterdam/appartement-admiraal-de-ruijterweg-380-h/44491388/,1050000,1055 NC Amsterdam,167,120,7,5,1,1926
https://www.funda.nl/en/detail/koop/amsterdam/appartement-sumatraplantsoen-22-a/80869428/,475000,1095 JA Amsterdam,65,120,2,1,1,1981
https://www.funda.nl/en/detail/koop/amsterdam/appartement-amstelveenseweg-942-2/44473843/,650000,1081 JP Amsterdam,74,160,3,2,1,1918
https://www.funda.nl/en/detail/koop/amsterdam/appartement-orteliusstraat-296-2/44484884/,900000,1056 PN Amsterdam,115,160,6,4,1,1932
https://www.funda.nl/en/detail/koop/amsterdam/appartement-lindenhoevestraat-61/43349852/,875000,1096 DV Amsterdam,110,30,4,3,1,2021
https://www.funda.nl/en/detail/koop/amsterdam/appartement-witte-de-withstraat-129-h/44401657/,950000,1057 XR Amsterdam,114,210,5,4,1,1913
https://www.funda.nl/en/detail/koop/amsterdam/appartement-eerste-constantijn-huygensstraat-48-b/44482205/,975000,1054 BR Amsterdam,102,90,4,3,1,2006
https://www.funda.nl/en/detail/koop/amsterdam/appartement-geervliet-231/44403112/,875000,1082 NP Amsterdam,148,160,5,3,1,1986
https://www.funda.nl/en/detail/koop/amsterdam/appartement-postjeskade-35-1/44485029/,425000,1058 DG Amsterdam,54,160,2,1,1,1930
https://www.funda.nl/en/detail/koop/amsterdam/appartement-palmgracht-103/44489545/,575000,1015 HL Amsterdam,55,120,3,2,1,1977
https://www.funda.nl/en/detail/koop/amsterdam/appartement-3-kamer-appartement-bouwnr-395/43276371/,435370,1102 AK Amsterdam,60,50,3,2,1,2020
https://www.funda.nl/en/detail/koop/amsterdam/appartement-crynssenstraat-66-1/80854298/,445000,1058 XZ Amsterdam,51,210,3,2,1,1927
https://www.funda.nl/en/detail/koop/amsterdam/appartement-generaal-vetterstraat-14-1/80870073/,995000,1059 BV Amsterdam,105,90,6,5,1,1921
https://www.funda.nl/en/detail/koop/amsterdam/appartement-mary-van-der-sluisstraat-332/43329784/,850000,1095 ME Amsterdam,107,90,3,2,1,2017
https://www.funda.nl/en/detail/koop/amsterdam/appartement-3-kamerappartement-bouwnr-d0407/44478980/,520000,1068 MT Amsterdam,71,30,3,2,1,2020
https://www.funda.nl/en/detail/koop/amsterdam/appartement-eerste-oosterparkstraat-11-1/44488461/,829000,1091 GT Amsterdam,84,90,3,2,1,1910
https://www.funda.nl/en/detail/koop/amsterdam/appartement-nassaukade-32-3/44498488/,1050000,1052 CK Amsterdam,135,160,4,3,1,1896
https://www.funda.nl/en/detail/koop/amsterdam/appartement-nicolaas-witsenkade-16-3/43302107/,850000,1017 ZS Amsterdam,83,275,2,1,1,1949
https://www.funda.nl/en/detail/koop/amsterdam/appartement-borgerstraat-199-3/44425869/,465000,1053 PK Amsterdam,57,275,3,2,1,1912
https://www.funda.nl/en/detail/koop/amsterdam/appartement-langswater-430/44461994/,275000,1069 ED Amsterdam,61,160,3,2,1,1967
https://www.funda.nl/en/detail/koop/amsterdam/appartement-eerste-jan-van-der-heijdenstraat-36-e/44451433/,725000,1072 TV Amsterdam,77,90,3,2,1,1896
https://www.funda.nl/en/detail/koop/amsterdam/appartement-pieter-oosterhuisstraat-77/44469360/,475000,1087 HT Amsterdam,85,90,3,2,1,2008
https://www.funda.nl/en/detail/koop/amsterdam/appartement-dijkmanshuizenstraat-22/80848440/,425000,1024 XR Amsterdam,72,90,3,2,1,2011
https://www.funda.nl/en/detail/koop/amsterdam/appartement-nicolaas-maesstraat-31-h/44402428/,1695000,1071 PM Amsterdam,189,210,5,4,1,1911
https://www.funda.nl/en/detail/koop/amsterdam/appartement-plantage-muidergracht-155-c/43324414/,3150000,1018 TT Amsterdam,211,90,3,3,1,1824
https://www.funda.nl/en/detail/koop/amsterdam/appartement-dirk-bonsstraat-4-h/43322035/,475000,1063 TX Amsterdam,69,120,3,2,1,1953
https://www.funda.nl/en/detail/koop/amsterdam/appartement-terras-loft-bouwnr-10/43926973/,525000,1061 AV Amsterdam,67,30,2,1,1,2027
https://www.funda.nl/en/detail/koop/amsterdam/appartement-weteringstraat-17/80881110/,435000,1017 SL Amsterdam,47,120,2,1,1,1960
https://www.funda.nl/en/detail/koop/amsterdam/appartement-terrasappartementen-fase-2-bouwnr-0317-l1/43326370/,495000,1096 BN Amsterdam,54,50,2,1,1,2026
https://www.funda.nl/en/detail/koop/amsterdam/appartement-de-clercqstraat-45-1/44459965/,625000,1053 AC Amsterdam,65,120,3,2,1,1901
https://www.funda.nl/en/detail/koop/amsterdam/appartement-wipmolen-7/44485425/,365000,1035 CV Amsterdam,94,160,5,4,1,1968
https://www.funda.nl/en/detail/koop/amsterdam/appartement-bloys-van-treslongstraat-55-h/44475197/,835000,1056 WZ Amsterdam,102,120,5,4,1,1923
https://www.funda.nl/en/detail/koop/amsterdam/appartement-legmeerstraat-4-h/44417217/,535000,1058 ND Amsterdam,59,160,3,2,1,1931
https://www.funda.nl/en/detail/koop/amsterdam/appartement-maarten-harpertszoon-trompstraat-41-3/43328743/,595000,1056 HX Amsterdam,68,90,3,2,1,1925
https://www.funda.nl/en/detail/koop/amsterdam/appartement-appartement-bouwnummer-189-bouwnr-189/43241032/,628917,1019 AK Amsterdam,73,70,3,2,1,2028
https://www.funda.nl/en/detail/koop/amsterdam/appartement-parkvilla-8-3-en-4-kamer-appartement-auri-bouwnr-11/44405566/,531000,1022 LA Amsterdam,83,30,4,3,1,2020
https://www.funda.nl/en/detail/koop/amsterdam/appartement-oeverpad-414/44405635/,475000,1068 PM Amsterdam,96,90,3,2,1,1998
https://www.funda.nl/en/detail/koop/amsterdam/appartement-stadhouderskade-67-2/80854965/,845000,1072 AD Amsterdam,98,90,3,2,1,1880
https://www.funda.nl/en/detail/koop/amsterdam/appartement-bulgerstein-36/44411248/,525000,1082 NK Amsterdam,79,160,3,2,1,1986
https://www.funda.nl/en/detail/koop/amsterdam/appartement-van-breestraat-183-e/44491363/,885000,1071 ZN Amsterdam,57,90,3,2,1,1903
https://www.funda.nl/en/detail/koop/amsterdam/appartement-da-costakade-61-2/44470037/,650000,1053 WG Amsterdam,70,120,3,2,1,1901
https://www.funda.nl/en/detail/koop/amsterdam/appartement-eerste-goudsbloemdwarsstraat-14-1/80864925/,375000,1015 JW Amsterdam,31,90,2,1,1,1899
https://www.funda.nl/en/detail/koop/amsterdam/appartement-ten-katestraat-65-3/43340989/,799000,1053 BZ Amsterdam,92,90,3,2,1,1894
https://www.funda.nl/en/detail/koop/amsterdam/appartement-helmholtzstraat-81-2/43342397/,550000,1098 LH Amsterdam,64,160,3,2,1,1953
https://www.funda.nl/en/detail/koop/amsterdam/appartement-sky-maisonnettes-bouwnr-11/44467303/,576011,1095 PG Amsterdam,78,30,3,2,1,2027
https://www.funda.nl/en/detail/koop/amsterdam/appartement-christiaan-de-wetstraat-31-a/80884428/,500000,1091 NG Amsterdam,58,210,2,1,1,1924
https://www.funda.nl/en/detail/koop/amsterdam/appartement-jacques-veltmanstraat-237/80877679/,625000,1065 DB Amsterdam,112,90,5,4,1,2003
https://www.funda.nl/en/detail/koop/amsterdam/appartement-spreeuwenpark-99/44415491/,375000,1021 GV Amsterdam,45,120,2,1,1,1915
https://www.funda.nl/en/detail/koop/amsterdam/appartement-weesperzijde-60-2/44473210/,775000,1091 EG Amsterdam,74,210,3,2,1,1882
https://www.funda.nl/en/detail/koop/amsterdam/appartement-buitenzagerij-41/80854891/,359000,1021 NP Amsterdam,43,90,2,1,1,1984
https://www.funda.nl/en/detail/koop/amsterdam/appartement-deurloostraat-117-2/89774975/,645000,1078 HX Amsterdam,84,350,4,3,1,1928
https://www.funda.nl/en/detail/koop/amsterdam/appartement-gerrit-van-der-veenstraat-51-h/43396453/,1600000,1077 DP Amsterdam,159,210,7,3,1,1929
https://www.funda.nl/en/detail/koop/amsterdam/appartement-jan-pieter-heijestraat-88-3/44412411/,775000,1053 GS Amsterdam,94,160,3,2,1,1905
https://www.funda.nl/en/detail/koop/amsterdam/appartement-brouwersgracht-623/80877044/,500000,1015 GJ Amsterdam,50,210,2,1,1,1680
https://www.funda.nl/en/detail/koop/amsterdam/appartement-appartement-bouwnummer-259-bouwnr-259/43241309/,737026,1019 AK Amsterdam,86,70,3,2,1,2028
https://www.funda.nl/en/detail/koop/amsterdam/appartement-gibraltarstraat-93-3/44484799/,735000,1055 NL Amsterdam,96,120,5,4,1,1937
https://www.funda.nl/en/detail/koop/amsterdam/appartement-retiefstraat-12-d/43327662/,585000,1092 XC Amsterdam,69,90,4,3,1,1922
https://www.funda.nl/en/detail/koop/amsterdam/appartement-boniplein-36-b/44427801/,475000,1094 SG Amsterdam,58,90,3,2,1,1986
https://www.funda.nl/en/detail/koop/amsterdam/appartement-osdorpplein-146/44403622/,450000,1068 EN Amsterdam,98,90,3,2,1,1998
https://www.funda.nl/en/detail/koop/amsterdam/appartement-derde-kostverlorenkade-39-h/44453935/,750000,1054 TS Amsterdam,76,90,3,2,1,1918
https://www.funda.nl/en/detail/koop/amsterdam/appartement-leeuwenwerf-113/43337363/,770000,1018 KB Amsterdam,104,90,3,2,1,1975
https://www.funda.nl/en/detail/koop/amsterdam/appartement-bijlmerdreef-844/43355391/,525000,1103 DV Amsterdam,137,90,6,3,1,1999
https://www.funda.nl/en/detail/koop/amsterdam/appartement-oeverpad-498/43353383/,485000,1068 PM Amsterdam,102,70,3,2,1,2004
https://www.funda.nl/en/detail/koop/amsterdam/appartement-sumatrastraat-178/43349236/,695000,1094 NP Amsterdam,85,90,3,2,1,2017
https://www.funda.nl/en/detail/koop/amsterdam/appartement-louis-davidsstraat-17/44416811/,430000,1068 SH Amsterdam,81,90,3,2,1,1985
https://www.funda.nl/en/detail/koop/amsterdam/appartement-cortado-urban-80-95-bouwnr-485/43206202/,581000,1064 AB Amsterdam,83,50,4,3,1,2028
https://www.funda.nl/en/detail/koop/amsterdam/appartement-bijlmerdreef-1247/44426716/,495000,1103 TV Amsterdam,130,90,4,3,1,2003
https://www.funda.nl/en/detail/koop/amsterdam/appartement-javastraat-184-2/44416494/,400000,1095 CN Amsterdam,48,210,3,2,1,1924
https://www.funda.nl/en/detail/koop/amsterdam/appartement-pontsteiger-158/44416817/,2550000,1014 ZP Amsterdam,155,90,3,2,1,2018
https://www.funda.nl/en/detail/koop/amsterdam/appartement-vrijzicht-148/80844839/,375000,1068 CJ Amsterdam,54,160,2,1,1,1966
https://www.funda.nl/en/detail/koop/amsterdam/appartement-egelantiersstraat-122-d/44482669/,500000,1015 PR Amsterdam,62,120,2,1,1,1906
https://www.funda.nl/en/detail/koop/amsterdam/appartement-cornelis-anthoniszstraat-8-h/44416333/,1150000,1071 VT Amsterdam,108,160,3,2,1,1899
https://www.funda.nl/en/detail/koop/amsterdam/appartement-eva-besnyostraat-380/44499876/,450000,1087 LM Amsterdam,84,90,3,2,1,2011
https://www.funda.nl/en/detail/koop/amsterdam/appartement-willem-de-zwijgerlaan-334-d14/44400198/,350000,1055 RD Amsterdam,56,275,3,2,1,1959
https://www.funda.nl/en/detail/koop/amsterdam/appartement-gustav-mahlerlaan-327/89751584/,800000,1082 MK Amsterdam,81,90,2,1,1,2019
https://www.funda.nl/en/detail/koop/amsterdam/appartement-driekamerappartement-bouwnr-37/43395419/,419100,1087 VL Amsterdam,66,30,3,2,1,2027
https://www.funda.nl/en/detail/koop/amsterdam/appartement-utrechtsedwarsstraat-74/43203405/,550000,1017 WH Amsterdam,56,90,3,2,1,1813
https://www.funda.nl/en/detail/koop/amsterdam/appartement-type-a-3-kamerappartement-bouwnr-c402/44452582/,462900,1069 EJ Amsterdam,64,50,3,2,1,2027
https://www.funda.nl/en/detail/koop/amsterdam/appartement-type-a-3-kamerappartement-bouwnr-c401/44452586/,467900,1069 EJ Amsterdam,64,50,3,2,1,2027
https://www.funda.nl/en/detail/koop/amsterdam/appartement-mary-zeldenruststraat-9/43340660/,500000,1091 DL Amsterdam,58,90,3,2,1,1985
https://www.funda.nl/en/detail/koop/amsterdam/appartement-groenhoven-163/44492561/,350000,1103 LC Amsterdam,109,450,4,3,1,1975
https://www.funda.nl/en/detail/koop/amsterdam/appartement-cornelis-springerstraat-30-2/44483211/,1050000,1073 LK Amsterdam,140,160,9,6,2,1923
https://www.funda.nl/en/detail/koop/amsterdam/appartement-gerard-doustraat-58-4/44414936/,475000,1072 VV Amsterdam,49,90,3,2,1,1886
https://www.funda.nl/en/detail/koop/amsterdam/appartement-marcantilaan-428/44429765/,550000,1051 MK Amsterdam,70,90,3,2,1,2006
https://www.funda.nl/en/detail/koop/amsterdam/appartement-antony-moddermanstraat-204-2/44480965/,325000,1063 LX Amsterdam,61,160,3,2,1,1955
https://www.funda.nl/en/detail/koop/amsterdam/appartement-zeeburgerdijk-750/80847141/,654000,1095 LG Amsterdam,90,90,3,2,1,2002
https://www.funda.nl/en/detail/koop/amsterdam/appartement-jacques-veltmanstraat-15/44410801/,730000,1065 EG Amsterdam,136,70,3,2,1,2003
https://www.funda.nl/en/detail/koop/amsterdam/appartement-bijlmerdreef-899/89788782/,479000,1103 TC Amsterdam,95,160,5,4,1,1997
https://www.funda.nl/en/detail/koop/amsterdam/appartement-jan-van-zutphenstraat-587/43243144/,550000,1069 RS Amsterdam,116,120,4,3,1,2007
https://www.funda.nl/en/detail/koop/amsterdam/appartement-lanseloetstraat-39-h/44417016/,495000,1055 BC Amsterdam,55,210,3,2,1,1940
https://www.funda.nl/en/detail/koop/amsterdam/appartement-jekerstraat-73-3/44428862/,750000,1078 MB Amsterdam,97,450,5,2,1,1928
https://www.funda.nl/en/detail/koop/amsterdam/appartement-prinseneiland-67-b/80837001/,650000,1013 LM Amsterdam,79,275,3,2,1,1650
https://www.funda.nl/en/detail/koop/amsterdam/appartement-ruyschstraat-87-k/43314627/,930000,1091 BX Amsterdam,89,70,4,3,1,2006
https://www.funda.nl/en/detail/koop/amsterdam/appartement-van-mourik-broekmanstraat-6-1/80863398/,450000,1065 EW Amsterdam,75,160,3,2,1,1960
https://www.funda.nl/en/detail/koop/amsterdam/appartement-blasiusstraat-17-3/80860238/,440000,1091 CK Amsterdam,44,210,2,1,1,1954
https://www.funda.nl/en/detail/koop/amsterdam/appartement-parkvilla-8-3-en-4-kamer-appartement-nori-bouwnr-19/44405586/,595000,1022 LA Amsterdam,95,50,3,2,1,2020
https://www.funda.nl/en/detail/koop/amsterdam/appartement-mezquitalaan-116/43315370/,600000,1064 NS Amsterdam,115,90,4,2,1,1999
https://www.funda.nl/en/detail/koop/amsterdam/appartement-korte-leidsedwarsstraat-29-a/44484753/,485000,1017 PV Amsterdam,52,90,2,1,1,1999
https://www.funda.nl/en/detail/koop/amsterdam/appartement-cortado-waterfront-95-100-bouwnr-488/43294115/,701000,1064 AB Amsterdam,96,50,4,3,1,2028
https://www.funda.nl/en/detail/koop/amsterdam/appartement-van-heenvlietlaan-232-b/43346768/,225000,1083 CN Amsterdam,21,160,1,1,1,1977
https://www.funda.nl/en/detail/koop/amsterdam/appartement-javastraat-775/43365672/,1250000,1095 DS Amsterdam,138,160,3,2,1,1995
https://www.funda.nl/en/detail/koop/amsterdam/appartement-jan-de-louterstraat-84/44410509/,650000,1063 KX Amsterdam,141,90,4,3,1,2005
https://www.funda.nl/en/detail/koop/amsterdam/appartement-goudsbloemstraat-126/44469114/,3850000,1015 JT Amsterdam,238,90,7,4,1,1930
https://www.funda.nl/en/detail/koop/amsterdam/appartement-appartement-bouwnummer-53-bouwnr-53/43143898/,666656,1019 AK Amsterdam,83,70,3,2,1,2028
https://www.funda.nl/en/detail/koop/amsterdam/appartement-esplanade-de-meer-18/44428422/,700000,1098 WL Amsterdam,114,70,4,3,1,2001
https://www.funda.nl/en/detail/koop/amsterdam/appartement-witte-de-withstraat-129-3/44482731/,950000,1057 XR Amsterdam,116,210,4,3,2,1913
https://www.funda.nl/en/detail/koop/amsterdam/appartement-bronckhorststraat-30-h/43129852/,1075000,1071 WS Amsterdam,96,90,3,2,1,1923
https://www.funda.nl/en/detail/koop/amsterdam/appartement-achillesstraat-114-1/44492661/,695000,1076 RJ Amsterdam,77,160,3,2,1,1930
https://www.funda.nl/en/detail/koop/amsterdam/appartement-amsteldijk-141-2/44461089/,475000,1079 LE Amsterdam,47,120,3,2,1,1924
https://www.funda.nl/en/detail/koop/amsterdam/appartement-hudsonstraat-109-3/44411732/,400000,1057 SC Amsterdam,49,210,3,2,1,1924
https://www.funda.nl/en/detail/koop/amsterdam/appartement-kamerlingh-onneslaan-26/89778875/,1195000,1097 DG Amsterdam,132,120,6,5,1,1964
https://www.funda.nl/en/detail/koop/amsterdam/appartement-olof-palmeplein-55/43374407/,400000,1025 WT Amsterdam,76,120,3,2,1,1985
https://www.funda.nl/en/detail/koop/amsterdam/appartement-bezaanjachtplein-95-a/44481053/,325000,1034 CR Amsterdam,46,90,2,1,1,2012
https://www.funda.nl/en/detail/koop/amsterdam/appartement-waterlandplein-20-a/43233896/,575000,1024 LW Amsterdam,112,90,5,3,1,2012
https://www.funda.nl/en/detail/koop/amsterdam/appartement-emmalaan-4-d/43923587/,6980000,1075 AV Amsterdam,388,30,7,5,1,2020
https://www.funda.nl/en/detail/koop/amsterdam/appartement-weteringschans-100-c/44450519/,865000,1017 XS Amsterdam,81,90,3,2,1,1879
https://www.funda.nl/en/detail/koop/amsterdam/appartement-rhijnvis-feithstraat-28-a/44479270/,950000,1054 TZ Amsterdam,109,160,4,3,1,1912
https://www.funda.nl/en/detail/koop/amsterdam/appartement-stadionkade-118-4/80826879/,425000,1076 BP Amsterdam,58,350,4,2,1,1934
https://www.funda.nl/en/detail/koop/amsterdam/appartement-3-kamerappartement-bouwnr-d0205/44478975/,498000,1068 MT Amsterdam,71,30,3,2,1,2020
https://www.funda.nl/en/detail/koop/amsterdam/appartement-kinkerstraat-147-a/43336589/,675000,1053 DM Amsterdam,81,90,3,2,1,1989
https://www.funda.nl/en/detail/koop/amsterdam/appartement-groen-van-prinstererstraat-9-2/44417961/,365000,1051 ED Amsterdam,40,160,3,1,1,1904
https://www.funda.nl/en/detail/koop/amsterdam/appartement-3-kamersappartement-bouwnr-d0206/43344871/,498840,1068 MT Amsterdam,71,30,3,2,1,2026
https://www.funda.nl/en/detail/koop/amsterdam/appartement-type-c-3-kamerappartement-bouwnr-a002/44452509/,449900,1069 EJ Amsterdam,64,50,3,2,1,2027
https://www.funda.nl/en/detail/koop/amsterdam/appartement-nieuwezijds-voorburgwal-290-2/44459639/,575000,1012 RT Amsterdam,90,120,3,2,1,1735
https://www.funda.nl/en/detail/koop/amsterdam/appartement-minervalaan-12-2/44470628/,1895000,1077 NX Amsterdam,197,210,9,6,1,1927
https://www.funda.nl/en/detail/koop/amsterdam/appartement-terrasappartement-bouwnr-22/43051981/,685000,1061 AV Amsterdam,83,30,3,2,1,2027
https://www.funda.nl/en/detail/koop/amsterdam/appartement-isaac-titsinghkade-102/43268618/,1025000,1018 CA Amsterdam,112,30,4,3,1,2020
https://www.funda.nl/en/detail/koop/amsterdam/appartement-type-g-3-kamerappartement-bouwnr-a205/44452677/,419900,1069 EJ Amsterdam,61,50,3,2,1,2027
https://www.funda.nl/en/detail/koop/amsterdam/appartement-terrasappartement-bouwnr-38/43053890/,725000,1061 AV Amsterdam,91,30,3,2,1,2027
https://www.funda.nl/en/detail/koop/amsterdam/appartement-hellingstraat-52/43336499/,599000,1033 WW Amsterdam,59,70,2,1,1,2020
https://www.funda.nl/en/detail/koop/amsterdam/appartement-eksterstraat-49/44469744/,525000,1021 EB Amsterdam,81,450,4,3,1,1920
https://www.funda.nl/en/detail/koop/amsterdam/appartement-amazonenstraat-39-2/43394238/,875000,1076 LG Amsterdam,97,275,4,3,2,2024
https://www.funda.nl/en/detail/koop/amsterdam/appartement-rengerskerkestraat-8/43331827/,475000,1069 HV Amsterdam,112,90,3,2,1,2007
https://www.funda.nl/en/detail/koop/amsterdam/appartement-rietwijkerstraat-12-4/80813321/,735000,1059 VZ Amsterdam,86,120,3,2,1,1929
https://www.funda.nl/en/detail/koop/amsterdam/appartement-jacob-burggraafstraat-220/44495146/,1450000,1018 WA Amsterdam,161,120,3,2,1,2004
https://www.funda.nl/en/detail/koop/amsterdam/appartement-rooseveltlaan-146-3/44463054/,895000,1078 NS Amsterdam,100,160,6,4,1,1937
https://www.funda.nl/en/detail/koop/amsterdam/appartement-geuzenkade-97-c/44480157/,675000,1056 LB Amsterdam,84,90,3,2,1,2004
https://www.funda.nl/en/detail/koop/amsterdam/appartement-hiraistraat-5-b27/43249585/,640000,1101 DA Amsterdam,89,50,3,2,1,2020
https://www.funda.nl/en/detail/koop/amsterdam/appartement-ten-katestraat-20-a3/43246823/,395000,1053 CE Amsterdam,45,120,2,1,1,1900
https://www.funda.nl/en/detail/koop/amsterdam/appartement-parkvilla-8-3-en-4-kamer-appartement-auri-bouwnr-12/44405569/,546000,1022 LA Amsterdam,86,30,3,2,1,2020
https://www.funda.nl/en/detail/koop/amsterdam/appartement-dirk-hartoghstraat-5/89778119/,425000,1013 PB Amsterdam,51,120,2,1,1,1879
https://www.funda.nl/en/detail/koop/amsterdam/appartement-honthorststraat-32-2/44466132/,2500000,1071 DG Amsterdam,232,160,7,4,1,1905
https://www.funda.nl/en/detail/koop/amsterdam/appartement-borssenburgplein-69/44491918/,795000,1078 WB Amsterdam,87,90,4,2,1,1987
https://www.funda.nl/en/detail/koop/amsterdam/appartement-bilderdijkkade-103-3/89778649/,479000,1053 VM Amsterdam,65,90,2,2,1,1888
https://www.funda.nl/en/detail/koop/amsterdam/appartement-kometensingel-84-1/43217929/,750000,1033 BW Amsterdam,116,90,6,4,1,1925
https://www.funda.nl/en/detail/koop/amsterdam/appartement-cortado-urban-80-95-bouwnr-489/43206209/,585000,1064 AB Amsterdam,83,50,4,3,1,2028
https://www.funda.nl/en/detail/koop/amsterdam/appartement-driekamerappartement-bouwnr-54/43360588/,732600,1087 LA Amsterdam,111,30,3,2,1,2027
https://www.funda.nl/en/detail/koop/amsterdam/appartement-terrasappartementen-fase-2-bouwnr-0310-l1/43338572/,510000,1096 BN Amsterdam,54,50,2,1,1,2026
https://www.funda.nl/en/detail/koop/amsterdam/appartement-krammerstraat-21-h/44459958/,950000,1078 KG Amsterdam,99,90,3,2,1,1928
https://www.funda.nl/en/detail/koop/amsterdam/appartement-ravenwerf-51/44401050/,625000,1018 HW Amsterdam,82,90,3,2,1,1976
https://www.funda.nl/en/detail/koop/amsterdam/appartement-eerste-jan-van-der-heijdenstraat-159-3/43373362/,475000,1072 TS Amsterdam,51,90,2,1,1,1890
https://www.funda.nl/en/detail/koop/amsterdam/appartement-waterkeringweg-23/43365185/,650000,1051 NX Amsterdam,113,70,4,3,1,1997
https://www.funda.nl/en/detail/koop/amsterdam/appartement-fokke-simonszstraat-18-h/44416145/,675000,1017 TG Amsterdam,51,90,2,1,1,1900
https://www.funda.nl/en/detail/koop/amsterdam/appartement-dijkmeerlaan-32/43332894/,665000,1096 DE Amsterdam,67,50,3,2,1,2022
https://www.funda.nl/en/detail/koop/amsterdam/appartement-groenhoven-340/44408330/,285000,1103 LJ Amsterdam,53,90,3,2,1,1975
https://www.funda.nl/en/detail/koop/amsterdam/appartement-kruysweerstraat-279/44474703/,525000,1096 GN Amsterdam,59,10,2,1,1,2023
https://www.funda.nl/en/detail/koop/amsterdam/appartement-3-kamersappartement-bouwnr-e0303/43344813/,520840,1068 MT Amsterdam,71,30,3,2,1,2026
https://www.funda.nl/en/detail/koop/amsterdam/appartement-johannes-meewisstraat-55-2/44481525/,335000,1063 CG Amsterdam,59,160,3,2,1,1955
https://www.funda.nl/en/detail/koop/amsterdam/appartement-tweede-jan-steenstraat-60-1/43333313/,650000,1074 CP Amsterdam,64,120,3,2,1,1889
https://www.funda.nl/en/detail/koop/amsterdam/appartement-kempenlaan-151/89777405/,489000,1066 RB Amsterdam,85,90,3,2,1,1993
https://www.funda.nl/en/detail/koop/amsterdam/appartement-silodam-447/80864958/,700000,1013 AW Amsterdam,86,120,3,2,1,2002
https://www.funda.nl/en/detail/koop/amsterdam/appartement-cas-oorthuyskade-230/44417001/,475000,1087 DP Amsterdam,86,70,4,3,1,2008
https://www.funda.nl/en/detail/koop/amsterdam/appartement-zeeburgerpad-45-n/43322878/,750000,1019 AA Amsterdam,94,30,3,2,1,2026
https://www.funda.nl/en/detail/koop/amsterdam/appartement-prins-hendrikkade-124-e/44459688/,400000,1011 AN Amsterdam,40,90,2,1,1,1785
https://www.funda.nl/en/detail/koop/amsterdam/appartement-kerdijkhof-15/44476682/,400000,1067 MN Amsterdam,95,90,4,3,1,2008
https://www.funda.nl/en/detail/koop/amsterdam/appartement-watteaustraat-20-2/43325963/,1000000,1077 ZM Amsterdam,117,120,4,3,1,1931
https://www.funda.nl/en/detail/koop/amsterdam/appartement-pieter-aertszstraat-29-3/43316820/,850000,1073 SH Amsterdam,112,275,4,2,1,1909
https://www.funda.nl/en/detail/koop/amsterdam/appartement-pieter-de-hoochstraat-11-d1/44462257/,3950000,1071 ED Amsterdam,238,90,4,3,1,2022
https://www.funda.nl/en/detail/koop/amsterdam/appartement-joan-melchior-kemperstraat-107-h/44417374/,425000,1051 TM Amsterdam,46,160,2,1,1,1905
https://www.funda.nl/en/detail/koop/amsterdam/appartement-madurastraat-70-1/44416415/,450000,1094 GR Amsterdam,50,120,2,1,1,1912
https://www.funda.nl/en/detail/koop/amsterdam/appartement-gibraltarstraat-83-2/44425536/,395000,1055 NL Amsterdam,49,120,2,1,1,1937
https://www.funda.nl/en/detail/koop/amsterdam/appartement-ennemaborg-69/44400376/,539000,1082 SM Amsterdam,72,160,3,3,1,1965
https://www.funda.nl/en/detail/koop/amsterdam/appartement-tweede-oosterparkstraat-35-a/44462001/,540000,1091 HV Amsterdam,58,90,3,2,1,1895
https://www.funda.nl/en/detail/koop/amsterdam/appartement-rustenburgerstraat-389-4/80863817/,650000,1072 GV Amsterdam,69,90,5,3,1,1904
https://www.funda.nl/en/detail/koop/amsterdam/appartement-bos-en-lommerweg-18-2/89752089/,435000,1055 EB Amsterdam,49,210,3,2,1,1934
https://www.funda.nl/en/detail/koop/amsterdam/appartement-gloriantstraat-18-h/44463747/,475000,1055 CV Amsterdam,62,160,4,2,2,1940
https://www.funda.nl/en/detail/koop/amsterdam/appartement-conradstraat-126-a/80852530/,565000,1018 NM Amsterdam,93,70,5,4,1,2005
https://www.funda.nl/en/detail/koop/amsterdam/appartement-czaar-peterstraat-122-3/44488032/,499000,1018 PV Amsterdam,65,90,5,4,1,1891
https://www.funda.nl/en/detail/koop/amsterdam/appartement-van-der-hoopstraat-79-h/44455979/,585000,1051 VC Amsterdam,61,160,3,2,1,1905
https://www.funda.nl/en/detail/koop/amsterdam/appartement-geuzenstraat-61-h/43229043/,375000,1056 KB Amsterdam,41,275,2,1,1,1934
https://www.funda.nl/en/detail/koop/amsterdam/appartement-overtoom-310-1/43231020/,625000,1054 JD Amsterdam,76,160,3,2,1,1905
https://www.funda.nl/en/detail/koop/amsterdam/appartement-haarlemmerstraat-125-e/43320843/,300000,1013 EN Amsterdam,24,90,1,1,1,1822
https://www.funda.nl/en/detail/koop/amsterdam/appartement-ernest-staesstraat-41/80855126/,675000,1061 CC Amsterdam,96,90,5,4,1,1952
https://www.funda.nl/en/detail/koop/amsterdam/appartement-de-kempenaerstraat-72-2/44453077/,395000,1051 CR Amsterdam,50,90,4,2,1,1927
https://www.funda.nl/en/detail/koop/amsterdam/appartement-meerluchtlaan-60/89787871/,438000,1096 DA Amsterdam,37,70,2,1,1,2024
https://www.funda.nl/en/detail/koop/amsterdam/appartement-type-c2-bouwnr-17/43229770/,1290000,1081 LA Amsterdam,96,30,3,2,1,2020
https://www.funda.nl/en/detail/koop/amsterdam/appartement-achtersteven-41/44481744/,350000,1034 VC Amsterdam,61,160,2,1,1,1977
https://www.funda.nl/en/detail/koop/amsterdam/appartement-fazantenweg-3-b/44451776/,445000,1021 HJ Amsterdam,62,160,2,1,1,1990
https://www.funda.nl/en/detail/koop/amsterdam/appartement-rustenburgerstraat-73-3/43323870/,385000,1074 ES Amsterdam,31,160,2,1,1,1910
https://www.funda.nl/en/detail/koop/amsterdam/appartement-fleerde-203/43369390/,365000,1102 AV Amsterdam,97,210,5,4,1,2004
https://www.funda.nl/en/detail/koop/amsterdam/appartement-willem-baerdesenstraat-12/89798857/,400000,1067 XX Amsterdam,82,120,3,2,1,2004
https://www.funda.nl/en/detail/koop/amsterdam/appartement-hogehilweg-12-b56/43381398/,762000,1101 CD Amsterdam,114,50,3,2,1,2026
https://www.funda.nl/en/detail/koop/amsterdam/appartement-van-boshuizenstraat-47/44496815/,495000,1083 AR Amsterdam,71,210,3,2,1,1962
https://www.funda.nl/en/detail/koop/amsterdam/appartement-lekstraat-71-2/80857721/,575000,1079 EM Amsterdam,64,160,4,3,1,1934
https://www.funda.nl/en/detail/koop/amsterdam/appartement-hembrugstraat-27-1/80841420/,390000,1013 WV Amsterdam,46,210,3,2,1,1935
https://www.funda.nl/en/detail/koop/amsterdam/appartement-rustenburgerstraat-37-d/43337125/,565000,1074 ER Amsterdam,44,90,2,1,1,1912
https://www.funda.nl/en/detail/koop/amsterdam/appartement-driekamerappartement-bouwnr-9/43732532/,647500,1087 VA Amsterdam,104,50,3,2,1,2026
https://www.funda.nl/en/detail/koop/amsterdam/appartement-maisonnette-bouwnr-d0006/44478911/,655000,1068 MT Amsterdam,98,30,5,3,1,2020
https://www.funda.nl/en/detail/koop/amsterdam/appartement-appartement-bouwnr-502/43040071/,380000,1025 WL Amsterdam,61,50,3,2,1,2020
https://www.funda.nl/en/detail/koop/amsterdam/appartement-prinsengracht-657-c/89763137/,365000,1016 HV Amsterdam,38,90,2,1,1,1905
https://www.funda.nl/en/detail/koop/amsterdam/appartement-akerwateringstraat-75/43392093/,399000,1069 GB Amsterdam,100,160,4,3,1,1969
https://www.funda.nl/en/detail/koop/amsterdam/appartement-cortado-urban-80-95-bouwnr-506/43206212/,614000,1064 AB Amsterdam,83,50,4,3,1,2028
https://www.funda.nl/en/detail/koop/amsterdam/appartement-orange-polly-bouwnr-88/43027251/,381000,1032 KN Amsterdam,43,30,2,1,1,2025
https://www.funda.nl/en/detail/koop/amsterdam/appartement-2-kamer-appartement-bouwnr-368/43276230/,360370,1102 AK Amsterdam,48,50,2,1,1,2020
https://www.funda.nl/en/detail/koop/amsterdam/appartement-bestevaerstraat-259-3/44415434/,500000,1055 TP Amsterdam,52,120,3,2,1,1934
https://www.funda.nl/en/detail/koop/amsterdam/appartement-van-tuyll-van-serooskerkenweg-78-3/44412658/,1450000,1076 JN Amsterdam,153,160,6,4,1,1930
https://www.funda.nl/en/detail/koop/amsterdam/appartement-maisonnette-bouwnr-e0003/43344824/,665840,1068 MT Amsterdam,95,30,4,3,1,2026
https://www.funda.nl/en/detail/koop/amsterdam/appartement-type-a-3-kamerappartement-bouwnr-c004/44452584/,457900,1069 EJ Amsterdam,64,50,3,2,1,2027
https://www.funda.nl/en/detail/koop/amsterdam/appartement-zeeburgerpad-45-a/44406870/,1100000,1019 AA Amsterdam,79,30,4,2,1,2026
https://www.funda.nl/en/detail/koop/amsterdam/appartement-liftado-urban-80-95-bouwnr-535/43206230/,573000,1064 AB Amsterdam,80,50,3,2,1,2028
https://www.funda.nl/en/detail/koop/amsterdam/appartement-admiraal-de-ruijterweg-315-3/89707039/,500000,1055 LX Amsterdam,69,160,3,2,1,1922
https://www.funda.nl/en/detail/koop/amsterdam/appartement-esther-de-boer-van-rijkstraat-182/80879431/,400000,1065 GT Amsterdam,55,210,3,2,1,1957
https://www.funda.nl/en/detail/koop/amsterdam/appartement-prinsengracht-534-2/89767515/,975000,1017 KJ Amsterdam,138,120,3,2,1,1670
https://www.funda.nl/en/detail/koop/amsterdam/appartement-3-kamerappartement-bouwnr-e0304/44478990/,520000,1068 MT Amsterdam,71,30,3,2,1,2020
https://www.funda.nl/en/detail/koop/amsterdam/appartement-liendenhof-135/44486953/,362576,1108 HH Amsterdam,86,120,4,2,1,1979
https://www.funda.nl/en/detail/koop/amsterdam/appartement-alexanderkade-16-c/43343445/,615000,1018 CL Amsterdam,66,160,3,2,1,1886
https://www.funda.nl/en/detail/koop/amsterdam/appartement-president-allendelaan-299/44492598/,495000,1068 VM Amsterdam,97,90,3,2,1,2006
https://www.funda.nl/en/detail/koop/amsterdam/appartement-type-a-bouwnr-107/43716736/,400000,1062 HE Amsterdam,50,10,2,1,1,2026
https://www.funda.nl/en/detail/koop/amsterdam/appartement-radarweg-274/43371522/,850000,1043 NV Amsterdam,117,50,4,3,1,2023
https://www.funda.nl/en/detail/koop/amsterdam/appartement-osdorpplein-153/43217393/,435000,1068 SR Amsterdam,82,90,3,2,1,1998
https://www.funda.nl/en/detail/koop/amsterdam/appartement-amsteldijk-157-h/44461290/,1595000,1079 LH Amsterdam,164,120,7,4,1,1925
https://www.funda.nl/en/detail/koop/amsterdam/appartement-anna-blamansingel-239/89777069/,475000,1102 SX Amsterdam,100,70,3,2,1,2006
https://www.funda.nl/en/detail/koop/amsterdam/appartement-ceramplein-93/80839861/,595000,1095 DE Amsterdam,80,90,3,2,1,1995
https://www.funda.nl/en/detail/koop/amsterdam/appartement-woestduinstraat-152-1/44403143/,425000,1059 TA Amsterdam,46,210,3,2,1,1933
https://www.funda.nl/en/detail/koop/amsterdam/appartement-van-ostadestraat-376-3/89768896/,875000,1074 XA Amsterdam,98,160,5,4,1,1900
https://www.funda.nl/en/detail/koop/amsterdam/appartement-oeverpad-506/44460170/,500000,1068 PM Amsterdam,118,90,3,2,1,2004
https://www.funda.nl/en/detail/koop/amsterdam/appartement-koggestraat-5-d/43323711/,525000,1012 TA Amsterdam,81,120,2,1,1,1906
https://www.funda.nl/en/detail/koop/amsterdam/appartement-h-cleyndertweg-565/89765648/,485000,1025 DX Amsterdam,128,350,6,5,1,1974
https://www.funda.nl/en/detail/koop/amsterdam/appartement-middenweg-548/43345924/,400000,1097 VE Amsterdam,48,210,2,1,1,1925
https://www.funda.nl/en/detail/koop/amsterdam/appartement-terrasappartement-bouwnr-57/43008897/,705000,1061 AV Amsterdam,83,30,3,2,1,2027
https://www.funda.nl/en/detail/koop/amsterdam/appartement-hofmeyrstraat-30-1/44485282/,470000,1091 NA Amsterdam,47,160,3,2,1,1927
https://www.funda.nl/en/detail/koop/amsterdam/appartement-gerrit-van-der-veenstraat-66/43339919/,1250000,1077 EH Amsterdam,137,160,5,3,1,1928
https://www.funda.nl/en/detail/koop/amsterdam/appartement-wittgensteinlaan-98/43322570/,550000,1062 KC Amsterdam,89,120,3,2,1,1992
https://www.funda.nl/en/detail/koop/amsterdam/appartement-terrasappartement-bouwnr-53/43008898/,702500,1061 AV Amsterdam,83,30,3,2,1,2027
https://www.funda.nl/en/detail/koop/amsterdam/appartement-wilhelminastraat-102-3/44406674/,900000,1054 WN Amsterdam,100,210,4,3,1,1904
https://www.funda.nl/en/detail/koop/amsterdam/appartement-balboastraat-11/44427696/,575000,1057 VS Amsterdam,76,120,4,3,1,1918
https://www.funda.nl/en/detail/koop/amsterdam/appartement-orteliusstraat-209-3/43390450/,625000,1056 NP Amsterdam,88,275,3,2,1,1927
https://www.funda.nl/en/detail/koop/amsterdam/appartement-appartement-bouwnummer-16-bouwnr-16/43143871/,630284,1019 AK Amsterdam,77,70,3,2,1,2028
https://www.funda.nl/en/detail/koop/amsterdam/appartement-van-ostadestraat-380-4/44460523/,475000,1074 XA Amsterdam,52,210,3,1,1,1906
https://www.funda.nl/en/detail/koop/amsterdam/appartement-tesselschadestraat-31-c/80878996/,1195000,1054 ET Amsterdam,111,90,3,2,1,1884
https://www.funda.nl/en/detail/koop/amsterdam/appartement-steve-bikoplein-5-3/44483906/,650000,1092 GM Amsterdam,72,210,3,2,1,1910
https://www.funda.nl/en/detail/koop/amsterdam/appartement-kleiburg-416/43336231/,350000,1104 EA Amsterdam,79,90,4,2,1,2014
https://www.funda.nl/en/detail/koop/amsterdam/appartement-overtoom-467-e/43398602/,325000,1054 LE Amsterdam,21,70,2,1,1,1933
https://www.funda.nl/en/detail/koop/amsterdam/appartement-appartement-bouwnr-479/43040064/,800000,1025 WL Amsterdam,133,50,4,3,1,2020
https://www.funda.nl/en/detail/koop/amsterdam/appartement-jan-van-zutphenstraat-649/44450049/,495000,1069 RS Amsterdam,122,90,3,2,1,2007
https://www.funda.nl/en/detail/koop/amsterdam/appartement-kuinderstraat-34-1/44452163/,550000,1079 DM Amsterdam,57,120,3,2,1,1934
https://www.funda.nl/en/detail/koop/amsterdam/appartement-s-f-van-ossstraat-172/44403922/,350000,1068 JN Amsterdam,78,160,4,3,1,1965
https://www.funda.nl/en/detail/koop/amsterdam/appartement-gerrit-van-der-veenstraat-124-h/43333373/,1295000,1077 ER Amsterdam,120,160,5,4,1,1928
https://www.funda.nl/en/detail/koop/amsterdam/appartement-admiraal-de-ruijterweg-467-1/43342574/,475000,1055 MG Amsterdam,63,160,3,2,1,1918
https://www.funda.nl/en/detail/koop/amsterdam/appartement-edisonstraat-23-h/44466521/,650000,1098 TB Amsterdam,81,210,3,2,1,1954
https://www.funda.nl/en/detail/koop/amsterdam/appartement-streefkerkstraat-36/44474793/,330000,1107 LP Amsterdam,74,160,3,2,1,1983
https://www.funda.nl/en/detail/koop/amsterdam/appartement-olympiaplein-53-h/43332124/,2150000,1077 CN Amsterdam,190,120,6,5,1,1928
https://www.funda.nl/en/detail/koop/amsterdam/appartement-chet-bakerstraat-9/80834584/,700000,1066 GK Amsterdam,129,70,3,2,1,1999
https://www.funda.nl/en/detail/koop/amsterdam/appartement-kanaalstraat-134-a/43297769/,695000,1054 XN Amsterdam,72,120,3,2,1,2005
https://www.funda.nl/en/detail/koop/amsterdam/appartement-koninginneweg-127-h/43303652/,1695000,1075 CL Amsterdam,188,160,5,3,1,1902
https://www.funda.nl/en/detail/koop/amsterdam/appartement-meerluststraat-242/43278695/,410000,1022 LM Amsterdam,69,50,3,2,1,2020
https://www.funda.nl/en/detail/koop/amsterdam/appartement-aalbersestraat-242-b/44417152/,375000,1067 GM Amsterdam,80,90,3,2,1,1951
https://www.funda.nl/en/detail/koop/amsterdam/appartement-dintelstraat-81/43347801/,675000,1079 BA Amsterdam,76,160,3,2,1,1932
https://www.funda.nl/en/detail/koop/amsterdam/appartement-egidiusstraat-63-1/80821159/,535000,1055 GN Amsterdam,70,90,3,2,1,1940
https://www.funda.nl/en/detail/koop/amsterdam/appartement-prinsengracht-721-a/43136734/,2350000,1017 JW Amsterdam,209,210,5,3,1,1750
https://www.funda.nl/en/detail/koop/amsterdam/appartement-apollolaan-35-3/44498717/,1100000,1077 AC Amsterdam,116,120,5,3,1,1929
https://www.funda.nl/en/detail/koop/amsterdam/appartement-achtersteven-55/43306515/,398000,1034 VD Amsterdam,92,90,4,3,1,1977
https://www.funda.nl/en/detail/koop/amsterdam/appartement-bos-en-lommerplantsoen-11-e/44408730/,275000,1055 AA Amsterdam,29,90,1,1,1,1960
https://www.funda.nl/en/detail/koop/amsterdam/appartement-willemsstraat-11/44488018/,495000,1015 HW Amsterdam,46,90,2,1,1,2001
https://www.funda.nl/en/detail/koop/amsterdam/appartement-govert-flinckstraat-121-1/44470566/,500000,1072 EG Amsterdam,53,160,2,1,1,1892
https://www.funda.nl/en/detail/koop/amsterdam/appartement-gordijnensteeg-5/89748384/,395000,1012 BT Amsterdam,50,90,2,1,1,2006
https://www.funda.nl/en/detail/koop/amsterdam/appartement-windroosplein-24/43333483/,890000,1018 ZW Amsterdam,130,160,4,2,1,1985
https://www.funda.nl/en/detail/koop/amsterdam/appartement-type-g-3-kamerappartement-bouwnr-a303/44452689/,429900,1069 EJ Amsterdam,61,50,3,2,1,2027
https://www.funda.nl/en/detail/koop/amsterdam/appartement-waldeck-pyrmontlaan-8-h/43345930/,4150000,1075 BV Amsterdam,208,70,5,3,1,1913
https://www.funda.nl/en/detail/koop/amsterdam/appartement-appartement-bouwnummer-48-bouwnr-48/43143899/,670283,1019 AK Amsterdam,77,70,3,2,1,2028
https://www.funda.nl/en/detail/koop/amsterdam/appartement-graafschapstraat-102/44421461/,1050000,1079 PE Amsterdam,163,90,5,4,1,2008
https://www.funda.nl/en/detail/koop/amsterdam/appartement-type-a-3-kamerappartement-bouwnr-c102/44452577/,449900,1069 EJ Amsterdam,64,50,3,2,1,2027
https://www.funda.nl/en/detail/koop/amsterdam/appartement-ottho-heldringstraat-27-r/44461973/,679500,1066 XT Amsterdam,118,70,5,3,1,2010
https://www.funda.nl/en/detail/koop/amsterdam/appartement-2-kamer-appartement-bouwnr-350/43276369/,360370,1102 AK Amsterdam,49,50,2,1,1,2020
https://www.funda.nl/en/detail/koop/amsterdam/appartement-klaprozenweg-45-d1/44403867/,1000000,1032 KK Amsterdam,126,90,6,3,1,2017
https://www.funda.nl/en/detail/koop/amsterdam/appartement-vondelstraat-11-b4v/89794626/,375000,1054 GC Amsterdam,33,160,2,1,1,1942
https://www.funda.nl/en/detail/koop/amsterdam/appartement-blasiusstraat-56-h/44417585/,475000,1091 CV Amsterdam,54,160,2,1,1,1881
https://www.funda.nl/en/detail/koop/amsterdam/appartement-christiaan-de-wetstraat-7-3/44486569/,445000,1091 NG Amsterdam,48,160,3,2,1,1930
https://www.funda.nl/en/detail/koop/amsterdam/appartement-jan-lievensstraat-23/89789567/,599000,1074 TL Amsterdam,62,210,3,2,1,1925
https://www.funda.nl/en/detail/koop/amsterdam/appartement-tweede-schinkelstraat-23-a/44453608/,640000,1075 TP Amsterdam,70,120,2,1,1,1995
https://www.funda.nl/en/detail/koop/amsterdam/appartement-pretoriusstraat-56-hv/44456520/,595000,1092 GJ Amsterdam,63,160,3,2,1,1914
https://www.funda.nl/en/detail/koop/amsterdam/appartement-weesperzijde-68-2/44453811/,1485000,1091 EH Amsterdam,140,120,6,3,1,1906
https://www.funda.nl/en/detail/koop/amsterdam/appartement-knsm-laan-461/44456646/,749000,1019 LG Amsterdam,100,120,3,2,1,1995
https://www.funda.nl/en/detail/koop/amsterdam/appartement-hiraistraat-5-b52/43248232/,575000,1101 DA Amsterdam,81,50,3,2,1,2020
https://www.funda.nl/en/detail/koop/amsterdam/appartement-weteringschans-161-d/44411112/,550000,1017 SE Amsterdam,58,90,3,2,1,1985
https://www.funda.nl/en/detail/koop/amsterdam/appartement-frederiksstraat-14-h/43300516/,1250000,1054 LC Amsterdam,110,120,5,4,2,1882
https://www.funda.nl/en/detail/koop/amsterdam/appartement-andreasplein-74/43330692/,925000,1058 GD Amsterdam,108,70,4,3,1,2009
https://www.funda.nl/en/detail/koop/amsterdam/appartement-marco-polostraat-67-h/43328514/,650000,1057 WE Amsterdam,80,160,2,1,1,1929
https://www.funda.nl/en/detail/koop/amsterdam/appartement-maasstraat-141-2/44401070/,750000,1079 BE Amsterdam,104,160,5,3,2,1933
https://www.funda.nl/en/detail/koop/amsterdam/appartement-jan-zwanenburghof-22-3/44405520/,375000,1063 JL Amsterdam,70,350,4,3,1,1954
https://www.funda.nl/en/detail/koop/amsterdam/appartement-middenweg-452/44403265/,590000,1097 VC Amsterdam,84,160,5,3,1,1925
https://www.funda.nl/en/detail/koop/amsterdam/appartement-galastraat-173/44425243/,625000,1036 LA Amsterdam,82,30,3,2,1,2024
https://www.funda.nl/en/detail/koop/amsterdam/appartement-develstein-56-h/43318043/,365370,1102 AK Amsterdam,49,50,2,1,1,2020
https://www.funda.nl/en/detail/koop/amsterdam/appartement-de-oosterlingen-bouwnummer-7162/42103310/,1700000,1018 CA Amsterdam,155,30,4,3,1,2020
https://www.funda.nl/en/detail/koop/amsterdam/appartement-maisonnettes-op-het-groene-erf-bouwnr-6/89599784/,865000,1035 PP Amsterdam,143,30,5,5,1,2020
https://www.funda.nl/en/detail/koop/amsterdam/appartement-chassestraat-94-1/44402293/,775000,1057 JK Amsterdam,88,120,4,2,1,1911
https://www.funda.nl/en/detail/koop/amsterdam/appartement-liftado-waterfront-95-100-bouwnr-527/43294170/,719000,1064 AB Amsterdam,95,50,3,2,1,2028
https://www.funda.nl/en/detail/koop/amsterdam/appartement-nicolaas-witsenkade-41-a/44460128/,895000,1017 ZV Amsterdam,80,160,3,2,1,1870
https://www.funda.nl/en/detail/koop/amsterdam/appartement-cortado-urban-villa-bouwnr-480/43294160/,935000,1064 AB Amsterdam,139,50,5,4,1,2028
https://www.funda.nl/en/detail/koop/amsterdam/appartement-langswater-352/80812709/,310000,1069 EC Amsterdam,71,160,4,3,1,1960
https://www.funda.nl/en/detail/koop/amsterdam/appartement-tilanusstraat-75-h/80880411/,625000,1091 BG Amsterdam,76,160,4,2,1,1903
https://www.funda.nl/en/detail/koop/amsterdam/appartement-liftado-waterfront-95-100-bouwnr-534/43294186/,730000,1064 AB Amsterdam,99,50,6,4,1,2028
https://www.funda.nl/en/detail/koop/amsterdam/appartement-fagelstraat-64-1/43188351/,650000,1052 GG Amsterdam,64,120,3,2,1,1896
https://www.funda.nl/en/detail/koop/amsterdam/appartement-boeninlaan-303/80832754/,275000,1102 TK Amsterdam,43,160,2,1,1,1985
https://www.funda.nl/en/detail/koop/amsterdam/appartement-stadhouderskade-82-c/43222696/,675000,1073 AT Amsterdam,69,90,3,2,1,1883
https://www.funda.nl/en/detail/koop/amsterdam/appartement-nobelweg-21-b/44460369/,650000,1097 AR Amsterdam,82,90,4,3,1,1981
https://www.funda.nl/en/detail/koop/amsterdam/appartement-osdorper-ban-1097/44477360/,695000,1069 GA Amsterdam,132,90,3,2,1,2006
https://www.funda.nl/en/detail/koop/amsterdam/appartement-schiemanstraat-10/44474265/,995000,1013 MJ Amsterdam,102,30,4,2,1,2026
https://www.funda.nl/en/detail/koop/amsterdam/appartement-zwanenburgwal-278/89703238/,850000,1011 JH Amsterdam,109,90,2,1,1,1918
https://www.funda.nl/en/detail/koop/amsterdam/appartement-2-kamer-appartement-bouwnr-354/43276240/,340370,1102 AK Amsterdam,49,50,2,1,1,2020
https://www.funda.nl/en/detail/koop/amsterdam/appartement-reizigersweg-99/44466271/,329000,1033 WE Amsterdam,70,120,3,2,1,1989
https://www.funda.nl/en/detail/koop/amsterdam/appartement-linnaeusparkweg-7-a/89707483/,1450000,1098 CM Amsterdam,172,210,4,2,1,1906
https://www.funda.nl/en/detail/koop/amsterdam/appartement-hogehilweg-12-b109/43398696/,709000,1101 CD Amsterdam,103,30,3,2,1,2026
https://www.funda.nl/en/detail/koop/amsterdam/appartement-witte-de-withstraat-135-h/80870181/,550000,1057 XS Amsterdam,62,160,3,2,1,1918
https://www.funda.nl/en/detail/koop/amsterdam/appartement-amerbos-356/44451672/,435000,1025 ZW Amsterdam,85,90,4,3,1,1966
https://www.funda.nl/en/detail/koop/amsterdam/appartement-czaar-peterstraat-170-c/89708582/,315000,1018 PW Amsterdam,31,120,1,1,1,1909
https://www.funda.nl/en/detail/koop/amsterdam/appartement-dikninge-161/44498997/,450000,1083 VB Amsterdam,73,210,3,2,1,1962
https://www.funda.nl/en/detail/koop/amsterdam/appartement-valeriusstraat-59-h/43334039/,2290000,1071 MD Amsterdam,182,70,7,5,1,1902
https://www.funda.nl/en/detail/koop/amsterdam/appartement-javastraat-86-e/44414798/,525000,1094 HL Amsterdam,59,120,2,1,1,1902
https://www.funda.nl/en/detail/koop/amsterdam/appartement-beverenstraat-61/80810599/,515000,1066 WD Amsterdam,94,90,4,3,1,1996
https://www.funda.nl/en/detail/koop/amsterdam/appartement-pracanalaan-44-c/80845709/,189000,1060 RC Amsterdam,21,90,2,1,1,1997
https://www.funda.nl/en/detail/koop/amsterdam/appartement-zeeburgerpad-45-f/44426126/,690000,1019 AA Amsterdam,86,30,3,2,1,2026
https://www.funda.nl/en/detail/koop/amsterdam/appartement-liftado-waterfront-95-100-bouwnr-517/43294173/,709000,1064 AB Amsterdam,95,50,3,2,1,2028
https://www.funda.nl/en/detail/koop/amsterdam/appartement-cornelis-vermuydenstraat-92/44483379/,550000,1018 RN Amsterdam,65,70,3,2,1,2016
https://www.funda.nl/en/detail/koop/amsterdam/appartement-spuistraat-41-b/44404763/,525000,1012 SR Amsterdam,67,160,5,2,1,1735
https://www.funda.nl/en/detail/koop/amsterdam/appartement-sumatrastraat-205-b/43323247/,525000,1094 NB Amsterdam,72,90,3,2,1,2009
https://www.funda.nl/en/detail/koop/amsterdam/appartement-willem-de-zwijgerlaan-60-1/44428683/,515000,1056 JT Amsterdam,56,210,4,3,1,1935
https://www.funda.nl/en/detail/koop/amsterdam/appartement-merlijnstraat-18-1/89696402/,425000,1055 DE Amsterdam,54,120,4,3,1,1940
https://www.funda.nl/en/detail/koop/amsterdam/appartement-stadionweg-122-4a/44419927/,600000,1077 SV Amsterdam,64,160,2,1,1,1939
https://www.funda.nl/en/detail/koop/amsterdam/appartement-churchill-laan-60-2/44400120/,575000,1078 EJ Amsterdam,65,160,3,2,1,1925
https://www.funda.nl/en/detail/koop/amsterdam/appartement-bestevaerstraat-199-h/44427399/,495000,1055 TL Amsterdam,55,275,5,2,1,1925
https://www.funda.nl/en/detail/koop/amsterdam/appartement-van-ostadestraat-288-h/43374157/,595000,1073 TW Amsterdam,79,210,3,2,1,1912
https://www.funda.nl/en/detail/koop/amsterdam/appartement-lootsstraat-18-2/80847840/,350000,1053 NX Amsterdam,39,120,2,1,1,1906
https://www.funda.nl/en/detail/koop/amsterdam/appartement-paramaribostraat-97-1/44404909/,750000,1058 VJ Amsterdam,97,210,4,3,1,1930
https://www.funda.nl/en/detail/koop/amsterdam/appartement-waterlandplein-18-c/44465283/,575000,1024 LW Amsterdam,111,90,3,2,1,2012
https://www.funda.nl/en/detail/koop/amsterdam/appartement-appartement-bouwnr-512/43040087/,800000,1025 WL Amsterdam,133,50,4,3,1,2020
https://www.funda.nl/en/detail/koop/amsterdam/appartement-appartement-bouwnr-543/43040099/,540000,1025 WL Amsterdam,86,50,4,3,1,2020
https://www.funda.nl/en/detail/koop/amsterdam/appartement-funenpark-421/80851660/,795000,1018 AK Amsterdam,101,90,3,2,1,2008
https://www.funda.nl/en/detail/koop/amsterdam/appartement-marco-polostraat-48-1/44495747/,400000,1057 WR Amsterdam,52,90,2,1,1,1918
https://www.funda.nl/en/detail/koop/amsterdam/appartement-duke-ellingtonstraat-60/80848024/,565000,1066 GG Amsterdam,92,120,3,2,1,1992
https://www.funda.nl/en/detail/koop/amsterdam/appartement-rietnesse-12-2/44486700/,489000,1082 CH Amsterdam,83,160,3,2,1,1961
https://www.funda.nl/en/detail/koop/amsterdam/appartement-3-kamerappartement-bouwnr-e0201/44478982/,503000,1068 MT Amsterdam,64,30,3,2,1,2020
https://www.funda.nl/en/detail/koop/amsterdam/appartement-nageljongenstraat-67/80845146/,435000,1033 PB Amsterdam,60,90,2,1,1,1983
https://www.funda.nl/en/detail/koop/amsterdam/appartement-marnixstraat-152-2/44475376/,500000,1016 TE Amsterdam,54,210,3,2,1,1891
https://www.funda.nl/en/detail/koop/amsterdam/appartement-soembawastraat-75-2/43325128/,420000,1095 VZ Amsterdam,45,160,2,1,1,1935
https://www.funda.nl/en/detail/koop/amsterdam/appartement-belgieplein-43/44419004/,500000,1066 RC Amsterdam,99,90,4,3,1,1992
https://www.funda.nl/en/detail/koop/amsterdam/appartement-henrick-de-keijserstraat-15-1/44460358/,549000,1073 TG Amsterdam,66,120,2,1,1,1927
https://www.funda.nl/en/detail/koop/amsterdam/appartement-polsbroekstraat-57/89767096/,345000,1106 BC Amsterdam,71,160,2,1,1,1982
https://www.funda.nl/en/detail/koop/amsterdam/appartement-osdorpplein-963/43349026/,395000,1068 TD Amsterdam,63,70,2,1,1,2022
https://www.funda.nl/en/detail/koop/amsterdam/appartement-fokke-simonszstraat-27-3/44409805/,495000,1017 TD Amsterdam,53,450,4,3,1,1940
https://www.funda.nl/en/detail/koop/amsterdam/appartement-tweede-jan-van-der-heijdenstraat-65-4/44406111/,895000,1074 XR Amsterdam,101,90,3,2,1,1888
https://www.funda.nl/en/detail/koop/amsterdam/appartement-jc-van-epenstraat-36/44411331/,500000,1019 GT Amsterdam,70,90,3,2,1,1988
https://www.funda.nl/en/detail/koop/amsterdam/appartement-3-kamersappartement-bouwnr-d0301/43344880/,498840,1068 MT Amsterdam,64,30,3,2,1,2026
https://www.funda.nl/en/detail/koop/amsterdam/appartement-overtoom-409-3/44419557/,550000,1054 JP Amsterdam,56,120,3,2,1,1893
https://www.funda.nl/en/detail/koop/amsterdam/appartement-meerluchtlaan-16/80844538/,450000,1096 DA Amsterdam,48,50,2,1,1,2024
https://www.funda.nl/en/detail/koop/amsterdam/appartement-roetersstraat-2-e/44491589/,550000,1018 WC Amsterdam,54,210,3,2,1,1782
https://www.funda.nl/en/detail/koop/amsterdam/appartement-rapenburgerstraat-167-f/44497268/,560000,1011 VM Amsterdam,64,350,3,2,1,1905
https://www.funda.nl/en/detail/koop/amsterdam/appartement-vierwindenstraat-62-d/43004275/,1097500,1013 LB Amsterdam,153,90,6,4,1,1890
https://www.funda.nl/en/detail/koop/amsterdam/appartement-stadionplein-45-2/43345173/,599000,1076 CH Amsterdam,73,210,4,2,1,1931
https://www.funda.nl/en/detail/koop/amsterdam/appartement-overschiestraat-17-d3/43314680/,399000,1062 HN Amsterdam,61,90,3,2,1,1965
https://www.funda.nl/en/detail/koop/amsterdam/appartement-baarsjesweg-271-2/44454744/,400000,1058 AD Amsterdam,49,160,2,1,1,1967
https://www.funda.nl/en/detail/koop/amsterdam/appartement-eemsstraat-31-3/80840286/,439000,1079 TC Amsterdam,47,210,3,2,1,1934
https://www.funda.nl/en/detail/koop/amsterdam/appartement-liftado-urban-80-95-bouwnr-555/43206233/,593000,1064 AB Amsterdam,79,50,3,2,1,2028
https://www.funda.nl/en/detail/koop/amsterdam/appartement-pieter-aertszstraat-59-1/44494017/,450000,1073 SK Amsterdam,52,275,2,1,1,1909
https://www.funda.nl/en/detail/koop/amsterdam/appartement-amazonenstraat-3-h/44485011/,545000,1076 LD Amsterdam,51,120,3,2,1,1930
https://www.funda.nl/en/detail/koop/amsterdam/appartement-3-kamerappartement-bouwnr-e0303/44478999/,520000,1068 MT Amsterdam,71,30,3,2,1,2020
https://www.funda.nl/en/detail/koop/amsterdam/appartement-noordzijde-273/80824104/,330000,1064 ME Amsterdam,41,160,2,1,1,1986
https://www.funda.nl/en/detail/koop/amsterdam/appartement-funenpark-391/44402921/,725000,1018 AK Amsterdam,79,90,3,2,1,2008
https://www.funda.nl/en/detail/koop/amsterdam/appartement-zocherstraat-23-x/43303063/,1200000,1054 LR Amsterdam,81,90,3,2,1,1919
https://www.funda.nl/en/detail/koop/amsterdam/appartement-plantage-middenlaan-84-h/43202583/,1250000,1018 DJ Amsterdam,145,90,6,3,1,1890
https://www.funda.nl/en/detail/koop/amsterdam/appartement-dalsteindreef-458/80832948/,220000,1102 XA Amsterdam,33,160,2,1,1,1984
https://www.funda.nl/en/detail/koop/amsterdam/appartement-palestrinastraat-29-1/43305863/,1320000,1071 LD Amsterdam,89,90,3,2,1,1903
https://www.funda.nl/en/detail/koop/amsterdam/appartement-hondecoeterstraat-4-1/89784962/,1395000,1071 LR Amsterdam,142,210,4,2,1,1918
https://www.funda.nl/en/detail/koop/amsterdam/appartement-hobbemakade-65-a/44499887/,415000,1071 XM Amsterdam,41,160,2,1,1,1898
https://www.funda.nl/en/detail/koop/amsterdam/appartement-houtkopersburgwal-16/80854221/,900000,1011 LL Amsterdam,114,70,3,2,1,1773
https://www.funda.nl/en/detail/koop/amsterdam/appartement-soesterberghof-49/89689435/,375000,1107 GP Amsterdam,84,90,4,3,1,1982
https://www.funda.nl/en/detail/koop/amsterdam/appartement-ernest-staesstraat-45-2/44469000/,425000,1061 CC Amsterdam,60,160,3,2,1,1952
https://www.funda.nl/en/detail/koop/amsterdam/appartement-eerste-jan-steenstraat-125-3/44482643/,800000,1072 NH Amsterdam,110,450,6,2,1,1889
https://www.funda.nl/en/detail/koop/amsterdam/appartement-rijswijkstraat-157-a/44499056/,400000,1062 ES Amsterdam,70,160,3,2,1,1961
https://www.funda.nl/en/detail/koop/amsterdam/appartement-appartement-bouwnummer-236-bouwnr-236/43241246/,675286,1019 AK Amsterdam,77,70,3,2,1,2028
https://www.funda.nl/en/detail/koop/amsterdam/appartement-johannes-verhulststraat-163-h/80811921/,1350000,1075 GX Amsterdam,156,210,4,2,1,1910
https://www.funda.nl/en/detail/koop/amsterdam/appartement-groetstraat-59/44411180/,415000,1024 TX Amsterdam,79,210,4,3,1,1966
https://www.funda.nl/en/detail/koop/amsterdam/appartement-haarlemmerweg-185-1/43152135/,425000,1051 LB Amsterdam,49,450,3,2,1,1904
https://www.funda.nl/en/detail/koop/amsterdam/appartement-3-kamer-appartement-bouwnr-315/43953561/,465553,1102 AK Amsterdam,71,50,3,2,1,2020
https://www.funda.nl/en/detail/koop/amsterdam/appartement-tilanusstraat-36-1/44478209/,550000,1091 BL Amsterdam,58,160,3,2,1,1882
https://www.funda.nl/en/detail/koop/amsterdam/appartement-derkinderenstraat-134/44454831/,725000,1061 VX Amsterdam,106,90,5,4,1,2006
https://www.funda.nl/en/detail/koop/amsterdam/appartement-zeedijk-32-b/43350128/,775000,1012 AZ Amsterdam,87,90,3,2,1,2001
https://www.funda.nl/en/detail/koop/amsterdam/appartement-terrasappartement-bouwnr-54/43053809/,852500,1061 AV Amsterdam,100,30,4,3,1,2027
https://www.funda.nl/en/detail/koop/amsterdam/appartement-klaroenstraat-48/80822588/,350000,1104 HW Amsterdam,78,90,3,2,1,2015
https://www.funda.nl/en/detail/koop/amsterdam/appartement-parkvilla-8-3-en-4-kamer-appartement-nori-bouwnr-14/44405570/,606000,1022 LA Amsterdam,97,30,4,3,1,2020
https://www.funda.nl/en/detail/koop/amsterdam/appartement-het-breed-785/80856298/,475000,1025 JC Amsterdam,103,160,3,2,1,1972
https://www.funda.nl/en/detail/koop/amsterdam/appartement-appartement-bouwnummer-233-bouwnr-233/43241205/,681658,1019 AK Amsterdam,83,70,3,2,1,2028
https://www.funda.nl/en/detail/koop/amsterdam/appartement-haarlemmermeerstraat-125-4/80855385/,339000,1058 JW Amsterdam,34,70,2,1,1,1930
https://www.funda.nl/en/detail/koop/amsterdam/appartement-wodanstraat-14-3/44489397/,599000,1076 CD Amsterdam,72,350,3,2,1,1934
https://www.funda.nl/en/detail/koop/amsterdam/appartement-groenhoven-711/44477341/,285000,1103 LV Amsterdam,52,275,2,1,1,1975
https://www.funda.nl/en/detail/koop/amsterdam/appartement-sumatrakade-1517/44469028/,710000,1019 RS Amsterdam,101,70,3,2,1,1997
https://www.funda.nl/en/detail/koop/amsterdam/appartement-egelantiersstraat-105-a/44470160/,1195000,1015 PZ Amsterdam,105,90,3,2,1,1906
https://www.funda.nl/en/detail/koop/amsterdam/appartement-albert-luthulistraat-14-c/43320386/,579000,1091 NV Amsterdam,71,160,4,3,1,1930
https://www.funda.nl/en/detail/koop/amsterdam/appartement-holendrechtstraat-7-1/44499980/,650000,1078 TM Amsterdam,76,160,3,2,1,1922
https://www.funda.nl/en/detail/koop/amsterdam/appartement-slaakstraat-12-3a/43101059/,450000,1078 BD Amsterdam,47,90,2,1,1,1929
https://www.funda.nl/en/detail/koop/amsterdam/appartement-vaartstraat-66-3/44401383/,499000,1075 RS Amsterdam,59,210,3,2,1,1913
https://www.funda.nl/en/detail/koop/amsterdam/appartement-cortado-urban-80-95-bouwnr-505/43206223/,605000,1064 AB Amsterdam,83,50,4,3,1,2028
https://www.funda.nl/en/detail/koop/amsterdam/appartement-welnastraat-491/44456108/,275000,1096 GJ Amsterdam,28,90,1,1,1,2014
https://www.funda.nl/en/detail/koop/amsterdam/appartement-herengracht-292-c/80846654/,960000,1016 BX Amsterdam,84,90,4,2,1,1620
https://www.funda.nl/en/detail/koop/amsterdam/appartement-parkvilla-9-4-kamer-appartement-rivu-bouwnr-35/44405449/,647000,1022 LA Amsterdam,104,30,4,3,1,2020
https://www.funda.nl/en/detail/koop/amsterdam/appartement-werkendamstraat-45/44411718/,250000,1107 KK Amsterdam,45,120,2,1,1,1982
https://www.funda.nl/en/detail/koop/amsterdam/appartement-juliana-van-stolbergstraat-43-2/80812688/,420000,1055 RK Amsterdam,46,90,2,1,1,1937
https://www.funda.nl/en/detail/koop/amsterdam/appartement-kinkerstraat-258-2/43316546/,369000,1053 GA Amsterdam,44,160,3,2,1,1897
https://www.funda.nl/en/detail/koop/amsterdam/appartement-ceintuurbaan-430-1/43384771/,485000,1074 EB Amsterdam,55,160,3,1,1,1896
https://www.funda.nl/en/detail/koop/amsterdam/appartement-onstein-12/44477079/,695000,1082 KL Amsterdam,107,450,5,3,2,1962
https://www.funda.nl/en/detail/koop/amsterdam/appartement-herengracht-611-2/44413651/,750000,1017 CE Amsterdam,84,210,3,2,1,1670
https://www.funda.nl/en/detail/koop/amsterdam/appartement-hazenstraat-8/44407494/,700000,1016 SP Amsterdam,76,120,4,2,1,1995
https://www.funda.nl/en/detail/koop/amsterdam/appartement-hogehilweg-12-b84/43194709/,695000,1101 CD Amsterdam,88,30,3,2,1,2025
https://www.funda.nl/en/detail/koop/amsterdam/appartement-oostelijke-handelskade-18-1/44491712/,995000,1019 BM Amsterdam,134,90,5,4,1,1917
https://www.funda.nl/en/detail/koop/amsterdam/appartement-ndsm-straat-75/44482269/,485000,1033 NA Amsterdam,57,50,3,2,1,2023
https://www.funda.nl/en/detail/koop/amsterdam/appartement-ottho-heldringstraat-200-t/89794504/,585000,1066 AZ Amsterdam,105,70,4,3,1,2010
https://www.funda.nl/en/detail/koop/amsterdam/appartement-van-speijkstraat-65-h/44410796/,849500,1057 GM Amsterdam,124,160,4,3,1,1925
https://www.funda.nl/en/detail/koop/amsterdam/appartement-grasweg-422/43142627/,960000,1031 HX Amsterdam,79,30,3,2,1,2020
https://www.funda.nl/en/detail/koop/amsterdam/appartement-adelaarsweg-76/44477434/,925000,1021 BV Amsterdam,134,160,7,5,1,1930
https://www.funda.nl/en/detail/koop/amsterdam/appartement-brouwersgracht-180-d/43324631/,2850000,1013 HC Amsterdam,225,90,4,3,1,2010
https://www.funda.nl/en/detail/koop/amsterdam/appartement-sarphatistraat-588/80835918/,550000,1018 AV Amsterdam,66,450,3,2,1,1906
https://www.funda.nl/en/detail/koop/amsterdam/appartement-vrolikstraat-294-3/44403931/,495000,1092 VA Amsterdam,54,160,3,2,1,2014
https://www.funda.nl/en/detail/koop/amsterdam/appartement-van-hogendorpstraat-137-h/44469909/,500000,1051 BM Amsterdam,55,120,3,2,1,1902
https://www.funda.nl/en/detail/koop/amsterdam/appartement-veerstraat-72-1/89791400/,435000,1075 SZ Amsterdam,40,160,3,2,1,1913
https://www.funda.nl/en/detail/koop/amsterdam/appartement-rustenburgerdwarsstraat-2-m/43313055/,595000,1074 JJ Amsterdam,67,90,3,2,1,1997
https://www.funda.nl/en/detail/koop/amsterdam/appartement-hoofdweg-23-2/44471302/,1100000,1058 AW Amsterdam,126,160,5,4,1,1927
https://www.funda.nl/en/detail/koop/amsterdam/appartement-sarphatistraat-488/80863459/,675000,1018 GW Amsterdam,81,210,3,2,2,1771
https://www.funda.nl/en/detail/koop/amsterdam/appartement-menarahof-26/43170286/,895000,1043 EV Amsterdam,140,50,4,3,1,2024
https://www.funda.nl/en/detail/koop/amsterdam/appartement-blancefloorstraat-20-h/44476178/,725000,1055 TD Amsterdam,81,120,3,2,1,1939
https://www.funda.nl/en/detail/koop/amsterdam/appartement-sumatraplantsoen-34-a/43395353/,600000,1095 JB Amsterdam,76,120,3,2,1,1981
https://www.funda.nl/en/detail/koop/amsterdam/appartement-weteringschans-84-c/44495176/,1595000,1017 XR Amsterdam,162,120,5,4,1,1877
https://www.funda.nl/en/detail/koop/amsterdam/appartement-hoofdweg-273-1/44400387/,450000,1057 CX Amsterdam,57,160,3,2,1,1924
https://www.funda.nl/en/detail/koop/amsterdam/appartement-haarlemmermeerstraat-60-3/80884496/,950000,1058 KC Amsterdam,116,160,5,3,1,1932
https://www.funda.nl/en/detail/koop/amsterdam/appartement-insulindeweg-99-3/80861181/,390000,1094 PE Amsterdam,48,450,2,1,1,1924
https://www.funda.nl/en/detail/koop/amsterdam/appartement-rijswijkstraat-115/44421316/,435000,1062 ES Amsterdam,77,90,2,1,1,1961
https://www.funda.nl/en/detail/koop/amsterdam/appartement-orteliusstraat-250-2/44458758/,450000,1056 PK Amsterdam,51,160,2,1,1,1927
https://www.funda.nl/en/detail/koop/amsterdam/appartement-zeeburgerpad-46-g/43322928/,870000,1019 AB Amsterdam,104,30,3,2,1,2026
https://www.funda.nl/en/detail/koop/amsterdam/appartement-type-b-2-kamerappartement-bouwnr-c203/44452726/,339900,1069 EJ Amsterdam,43,50,2,1,1,2027
https://www.funda.nl/en/detail/koop/amsterdam/appartement-albert-luthulistraat-24-d/44410709/,585000,1091 NV Amsterdam,71,160,3,2,1,1934
https://www.funda.nl/en/detail/koop/amsterdam/appartement-kruysweerstraat-271/43303375/,550000,1096 GN Amsterdam,59,10,3,1,1,2023
https://www.funda.nl/en/detail/koop/amsterdam/appartement-parkvilla-8-3-en-4-kamer-appartement-auri-bouwnr-21/44405561/,532000,1022 LA Amsterdam,83,50,4,3,1,2020
https://www.funda.nl/en/detail/koop/amsterdam/appartement-teldershof-68/44417623/,425000,1067 ML Amsterdam,86,90,3,2,1,2009
https://www.funda.nl/en/detail/koop/amsterdam/appartement-galjootstraat-126/43337343/,520000,1086 VE Amsterdam,82,90,3,2,1,2009
https://www.funda.nl/en/detail/koop/amsterdam/appartement-govert-flinckstraat-138-3/44482568/,550000,1072 EM Amsterdam,60,90,3,2,1,1881
https://www.funda.nl/en/detail/koop/amsterdam/appartement-zacharias-jansestraat-22-h/43342141/,1150000,1097 CM Amsterdam,129,160,5,2,1,1904
https://www.funda.nl/en/detail/koop/amsterdam/appartement-bonairestraat-64-h/44405695/,775000,1058 XK Amsterdam,82,160,3,2,1,1930
https://www.funda.nl/en/detail/koop/amsterdam/appartement-3-kamerappartement-bouwnr-d0404/44478987/,520000,1068 MT Amsterdam,71,30,3,2,1,2020
https://www.funda.nl/en/detail/koop/amsterdam/appartement-okeghemstraat-16-3/80823781/,1235000,1075 PM Amsterdam,131,350,6,4,1,1913
https://www.funda.nl/en/detail/koop/amsterdam/appartement-type-b-2-kamerappartement-bouwnr-c103/44452725/,337900,1069 EJ Amsterdam,43,50,2,1,1,2027
https://www.funda.nl/en/detail/koop/amsterdam/appartement-mauvestraat-18-1/43231361/,480000,1073 RK Amsterdam,53,120,3,2,1,1923
https://www.funda.nl/en/detail/koop/amsterdam/appartement-type-a-bouwnr-305/43716715/,405000,1062 HE Amsterdam,50,10,2,1,1,2026
https://www.funda.nl/en/detail/koop/amsterdam/appartement-javastraat-72-1/44477991/,600000,1094 HL Amsterdam,64,160,3,1,1,1903
https://www.funda.nl/en/detail/koop/amsterdam/appartement-hiraistraat-5-b72/43248385/,551000,1101 DA Amsterdam,79,50,3,2,1,2020
https://www.funda.nl/en/detail/koop/amsterdam/appartement-mercatorstraat-105-2/80813410/,475000,1056 RB Amsterdam,54,160,2,1,1,1927
https://www.funda.nl/en/detail/koop/amsterdam/appartement-amstel-204-d/44412814/,650000,1017 AH Amsterdam,69,275,2,1,1,1672
https://www.funda.nl/en/detail/koop/amsterdam/appartement-tweede-van-der-helststraat-21-2/44460223/,495000,1073 AE Amsterdam,55,120,2,1,1,1906
https://www.funda.nl/en/detail/koop/amsterdam/appartement-eerste-van-swindenstraat-38-4/44486561/,625000,1093 GE Amsterdam,67,90,3,2,1,1906
https://www.funda.nl/en/detail/koop/amsterdam/appartement-esplanade-de-meer-273/44450860/,550000,1098 WK Amsterdam,82,90,3,2,1,2002
https://www.funda.nl/en/detail/koop/amsterdam/appartement-venetiehof-64/44477792/,650000,1019 NB Amsterdam,88,120,3,2,1,1994
https://www.funda.nl/en/detail/koop/amsterdam/appartement-boniplein-31/44488162/,450000,1094 SC Amsterdam,64,160,2,1,1,1981
https://www.funda.nl/en/detail/koop/amsterdam/appartement-tichelstraat-55-2/44450394/,875000,1015 KS Amsterdam,90,120,4,3,1,1935
https://www.funda.nl/en/detail/koop/amsterdam/appartement-nieuwe-batavierstraat-5-h/89663170/,495000,1011 LJ Amsterdam,60,120,3,2,1,1938
https://www.funda.nl/en/detail/koop/amsterdam/appartement-4-kamerappartement-bouwnr-d0001/44478900/,620000,1068 MT Amsterdam,82,30,4,3,1,2026
https://www.funda.nl/en/detail/koop/amsterdam/appartement-3-kamersappartement-bouwnr-e0203/43344897/,510840,1068 MT Amsterdam,71,30,3,2,1,2026
https://www.funda.nl/en/detail/koop/amsterdam/appartement-nieuwe-leliestraat-138-a/44407478/,650000,1015 SX Amsterdam,71,120,3,2,1,2004
https://www.funda.nl/en/detail/koop/amsterdam/appartement-brouwersgracht-811/43312939/,675000,1015 GK Amsterdam,85,90,3,2,1,1906
https://www.funda.nl/en/detail/koop/amsterdam/appartement-nieuwpoortstraat-86-c12/44487926/,400000,1055 RZ Amsterdam,50,90,2,1,1,2017
https://www.funda.nl/en/detail/koop/amsterdam/appartement-van-breestraat-185-3/43334030/,1295000,1071 ZN Amsterdam,122,210,4,3,1,1903
https://www.funda.nl/en/detail/koop/amsterdam/appartement-vechtstraat-110-2/43324936/,495000,1079 JP Amsterdam,53,120,3,2,1,1934
https://www.funda.nl/en/detail/koop/amsterdam/appartement-bolestein-360/43347149/,575000,1081 EE Amsterdam,91,160,3,2,1,1965
https://www.funda.nl/en/detail/koop/amsterdam/appartement-terrasappartement-bouwnr-5/43048707/,645000,1061 AV Amsterdam,91,30,3,2,1,2027
https://www.funda.nl/en/detail/koop/amsterdam/appartement-schinkelkade-63-1/43345699/,435000,1075 VM Amsterdam,47,160,2,1,1,1913
https://www.funda.nl/en/detail/koop/amsterdam/appartement-rhijnvis-feithstraat-44-h/44404812/,625000,1054 VA Amsterdam,65,160,3,2,1,1912
https://www.funda.nl/en/detail/koop/amsterdam/appartement-jan-evertsenstraat-569/80847932/,525000,1061 XZ Amsterdam,89,120,4,3,1,2008
https://www.funda.nl/en/detail/koop/amsterdam/appartement-stadionkade-6-2/43330444/,1100000,1077 VG Amsterdam,137,350,6,3,1,1931
https://www.funda.nl/en/detail/koop/amsterdam/appartement-hiraistraat-5-b54/44425990/,375000,1101 DA Amsterdam,47,50,2,1,1,2026
https://www.funda.nl/en/detail/koop/amsterdam/appartement-lekstraat-75-h/44473404/,485000,1079 EM Amsterdam,56,210,3,2,1,1934
https://www.funda.nl/en/detail/koop/amsterdam/appartement-van-heenvlietlaan-246-g/43367654/,240000,1083 CN Amsterdam,24,160,1,1,1,1977
https://www.funda.nl/en/detail/koop/amsterdam/appartement-nieuwevaart-95/43084553/,540000,1018 AA Amsterdam,64,90,3,2,1,1999
https://www.funda.nl/en/detail/koop/amsterdam/appartement-millingenhof-282/44457603/,280000,1106 KT Amsterdam,58,90,2,1,1,1977
https://www.funda.nl/en/detail/koop/amsterdam/appartement-prinsengracht-124-1/44472609/,450000,1015 EA Amsterdam,55,350,2,1,1,1790
https://www.funda.nl/en/detail/koop/amsterdam/appartement-liftado-waterfront-95-100-bouwnr-522/43294176/,714000,1064 AB Amsterdam,95,50,3,2,1,2028
https://www.funda.nl/en/detail/koop/amsterdam/appartement-bonairestraat-10/44402561/,850000,1058 XH Amsterdam,85,120,3,2,1,1931
https://www.funda.nl/en/detail/koop/amsterdam/appartement-archimedesweg-64-1/44462393/,575000,1098 JS Amsterdam,87,210,3,2,1,1929
https://www.funda.nl/en/detail/koop/amsterdam/appartement-mariotteplein-60/44491171/,1295000,1098 PA Amsterdam,168,160,6,4,1,1933
https://www.funda.nl/en/detail/koop/amsterdam/appartement-tweede-jan-steenstraat-54-2/80865433/,575000,1074 CP Amsterdam,59,90,3,2,1,1889
https://www.funda.nl/en/detail/koop/amsterdam/appartement-chet-bakerstraat-187/80832334/,550000,1066 GJ Amsterdam,102,120,3,2,1,1999
https://www.funda.nl/en/detail/koop/amsterdam/appartement-marskramerstraat-53/44400249/,325000,1033 WJ Amsterdam,54,120,2,1,1,1992
https://www.funda.nl/en/detail/koop/amsterdam/appartement-marnixstraat-186-3/44415135/,775000,1016 TH Amsterdam,84,90,3,2,1,1901
https://www.funda.nl/en/detail/koop/amsterdam/appartement-3-kamerappartement-bouwnr-e0101/44478981/,498000,1068 MT Amsterdam,64,30,3,2,1,2020
https://www.funda.nl/en/detail/koop/amsterdam/appartement-george-gershwinlaan-121/43345972/,1095000,1082 MT Amsterdam,134,90,3,2,1,2010
https://www.funda.nl/en/detail/koop/amsterdam/appartement-appartement-bouwnr-486/43040069/,720000,1025 WL Amsterdam,118,50,4,3,1,2020
https://www.funda.nl/en/detail/koop/amsterdam/appartement-stadionkade-27-h/44463014/,1000000,1077 VM Amsterdam,111,210,4,2,1,1932
https://www.funda.nl/en/detail/koop/amsterdam/appartement-faas-wilkesstraat-473/43354340/,500000,1095 MD Amsterdam,76,90,2,1,1,2015
https://www.funda.nl/en/detail/koop/amsterdam/appartement-poeldijkstraat-279/44454660/,1350000,1059 VL Amsterdam,139,70,5,3,1,2018
https://www.funda.nl/en/detail/koop/amsterdam/appartement-kanaalstraat-140-h/44409331/,625000,1054 XN Amsterdam,66,210,3,2,1,1911
https://www.funda.nl/en/detail/koop/amsterdam/appartement-hoekslootstraat-47-b/44401473/,404900,1069 EJ Amsterdam,58,50,3,2,1,2027
https://www.funda.nl/en/detail/koop/amsterdam/appartement-de-lierhof-34/43330176/,660000,1059 WE Amsterdam,93,90,3,2,1,2000
https://www.funda.nl/en/detail/koop/amsterdam/appartement-ijburglaan-728/44492550/,650000,1087 CE Amsterdam,120,70,4,3,1,2004
https://www.funda.nl/en/detail/koop/amsterdam/appartement-amsteldijk-50-h/44466387/,580000,1074 HW Amsterdam,63,160,2,1,1,1940
https://www.funda.nl/en/detail/koop/amsterdam/appartement-makassarstraat-126-h/44468992/,600000,1095 TE Amsterdam,78,70,3,2,1,2013
https://www.funda.nl/en/detail/koop/amsterdam/appartement-haarlemmerstraat-24-1/80834466/,699000,1013 ER Amsterdam,91,160,2,1,1,1903
https://www.funda.nl/en/detail/koop/amsterdam/appartement-eastonstraat-104/80850322/,395000,1068 JC Amsterdam,89,160,4,3,1,1963
https://www.funda.nl/en/detail/koop/amsterdam/appartement-kamerlingh-onneslaan-24/43216250/,1050000,1097 DG Amsterdam,131,90,5,4,2,1964
https://www.funda.nl/en/detail/koop/amsterdam/appartement-adriaan-van-bergenstraat-7-2/44408612/,450000,1056 JW Amsterdam,63,160,3,2,1,1935
https://www.funda.nl/en/detail/koop/amsterdam/appartement-sloterkade-22-a/44489425/,1350000,1058 HE Amsterdam,146,90,3,2,1,1999
https://www.funda.nl/en/detail/koop/amsterdam/appartement-ank-van-der-moerstraat-23-d/43329505/,295000,1065 LH Amsterdam,27,90,2,1,1,2018
https://www.funda.nl/en/detail/koop/amsterdam/appartement-nieuwe-laan-193/43307028/,415000,1068 CC Amsterdam,98,120,5,4,1,1959
https://www.funda.nl/en/detail/koop/amsterdam/appartement-assumburg-9/43381043/,500000,1081 GA Amsterdam,82,160,3,2,1,1967
https://www.funda.nl/en/detail/koop/amsterdam/appartement-noorderstraat-19-3/44425282/,950000,1017 TR Amsterdam,91,350,3,2,1,1941
https://www.funda.nl/en/detail/koop/amsterdam/appartement-aalbersestraat-242-g/44470950/,400000,1067 GM Amsterdam,87,90,3,1,1,1956
https://www.funda.nl/en/detail/koop/amsterdam/appartement-eerste-oosterparkstraat-97-4/44459079/,650000,1091 GW Amsterdam,74,160,3,2,1,1935
https://www.funda.nl/en/detail/koop/amsterdam/appartement-haarlemmerweg-35-b/43344545/,475000,1051 KN Amsterdam,63,90,2,1,1,1991
https://www.funda.nl/en/detail/koop/amsterdam/appartement-admiraal-de-ruijterweg-384-2/44482930/,550000,1055 NC Amsterdam,64,210,4,3,1,1922
https://www.funda.nl/en/detail/koop/amsterdam/appartement-stadswoning-bouwnummer-142-bouwnr-142/43242650/,912238,1019 AK Amsterdam,108,70,4,3,1,2028
https://www.funda.nl/en/detail/koop/amsterdam/appartement-tilanusstraat-29-h/43331914/,750000,1091 BD Amsterdam,79,160,3,2,1,1912
https://www.funda.nl/en/detail/koop/amsterdam/appartement-jan-van-zutphenstraat-557/44467534/,400000,1069 RS Amsterdam,69,90,3,2,1,2007
https://www.funda.nl/en/detail/koop/amsterdam/appartement-waalstraat-133-h/80878178/,850000,1079 DW Amsterdam,87,90,3,2,1,1937
https://www.funda.nl/en/detail/koop/amsterdam/appartement-type-g-3-kamerappartement-bouwnr-a204/44452684/,419900,1069 EJ Amsterdam,61,50,3,2,1,2027
https://www.funda.nl/en/detail/koop/amsterdam/appartement-da-costakade-26-a/44491473/,625000,1052 SJ Amsterdam,95,120,3,2,1,1992
https://www.funda.nl/en/detail/koop/amsterdam/appartement-houtmankade-59-2/80855656/,525000,1013 MR Amsterdam,55,160,2,1,1,1903
https://www.funda.nl/en/detail/koop/amsterdam/appartement-type-b-2-kamerappartement-bouwnr-c407/44452710/,349900,1069 EJ Amsterdam,43,50,2,1,1,2027
https://www.funda.nl/en/detail/koop/amsterdam/appartement-rooseveltlaan-206-3/43385251/,750000,1078 NW Amsterdam,95,160,4,3,1,1934
https://www.funda.nl/en/detail/koop/amsterdam/appartement-elizabeth-anscombestraat-163/43396134/,800000,1062 LE Amsterdam,102,30,3,2,1,2025
https://www.funda.nl/en/detail/koop/amsterdam/appartement-reyer-anslostraat-27-1/44427004/,740000,1054 KT Amsterdam,61,210,3,2,1,1878
https://www.funda.nl/en/detail/koop/amsterdam/appartement-liftado-urban-80-95-bouwnr-520/43206217/,559000,1064 AB Amsterdam,80,50,3,2,1,2028
https://www.funda.nl/en/detail/koop/amsterdam/appartement-loenermark-68/43343852/,475000,1025 SH Amsterdam,96,210,3,2,1,1976
https://www.funda.nl/en/detail/koop/amsterdam/appartement-laurierstraat-20-h/44461319/,1295000,1016 PM Amsterdam,148,90,5,3,2,1871
https://www.funda.nl/en/detail/koop/amsterdam/appartement-prinsengracht-917-c/44414267/,1450000,1017 KD Amsterdam,156,210,3,2,1,1926
https://www.funda.nl/en/detail/koop/amsterdam/appartement-van-bossestraat-2-2/80871618/,525000,1051 JX Amsterdam,55,210,2,1,1,1923
https://www.funda.nl/en/detail/koop/amsterdam/appartement-langswater-621/44493188/,295000,1069 EE Amsterdam,60,120,3,2,1,1965
https://www.funda.nl/en/detail/koop/amsterdam/appartement-parkvilla-9-4-kamer-appartement-selu-bouwnr-29/44405454/,763000,1022 LA Amsterdam,126,50,4,3,1,2020
https://www.funda.nl/en/detail/koop/amsterdam/appartement-waterlooplein-177-d/43345586/,850000,1011 PG Amsterdam,89,90,3,2,1,2005
https://www.funda.nl/en/detail/koop/amsterdam/appartement-boomstraat-67/44406776/,600000,1015 LB Amsterdam,57,90,3,2,2,1950
https://www.funda.nl/en/detail/koop/amsterdam/appartement-bethaniendwarsstraat-3-c/89704616/,725000,1012 CB Amsterdam,84,90,4,3,1,1992
https://www.funda.nl/en/detail/koop/amsterdam/appartement-hogehilweg-12-b3/43365163/,425000,1101 CD Amsterdam,63,30,2,1,1,2026
https://www.funda.nl/en/detail/koop/amsterdam/appartement-granaatstraat-38/43302480/,575000,1074 HN Amsterdam,66,160,3,2,1,1925
https://www.funda.nl/en/detail/koop/amsterdam/appartement-haarlemmerweg-583/44416002/,900000,1055 PP Amsterdam,105,70,4,3,1,1936
https://www.funda.nl/en/detail/koop/amsterdam/appartement-meer-en-vaart-130-c/44412165/,535000,1068 ZZ Amsterdam,112,90,4,3,1,2009
https://www.funda.nl/en/detail/koop/amsterdam/appartement-grubbehoeve-924/43310798/,335000,1103 GZ Amsterdam,108,160,4,3,1,1970
https://www.funda.nl/en/detail/koop/amsterdam/appartement-slauerhoffstraat-64-2/80868310/,389000,1064 TH Amsterdam,72,160,4,3,1,1953
https://www.funda.nl/en/detail/koop/amsterdam/appartement-werkhovenstraat-24/89768885/,349000,1107 KG Amsterdam,84,120,5,4,1,1982
https://www.funda.nl/en/detail/koop/amsterdam/appartement-2-kamer-appartement-bouwnr-360/43276222/,357870,1102 AK Amsterdam,48,50,2,1,1,2020
https://www.funda.nl/en/detail/koop/amsterdam/appartement-ton-de-leeuwstraat-54/43326205/,675000,1011 DE Amsterdam,65,50,2,1,1,2023
https://www.funda.nl/en/detail/koop/amsterdam/appartement-alfred-doblinstraat-113/89606145/,315000,1102 VJ Amsterdam,70,120,3,2,1,1984
https://www.funda.nl/en/detail/koop/amsterdam/appartement-laagte-kadijk-3-b/44405620/,370000,1018 BA Amsterdam,35,90,2,1,1,1916
https://www.funda.nl/en/detail/koop/amsterdam/appartement-gustav-mahlerplein-279/43311222/,4750000,1082 MS Amsterdam,383,90,9,6,1,2010
https://www.funda.nl/en/detail/koop/amsterdam/appartement-van-gentstraat-32-2/44425345/,390000,1055 PG Amsterdam,48,160,3,2,1,1936
https://www.funda.nl/en/detail/koop/amsterdam/appartement-bonaireplein-8-2/44470514/,650000,1058 XB Amsterdam,76,160,4,2,1,1930
https://www.funda.nl/en/detail/koop/amsterdam/appartement-ferdinand-bolstraat-162-3/44410794/,899000,1072 LT Amsterdam,95,90,3,2,1,1889
https://www.funda.nl/en/detail/koop/amsterdam/appartement-jacob-van-lennepstraat-375-c/44416143/,950000,1053 JM Amsterdam,100,90,3,2,1,1912
https://www.funda.nl/en/detail/koop/amsterdam/appartement-ms-van-riemsdijkweg-8-t/43805211/,595000,1033 RD Amsterdam,72,50,3,1,1,2020
https://www.funda.nl/en/detail/koop/amsterdam/appartement-schelluinenstraat-76/44473310/,325000,1107 JK Amsterdam,83,90,4,3,1,1982
https://www.funda.nl/en/detail/koop/amsterdam/appartement-reinier-claeszenstraat-51-4/43347744/,720000,1056 WG Amsterdam,72,90,3,2,1,1922
https://www.funda.nl/en/detail/koop/amsterdam/appartement-kattenburgerstraat-248/44467317/,750000,1018 JK Amsterdam,103,90,4,3,1,1975
https://www.funda.nl/en/detail/koop/amsterdam/appartement-hiraistraat-5-b43/43249701/,645000,1101 DA Amsterdam,89,50,3,2,1,2020
https://www.funda.nl/en/detail/koop/amsterdam/appartement-pieter-van-der-doesstraat-54-2/43348062/,550000,1056 VJ Amsterdam,54,90,3,2,1,1937
https://www.funda.nl/en/detail/koop/amsterdam/appartement-kinkerstraat-278-4/80823088/,385000,1053 GB Amsterdam,45,210,2,1,1,1897
https://www.funda.nl/en/detail/koop/amsterdam/appartement-jan-luijkenstraat-66-2/43334108/,1000000,1071 CS Amsterdam,107,275,3,2,1,1902
https://www.funda.nl/en/detail/koop/amsterdam/appartement-nieuwe-leliestraat-163-h/43338475/,639000,1015 HC Amsterdam,71,210,4,3,1,1891
https://www.funda.nl/en/detail/koop/amsterdam/appartement-geleenstraat-21-2/43340616/,775000,1078 LC Amsterdam,100,160,6,3,1,1931
https://www.funda.nl/en/detail/koop/amsterdam/appartement-lindenhoevestraat-73/43320914/,875000,1096 DV Amsterdam,128,30,4,2,1,2021
https://www.funda.nl/en/detail/koop/amsterdam/appartement-statenjachtstraat-404/44479212/,375000,1034 ES Amsterdam,72,160,4,2,1,1969
https://www.funda.nl/en/detail/koop/amsterdam/appartement-hillegomstraat-3-h/44426585/,699000,1058 LN Amsterdam,111,160,4,3,1,1932
https://www.funda.nl/en/detail/koop/amsterdam/appartement-derde-oosterparkstraat-121-d/44488256/,775000,1092 CS Amsterdam,92,90,3,2,1,1905
https://www.funda.nl/en/detail/koop/amsterdam/appartement-van-ostadestraat-388-h/44484284/,424750,1074 XB Amsterdam,45,210,3,1,1,1918
https://www.funda.nl/en/detail/koop/amsterdam/appartement-lou-jansenplein-69-2/80881301/,365000,1063 GW Amsterdam,69,210,3,2,1,1958
https://www.funda.nl/en/detail/koop/amsterdam/appartement-3-kamerappartement-bouwnr-d0204/44478968/,498000,1068 MT Amsterdam,71,30,3,2,1,2020
https://www.funda.nl/en/detail/koop/amsterdam/appartement-nassaukade-93-4/43383811/,850000,1052 CW Amsterdam,93,160,3,2,1,1886
https://www.funda.nl/en/detail/koop/amsterdam/appartement-tilanusstraat-79-2/80852126/,585000,1091 BG Amsterdam,62,160,3,2,1,1904
https://www.funda.nl/en/detail/koop/amsterdam/appartement-2-kamer-appartement-bouwnr-367/43276248/,360370,1102 AK Amsterdam,48,50,2,1,1,2020
https://www.funda.nl/en/detail/koop/amsterdam/appartement-lou-jansenplein-5-h/80846747/,329000,1063 GT Amsterdam,62,275,3,2,1,1952
https://www.funda.nl/en/detail/koop/amsterdam/appartement-driekamerappartement-bouwnr-16/43732531/,515000,1087 VA Amsterdam,81,50,3,2,1,2026
https://www.funda.nl/en/detail/koop/amsterdam/appartement-3-kamer-appartement-bouwnr-309/43953568/,460478,1102 AK Amsterdam,71,50,3,2,1,2020
https://www.funda.nl/en/detail/koop/amsterdam/appartement-van-baerlestraat-75-4/43301052/,1079000,1071 AS Amsterdam,146,160,3,2,1,1906
https://www.funda.nl/en/detail/koop/amsterdam/appartement-charlotte-brontestraat-168/44470976/,300000,1102 XH Amsterdam,57,160,2,1,1,1983
https://www.funda.nl/en/detail/koop/amsterdam/appartement-groenhoven-346/44411012/,289000,1103 LK Amsterdam,53,160,2,1,1,1975
https://www.funda.nl/en/detail/koop/amsterdam/appartement-aaf-bouberstraat-106/89666048/,395000,1065 LV Amsterdam,69,120,3,2,1,1985
https://www.funda.nl/en/detail/koop/amsterdam/appartement-zeilstraat-6-3/43309074/,735000,1075 SG Amsterdam,86,210,4,3,1,1912
https://www.funda.nl/en/detail/koop/amsterdam/appartement-tweede-laurierdwarsstraat-44-b/44409725/,485000,1016 RB Amsterdam,52,120,2,1,1,2004
https://www.funda.nl/en/detail/koop/amsterdam/appartement-krugerplein-2-4/44451630/,325000,1091 KX Amsterdam,26,210,3,1,1,1914
https://www.funda.nl/en/detail/koop/amsterdam/appartement-bonaireplein-11-3/43394220/,770000,1058 XA Amsterdam,96,350,5,3,1,1930
https://www.funda.nl/en/detail/koop/amsterdam/appartement-jasper-leijnsenstraat-14-3/44417240/,475000,1056 XX Amsterdam,59,210,5,4,1,1934
https://www.funda.nl/en/detail/koop/amsterdam/appartement-kinderdijkstraat-94-4/89761441/,325000,1079 GP Amsterdam,33,450,2,1,1,1937
https://www.funda.nl/en/detail/koop/amsterdam/appartement-bestevaerstraat-24-h/43346111/,1450000,1056 HN Amsterdam,162,160,4,3,1,1923
https://www.funda.nl/en/detail/koop/amsterdam/appartement-koninginneweg-225-h/43336145/,2450000,1075 CS Amsterdam,219,120,7,6,1,1887
https://www.funda.nl/en/detail/koop/amsterdam/appartement-fokke-simonszstraat-25-2/80812814/,450000,1017 TD Amsterdam,42,210,2,1,1,1910
https://www.funda.nl/en/detail/koop/amsterdam/appartement-2-kamersappartement-bouwnr-d0202/43343292/,387840,1068 MT Amsterdam,48,30,2,1,1,2026
https://www.funda.nl/en/detail/koop/amsterdam/appartement-terrasappartement-bouwnr-12/43051849/,685000,1061 AV Amsterdam,91,30,3,2,1,2027
https://www.funda.nl/en/detail/koop/amsterdam/appartement-h-cleyndertweg-701/44406730/,335000,1025 EA Amsterdam,69,275,2,1,1,1974
https://www.funda.nl/en/detail/koop/amsterdam/appartement-radioweg-24/44477987/,795000,1098 NH Amsterdam,106,90,6,4,1,1931
https://www.funda.nl/en/detail/koop/amsterdam/appartement-appartement-bouwnummer-210-bouwnr-210/43241102/,676658,1019 AK Amsterdam,83,70,3,2,1,2028
https://www.funda.nl/en/detail/koop/amsterdam/appartement-eerste-jacob-van-campenstraat-38-3/44414424/,622000,1072 BG Amsterdam,69,160,3,2,1,1876
https://www.funda.nl/en/detail/koop/amsterdam/appartement-revaleiland-375/43373774/,850000,1014 ZG Amsterdam,99,90,3,2,1,2020
https://www.funda.nl/en/detail/koop/amsterdam/appartement-narva-eiland-22/44470059/,1299000,1014 ZJ Amsterdam,150,70,4,3,1,2018
https://www.funda.nl/en/detail/koop/amsterdam/appartement-tweede-anjeliersdwarsstraat-22-a/80852402/,425000,1015 NT Amsterdam,43,90,2,1,1,2008
https://www.funda.nl/en/detail/koop/amsterdam/appartement-gaaspstraat-50-1/43345074/,550000,1079 VG Amsterdam,57,120,3,2,1,1934
https://www.funda.nl/en/detail/koop/amsterdam/appartement-nieuwe-leliestraat-107-c/44407611/,685000,1015 SM Amsterdam,74,90,3,2,1,2001
https://www.funda.nl/en/detail/koop/amsterdam/appartement-gerrit-mannourystraat-41/44495317/,525000,1062 LB Amsterdam,83,120,4,3,1,1993
https://www.funda.nl/en/detail/koop/amsterdam/appartement-wilhelminastraat-108-1/44474899/,500000,1054 WN Amsterdam,45,160,2,1,1,1904
https://www.funda.nl/en/detail/koop/amsterdam/appartement-lampenistenstraat-58/44401969/,425000,1019 TK Amsterdam,51,120,2,1,1,1999
https://www.funda.nl/en/detail/koop/amsterdam/appartement-driekamerappartement-bouwnr-12/43383036/,514800,1087 VL Amsterdam,88,30,3,2,1,2027
https://www.funda.nl/en/detail/koop/amsterdam/appartement-knollendamstraat-70/43359801/,410000,1013 TN Amsterdam,47,275,3,2,1,1921
https://www.funda.nl/en/detail/koop/amsterdam/appartement-3-kamersappartement-bouwnr-d0306/43344882/,510840,1068 MT Amsterdam,71,30,3,2,1,2026
https://www.funda.nl/en/detail/koop/amsterdam/appartement-maassluisstraat-504/80828815/,475000,1062 GX Amsterdam,82,160,3,2,1,1965
https://www.funda.nl/en/detail/koop/amsterdam/appartement-nieuwe-uilenburgerstraat-13-g/44415722/,565000,1011 LM Amsterdam,65,210,3,2,1,1906
https://www.funda.nl/en/detail/koop/amsterdam/appartement-osdorpplein-961/80841397/,359000,1068 TD Amsterdam,48,50,2,1,1,2022
https://www.funda.nl/en/detail/koop/amsterdam/appartement-van-nijenrodeweg-62/44489591/,335000,1083 ED Amsterdam,33,210,1,1,1,1967
https://www.funda.nl/en/detail/koop/amsterdam/appartement-groenhoven-207/44473298/,275000,1103 LD Amsterdam,53,160,2,1,1,1975
https://www.funda.nl/en/detail/koop/amsterdam/appartement-zuid-hollandstraat-94-3/80865002/,800000,1082 EM Amsterdam,127,160,5,4,1,1963
https://www.funda.nl/en/detail/koop/amsterdam/appartement-zaagmolenstraat-2-4/89704239/,325000,1052 HC Amsterdam,38,160,2,1,1,1910
https://www.funda.nl/en/detail/koop/amsterdam/appartement-kiefskamp-93/44407602/,600000,1082 JZ Amsterdam,81,210,3,2,1,1965
https://www.funda.nl/en/detail/koop/amsterdam/appartement-droogbak-10-h/44404507/,525000,1013 GG Amsterdam,67,350,3,2,2,1845
https://www.funda.nl/en/detail/koop/amsterdam/appartement-franz-zieglerstraat-138/44478683/,450000,1087 HN Amsterdam,85,50,4,3,1,2008
https://www.funda.nl/en/detail/koop/amsterdam/appartement-huiswoudstraat-70/44495294/,615000,1087 VX Amsterdam,93,30,3,2,1,2022
https://www.funda.nl/en/detail/koop/amsterdam/appartement-lucellestraat-34-1/44496738/,400000,1055 JA Amsterdam,51,210,3,1,1,1940
https://www.funda.nl/en/detail/koop/amsterdam/appartement-kostverlorenstraat-10-3/44463157/,599000,1052 GW Amsterdam,71,120,4,2,1,1914
https://www.funda.nl/en/detail/koop/amsterdam/appartement-leksmondhof-32/80856190/,335000,1108 EN Amsterdam,77,90,3,2,1,1979
https://www.funda.nl/en/detail/koop/amsterdam/appartement-andreas-schelfhoutstraat-16/44400535/,500000,1058 HV Amsterdam,50,160,2,1,1,1974
https://www.funda.nl/en/detail/koop/amsterdam/appartement-slangenburg-111/43393213/,759000,1082 JV Amsterdam,104,160,4,3,1,1968
https://www.funda.nl/en/detail/koop/amsterdam/appartement-leusdenhof-307/44467243/,399000,1108 DP Amsterdam,92,210,5,3,1,1980
https://www.funda.nl/en/detail/koop/amsterdam/appartement-werengouw-145/44462513/,415000,1024 NP Amsterdam,60,160,3,2,1,1966
https://www.funda.nl/en/detail/koop/amsterdam/appartement-overtoom-166-1/44457780/,650000,1054 HP Amsterdam,66,90,2,1,1,1885
https://www.funda.nl/en/detail/koop/amsterdam/appartement-haardstee-176/44461670/,325000,1102 NL Amsterdam,86,210,4,2,1,1981
https://www.funda.nl/en/detail/koop/amsterdam/appartement-zeilstraat-30-3/44489955/,525000,1075 SH Amsterdam,62,120,2,2,1,1913
https://www.funda.nl/en/detail/koop/amsterdam/appartement-esmoreitstraat-35-3/44472455/,575000,1055 CB Amsterdam,65,160,4,3,1,1950
https://www.funda.nl/en/detail/koop/amsterdam/appartement-zandvoortstraat-37/80812557/,450000,1024 VT Amsterdam,88,90,3,2,1,2003
https://www.funda.nl/en/detail/koop/amsterdam/appartement-ijburglaan-896/89758274/,695000,1087 GE Amsterdam,120,90,3,2,1,2002
https://www.funda.nl/en/detail/koop/amsterdam/appartement-liftado-waterfront-95-100-bouwnr-547/43294197/,692000,1064 AB Amsterdam,89,50,3,2,1,2028
https://www.funda.nl/en/detail/koop/amsterdam/appartement-type-c-3-kamerappartement-bouwnr-a003/44452513/,444900,1069 EJ Amsterdam,64,50,3,2,1,2027
https://www.funda.nl/en/detail/koop/amsterdam/appartement-type-g-3-kamerappartement-bouwnr-a203/44452683/,419900,1069 EJ Amsterdam,61,50,3,2,1,2027
https://www.funda.nl/en/detail/koop/amsterdam/appartement-stadswoning-bouwnummer-149-bouwnr-149/43242762/,939432,1019 AK Amsterdam,116,70,3,2,1,2028
https://www.funda.nl/en/detail/koop/amsterdam/appartement-freek-oxstraat-19-2/44400413/,300000,1063 ZT Amsterdam,43,210,2,1,1,1953
https://www.funda.nl/en/detail/koop/amsterdam/appartement-valeriusterras-5-e/44461811/,2360000,1075 BK Amsterdam,142,90,4,3,1,1925
https://www.funda.nl/en/detail/koop/amsterdam/appartement-sarphatistraat-75-b/89790058/,895000,1018 EX Amsterdam,77,160,3,2,1,1904
https://www.funda.nl/en/detail/koop/amsterdam/appartement-elisabeth-wolffstraat-57-3/80884259/,525000,1053 TS Amsterdam,57,90,3,2,1,1905
https://www.funda.nl/en/detail/koop/amsterdam/appartement-type-a-bouwnr-511/43716788/,410000,1062 HE Amsterdam,50,10,2,1,1,2026
https://www.funda.nl/en/detail/koop/amsterdam/appartement-prinsengracht-289-3/44492669/,650000,1016 GW Amsterdam,106,350,5,2,1,1905
https://www.funda.nl/en/detail/koop/amsterdam/appartement-bankastraat-50-3/80859077/,575000,1094 EG Amsterdam,72,275,3,2,1,1911
https://www.funda.nl/en/detail/koop/amsterdam/appartement-bernard-zweerskade-19-3/44460758/,1000000,1077 TZ Amsterdam,184,350,7,5,1,1931
https://www.funda.nl/en/detail/koop/amsterdam/appartement-haardstee-75/44473051/,375000,1102 ND Amsterdam,86,210,4,3,1,1982
https://www.funda.nl/en/detail/koop/amsterdam/appartement-hoofdweg-318-h/44489717/,650000,1056 DA Amsterdam,71,120,2,1,1,1927
https://www.funda.nl/en/detail/koop/amsterdam/appartement-vinkenstraat-172-h/89541752/,590000,1013 JX Amsterdam,65,120,3,2,1,1937
https://www.funda.nl/en/detail/koop/amsterdam/appartement-nageljongenstraat-57/44461110/,400000,1033 PB Amsterdam,67,90,3,2,1,1983
https://www.funda.nl/en/detail/koop/amsterdam/appartement-type-b-2-kamerappartement-bouwnr-c107/44452724/,339900,1069 EJ Amsterdam,43,50,2,1,1,2027
https://www.funda.nl/en/detail/koop/amsterdam/appartement-fahrenheitsingel-45/44407155/,579000,1097 NS Amsterdam,57,160,3,2,1,1937
https://www.funda.nl/en/detail/koop/amsterdam/appartement-lex-althoffstraat-27-3/43318682/,375000,1063 ZM Amsterdam,66,275,4,2,1,1953
https://www.funda.nl/en/detail/koop/amsterdam/appartement-bestevaerstraat-33-2/44499392/,725000,1056 HG Amsterdam,78,90,3,2,1,1922
https://www.funda.nl/en/detail/koop/amsterdam/appartement-laurierstraat-77-a/44418862/,1050000,1016 PJ Amsterdam,103,90,3,2,1,1907
https://www.funda.nl/en/detail/koop/amsterdam/appartement-westlandgracht-145-2/89402530/,550000,1059 TG Amsterdam,54,160,3,2,1,1938
https://www.funda.nl/en/detail/koop/amsterdam/appartement-cortado-urban-villa-bouwnr-482/43294162/,867000,1064 AB Amsterdam,127,50,5,4,1,2028
https://www.funda.nl/en/detail/koop/amsterdam/appartement-isaac-titsinghkade-120/44476669/,1000000,1018 CA Amsterdam,103,30,3,2,1,2020
https://www.funda.nl/en/detail/koop/amsterdam/appartement-revaleiland-12/80831922/,575000,1014 ZG Amsterdam,62,90,2,1,1,2019
https://www.funda.nl/en/detail/koop/amsterdam/appartement-terrasappartementen-fase-2-bouwnr-0315-l2/43326376/,480000,1096 BN Amsterdam,54,50,2,1,1,2026
https://www.funda.nl/en/detail/koop/amsterdam/appartement-oranje-nassaulaan-17-a/43398547/,3000000,1075 AH Amsterdam,149,70,3,2,1,1918
https://www.funda.nl/en/detail/koop/amsterdam/appartement-oeverpad-242/44400166/,365000,1068 PJ Amsterdam,78,90,3,2,1,1998
https://www.funda.nl/en/detail/koop/amsterdam/appartement-blancefloorstraat-13-2/44496244/,425000,1055 TC Amsterdam,55,210,4,2,1,1939
https://www.funda.nl/en/detail/koop/amsterdam/appartement-madurastraat-65-d/44426028/,565000,1094 GH Amsterdam,71,350,3,2,1,1913
https://www.funda.nl/en/detail/koop/amsterdam/appartement-eerste-jacob-van-campenstraat-53-h/44410144/,875000,1072 BD Amsterdam,95,90,4,3,1,1906
https://www.funda.nl/en/detail/koop/amsterdam/appartement-faas-wilkesstraat-333/43210753/,719000,1095 MD Amsterdam,101,50,3,2,1,2020
https://www.funda.nl/en/detail/koop/amsterdam/appartement-johannes-meewisstraat-42-h/43795099/,550000,1063 CH Amsterdam,91,275,5,3,1,1955
https://www.funda.nl/en/detail/koop/amsterdam/appartement-milletstraat-42-3/44454529/,1595000,1077 ZE Amsterdam,169,160,4,3,1,1931
https://www.funda.nl/en/detail/koop/amsterdam/appartement-pythagorasstraat-73-1/44408030/,925000,1098 EX Amsterdam,116,210,6,4,1,1929
https://www.funda.nl/en/detail/koop/amsterdam/appartement-roetersstraat-18-h/44485412/,875000,1018 WD Amsterdam,108,160,5,3,1,1890
https://www.funda.nl/en/detail/koop/amsterdam/appartement-westlandgracht-77-1/89707862/,499000,1058 TP Amsterdam,56,210,4,2,1,1934
https://www.funda.nl/en/detail/koop/amsterdam/appartement-van-spilbergenstraat-9-1/44419762/,400000,1057 PV Amsterdam,47,210,3,2,1,1925
https://www.funda.nl/en/detail/koop/amsterdam/appartement-type-a-bouwnr-619/43716759/,399000,1062 HE Amsterdam,50,10,2,1,1,2026
https://www.funda.nl/en/detail/koop/amsterdam/appartement-werengouw-202/44482799/,485000,1024 NN Amsterdam,70,30,3,2,1,2025
https://www.funda.nl/en/detail/koop/amsterdam/appartement-de-rijpgracht-29-1/80879248/,475000,1056 XR Amsterdam,51,90,3,2,1,1933
https://www.funda.nl/en/detail/koop/amsterdam/appartement-tweede-hugo-de-grootstraat-16-3/44403580/,447500,1052 LC Amsterdam,52,120,2,1,1,1882
https://www.funda.nl/en/detail/koop/amsterdam/appartement-osdorpplein-983/44492860/,350000,1068 TD Amsterdam,47,90,2,1,1,2022
https://www.funda.nl/en/detail/koop/amsterdam/appartement-terras-appartement-bouwnr-40/43048891/,640000,1061 AR Amsterdam,76,30,3,2,1,2027
https://www.funda.nl/en/detail/koop/amsterdam/appartement-kempenlaan-91/80825745/,630000,1066 RA Amsterdam,135,90,5,3,1,1994
https://www.funda.nl/en/detail/koop/amsterdam/appartement-bilderdijkstraat-181-3a/43328000/,495000,1053 KR Amsterdam,61,210,2,1,1,1891
https://www.funda.nl/en/detail/koop/amsterdam/appartement-rietlandpark-97/44414949/,600000,1019 DS Amsterdam,81,90,3,2,1,2001
https://www.funda.nl/en/detail/koop/amsterdam/appartement-westerdoksdijk-637/43381554/,1185000,1013 BX Amsterdam,146,70,4,3,2,2009
https://www.funda.nl/en/detail/koop/amsterdam/appartement-van-gentstraat-33-2/44479146/,395000,1055 PB Amsterdam,48,275,3,2,1,1936
https://www.funda.nl/en/detail/koop/amsterdam/appartement-mosveld-98-b/80889250/,370000,1032 GG Amsterdam,44,90,2,1,1,1929
https://www.funda.nl/en/detail/koop/amsterdam/appartement-welnastraat-355/43237502/,275000,1096 GJ Amsterdam,28,90,1,1,1,2014
https://www.funda.nl/en/detail/koop/amsterdam/appartement-burgemeester-hogguerstraat-267/44491861/,385000,1064 CP Amsterdam,78,120,4,2,1,1965
https://www.funda.nl/en/detail/koop/amsterdam/appartement-maisonnette-bouwnr-d0003/43344826/,655840,1068 MT Amsterdam,95,30,4,3,1,2026
https://www.funda.nl/en/detail/koop/amsterdam/appartement-kaasjeskruidstraat-60/44478419/,399000,1032 LS Amsterdam,44,50,2,1,1,2018
https://www.funda.nl/en/detail/koop/amsterdam/appartement-marnixstraat-305-1/44414917/,385000,1015 WN Amsterdam,45,160,2,1,1,1886
https://www.funda.nl/en/detail/koop/amsterdam/appartement-tosaristraat-19/44467000/,675000,1019 RT Amsterdam,87,70,3,2,1,1997
https://www.funda.nl/en/detail/koop/amsterdam/appartement-don-boscostraat-391/44420981/,619000,1068 TH Amsterdam,77,30,3,2,1,2026
https://www.funda.nl/en/detail/koop/amsterdam/appartement-apollolaan-191-2/44406687/,3100000,1077 AW Amsterdam,198,275,4,3,1,1931
https://www.funda.nl/en/detail/koop/amsterdam/appartement-crynssenstraat-54-h/43353368/,835000,1058 XX Amsterdam,92,120,4,3,1,1927
https://www.funda.nl/en/detail/koop/amsterdam/appartement-insulindeweg-641/44415377/,450000,1095 CZ Amsterdam,61,160,2,1,1,1987
https://www.funda.nl/en/detail/koop/amsterdam/appartement-stadhouderskade-21-d/80833848/,1165000,1054 ES Amsterdam,139,160,3,2,1,1991
https://www.funda.nl/en/detail/koop/amsterdam/appartement-barentszplein-3-h/44425597/,1250000,1013 NJ Amsterdam,128,160,4,3,1,1906
https://www.funda.nl/en/detail/koop/amsterdam/appartement-nicolaas-anslijnstraat-137/89775781/,365000,1068 WV Amsterdam,80,120,3,2,1,1962
https://www.funda.nl/en/detail/koop/amsterdam/appartement-herculesstraat-58-b/44474302/,495000,1076 SP Amsterdam,56,160,4,2,1,1931
https://www.funda.nl/en/detail/koop/amsterdam/appartement-ij-boysstraat-47/43295045/,420000,1022 LP Amsterdam,70,50,3,2,1,2020
https://www.funda.nl/en/detail/koop/amsterdam/appartement-marco-polostraat-266-2/44419020/,350000,1056 DR Amsterdam,45,350,3,2,1,1926
https://www.funda.nl/en/detail/koop/amsterdam/appartement-rustenburgerdwarsstraat-12-h/80823538/,475000,1074 JJ Amsterdam,51,90,2,1,1,1899
https://www.funda.nl/en/detail/koop/amsterdam/appartement-orteliusstraat-223-h/44499402/,675000,1056 NR Amsterdam,73,120,3,2,1,1927
https://www.funda.nl/en/detail/koop/amsterdam/appartement-balboastraat-25-1/44426115/,465000,1057 VT Amsterdam,54,90,3,2,1,1928
https://www.funda.nl/en/detail/koop/amsterdam/appartement-nieuwpoortstraat-86-a3/44474256/,500000,1055 RZ Amsterdam,61,90,2,1,1,2017
https://www.funda.nl/en/detail/koop/amsterdam/appartement-plantage-parklaan-11-h/44484069/,980000,1018 ST Amsterdam,116,120,4,3,1,1866
https://www.funda.nl/en/detail/koop/amsterdam/appartement-sassenheimstraat-28-1/44454374/,425000,1059 BH Amsterdam,57,210,3,1,1,1930
https://www.funda.nl/en/detail/koop/amsterdam/appartement-libau-eiland-29/44463831/,395000,1014 ZK Amsterdam,37,50,1,1,1,2025
https://www.funda.nl/en/detail/koop/amsterdam/appartement-papaverweg-49/44490735/,950000,1032 KE Amsterdam,123,50,5,4,2,2017
https://www.funda.nl/en/detail/koop/amsterdam/appartement-2-kamer-appartement-bouwnr-349/43276257/,340370,1102 AK Amsterdam,49,50,2,1,1,2020
https://www.funda.nl/en/detail/koop/amsterdam/appartement-type-c3-bouwnr-14/43229771/,1250000,1081 LA Amsterdam,97,30,3,2,1,2020
https://www.funda.nl/en/detail/koop/amsterdam/appartement-uiterwaardenstraat-217-a/89772144/,760000,1079 CN Amsterdam,93,90,4,3,1,2007
https://www.funda.nl/en/detail/koop/amsterdam/appartement-rhijnvis-feithstraat-58-1/44473157/,495000,1054 VA Amsterdam,69,450,3,2,1,1911
https://www.funda.nl/en/detail/koop/amsterdam/appartement-dintelstraat-35-1/44471503/,575000,1078 VN Amsterdam,78,210,3,2,1,1931
https://www.funda.nl/en/detail/koop/amsterdam/appartement-lange-leidsedwarsstraat-103-1b/44496840/,450000,1017 NJ Amsterdam,40,90,2,1,1,1906
https://www.funda.nl/en/detail/koop/amsterdam/appartement-barbusselaan-175/80821531/,325000,1102 TT Amsterdam,70,160,3,2,1,1984
https://www.funda.nl/en/detail/koop/amsterdam/appartement-donker-curtiusstraat-91/44457464/,800000,1051 MC Amsterdam,104,90,3,2,1,1998
https://www.funda.nl/en/detail/koop/amsterdam/appartement-lindengracht-8-d/44425766/,1175000,1015 KJ Amsterdam,126,120,4,3,1,1991
https://www.funda.nl/en/detail/koop/amsterdam/appartement-wittenburgergracht-49/43386629/,950000,1018 MX Amsterdam,136,160,4,3,1,1662
https://www.funda.nl/en/detail/koop/amsterdam/appartement-van-heenvlietlaan-284-k/44470089/,245000,1083 CN Amsterdam,24,210,1,1,1,1977
https://www.funda.nl/en/detail/koop/amsterdam/appartement-grensstraat-43-o/43331623/,1100000,1091 SW Amsterdam,115,160,4,3,1,1885
https://www.funda.nl/en/detail/koop/amsterdam/appartement-transvaalkade-131-1/44428339/,500000,1091 LT Amsterdam,57,90,2,1,1,1928
https://www.funda.nl/en/detail/koop/amsterdam/appartement-4-kamerappartement-bouwnr-e0002/44478916/,650000,1068 MT Amsterdam,82,30,4,3,1,2026
https://www.funda.nl/en/detail/koop/amsterdam/appartement-rokin-50-c/44425160/,475000,1012 KV Amsterdam,49,90,2,1,1,1740
https://www.funda.nl/en/detail/koop/amsterdam/appartement-hoofdweg-345-1/43344833/,450000,1056 CN Amsterdam,56,160,3,2,1,1927
https://www.funda.nl/en/detail/koop/amsterdam/appartement-plantage-muidergracht-161-3/80861268/,1350000,1018 TT Amsterdam,154,350,7,4,1,1915
https://www.funda.nl/en/detail/koop/amsterdam/appartement-goudsbloemstraat-159/80834411/,875000,1015 JM Amsterdam,88,90,3,2,1,2012
https://www.funda.nl/en/detail/koop/amsterdam/appartement-appartement-bouwnr-526/43040085/,730000,1025 WL Amsterdam,118,50,4,3,1,2020
https://www.funda.nl/en/detail/koop/amsterdam/appartement-spaarndammerstraat-75-a1/44462297/,450000,1013 TB Amsterdam,51,160,2,1,1,1908
https://www.funda.nl/en/detail/koop/amsterdam/appartement-cabotstraat-23-h/80823428/,665000,1057 VP Amsterdam,79,160,3,2,1,1929
https://www.funda.nl/en/detail/koop/amsterdam/appartement-amstelveenseweg-970-c/89709155/,1450000,1081 JR Amsterdam,163,90,4,3,1,2015
https://www.funda.nl/en/detail/koop/amsterdam/appartement-amerbos-249/44497008/,349011,1025 ZD Amsterdam,58,350,2,1,1,1969
https://www.funda.nl/en/detail/koop/amsterdam/appartement-willem-augustinstraat-131/44427090/,600000,1061 MJ Amsterdam,96,90,3,2,1,2013
https://www.funda.nl/en/detail/koop/amsterdam/appartement-theophile-de-bockstraat-77-3/44462496/,925000,1058 VA Amsterdam,107,120,5,3,1,1934
https://www.funda.nl/en/detail/koop/amsterdam/appartement-3-kamersappartement-bouwnr-d0307/43344899/,510840,1068 MT Amsterdam,69,30,3,2,1,2026
https://www.funda.nl/en/detail/koop/amsterdam/appartement-stolwijkstraat-26-1/44421656/,475000,1059 XX Amsterdam,54,160,3,2,1,1929
https://www.funda.nl/en/detail/koop/amsterdam/appartement-memeleiland-26/44409910/,850000,1014 ZL Amsterdam,100,50,3,2,1,2018
https://www.funda.nl/en/detail/koop/amsterdam/appartement-mensinge-48/43344991/,915000,1083 HD Amsterdam,167,120,5,3,1,1968
https://www.funda.nl/en/detail/koop/amsterdam/appartement-andreasplein-57/44475269/,920000,1058 GD Amsterdam,108,70,4,3,1,2009
https://www.funda.nl/en/detail/koop/amsterdam/appartement-honselersdijkstraat-14-4/89543664/,425000,1059 GC Amsterdam,61,210,3,2,1,1960
https://www.funda.nl/en/detail/koop/amsterdam/appartement-type-a-3-kamerappartement-bouwnr-c101/44452578/,454900,1069 EJ Amsterdam,64,50,3,2,1,2027
https://www.funda.nl/en/detail/koop/amsterdam/appartement-arent-janszoon-ernststraat-271/80811669/,650000,1083 JN Amsterdam,98,90,4,3,1,1986
https://www.funda.nl/en/detail/koop/amsterdam/appartement-potvisstraat-1-b/44427214/,200000,1035 HH Amsterdam,25,160,1,1,1,1991
https://www.funda.nl/en/detail/koop/amsterdam/appartement-waterpoortsteeg-1/80861154/,320000,1012 BJ Amsterdam,32,275,2,1,1,1743
https://www.funda.nl/en/detail/koop/amsterdam/appartement-leen-jongewaardkade-5-b/44453074/,1525000,1031 HS Amsterdam,172,70,8,4,1,2020
https://www.funda.nl/en/detail/koop/amsterdam/appartement-type-a-3-kamerappartement-bouwnr-c202/44452570/,452900,1069 EJ Amsterdam,64,50,3,2,1,2027
https://www.funda.nl/en/detail/koop/amsterdam/appartement-2-kamer-appartement-bouwnr-375/43276243/,365370,1102 AK Amsterdam,48,50,2,1,1,2020
https://www.funda.nl/en/detail/koop/amsterdam/appartement-cornelis-krusemanstraat-23-1/44476497/,895000,1075 NC Amsterdam,87,160,3,2,1,1923
https://www.funda.nl/en/detail/koop/amsterdam/appartement-orange-polly-bouwnr-139/43169650/,384000,1032 KW Amsterdam,43,30,2,1,1,2025
https://www.funda.nl/en/detail/koop/amsterdam/appartement-van-heenvlietlaan-272-a/43261899/,225000,1083 CN Amsterdam,23,160,1,1,1,1977
https://www.funda.nl/en/detail/koop/amsterdam/appartement-frans-van-mierisstraat-36-4/80835876/,795000,1071 RT Amsterdam,67,160,3,2,1,1910
https://www.funda.nl/en/detail/koop/amsterdam/appartement-deurloostraat-52-2/44482887/,735000,1078 JD Amsterdam,80,120,4,2,1,1928
https://www.funda.nl/en/detail/koop/amsterdam/appartement-karthuizersplantsoen-9/44421855/,1500000,1015 LS Amsterdam,200,90,4,3,2,1902
https://www.funda.nl/en/detail/koop/amsterdam/appartement-wamelstraat-140/44409295/,300000,1106 DN Amsterdam,66,90,3,2,1,1982
https://www.funda.nl/en/detail/koop/amsterdam/appartement-eerste-passeerdersdwarsstraat-76/80878989/,475000,1016 XD Amsterdam,77,160,2,1,1,1900
https://www.funda.nl/en/detail/koop/amsterdam/appartement-anjeliersstraat-57/80844689/,350000,1015 ND Amsterdam,29,160,2,1,1,2011
https://www.funda.nl/en/detail/koop/amsterdam/appartement-van-nijenrodeweg-534/44459769/,350000,1082 HR Amsterdam,33,160,2,1,1,1965
https://www.funda.nl/en/detail/koop/amsterdam/appartement-wijenburg-68/44486821/,480000,1082 VW Amsterdam,65,160,3,2,1,1963
https://www.funda.nl/en/detail/koop/amsterdam/appartement-appartement-bouwnummer-260-bouwnr-260/43241058/,645286,1019 AK Amsterdam,77,70,3,2,1,2028
https://www.funda.nl/en/detail/koop/amsterdam/appartement-van-nijenrodeweg-824/44402821/,335000,1082 JL Amsterdam,33,160,2,1,1,1964
https://www.funda.nl/en/detail/koop/amsterdam/appartement-terrasappartement-bouwnr-35/43053899/,930000,1061 AV Amsterdam,109,30,4,3,1,2027
https://www.funda.nl/en/detail/koop/amsterdam/appartement-keizersgracht-138-c/44452591/,649000,1015 CW Amsterdam,74,160,3,1,1,1730
https://www.funda.nl/en/detail/koop/amsterdam/appartement-spadinalaan-699/43325661/,1850000,1031 KB Amsterdam,189,70,4,3,1,2020
https://www.funda.nl/en/detail/koop/amsterdam/appartement-binnenkant-20-f/43311981/,825000,1011 BH Amsterdam,104,90,3,2,1,1884
https://www.funda.nl/en/detail/koop/amsterdam/appartement-narva-eiland-179/44471409/,595000,1014 ZJ Amsterdam,62,90,3,2,1,2019
https://www.funda.nl/en/detail/koop/amsterdam/appartement-bonaireplein-2-1/44405744/,450000,1058 XB Amsterdam,56,210,3,2,1,1931
https://www.funda.nl/en/detail/koop/amsterdam/appartement-leerdamhof-168/80818410/,345000,1108 BP Amsterdam,71,120,3,2,1,1980
https://www.funda.nl/en/detail/koop/amsterdam/appartement-bartholomeus-diazstraat-12-1/80874695/,420000,1057 TB Amsterdam,50,160,3,2,1,1925
https://www.funda.nl/en/detail/koop/amsterdam/appartement-merckenburg-42/44499050/,425000,1082 BT Amsterdam,78,210,3,2,1,1963
https://www.funda.nl/en/detail/koop/amsterdam/appartement-brouwersgracht-180-d/43335085/,2850000,1013 HC Amsterdam,225,90,4,3,1,2010
https://www.funda.nl/en/detail/koop/amsterdam/appartement-conradstraat-106-h/44421083/,615000,1018 NL Amsterdam,58,160,3,2,1,1889
https://www.funda.nl/en/detail/koop/amsterdam/appartement-vrijburg-11/43358498/,449000,1068 PN Amsterdam,95,90,4,3,1,1986
https://www.funda.nl/en/detail/koop/amsterdam/appartement-orteliusstraat-112-h/43310920/,425000,1057 BG Amsterdam,51,210,3,2,1,1935
https://www.funda.nl/en/detail/koop/amsterdam/appartement-ruysdaelkade-95-a/80865970/,725000,1072 AM Amsterdam,71,160,3,2,1,1893
https://www.funda.nl/en/detail/koop/amsterdam/appartement-beukenplein-39/44483974/,815000,1092 BB Amsterdam,91,90,4,3,1,1997
https://www.funda.nl/en/detail/koop/amsterdam/appartement-crynssenstraat-59-2/44492441/,485000,1058 XV Amsterdam,54,160,3,2,1,1928
https://www.funda.nl/en/detail/koop/amsterdam/appartement-pieter-calandlaan-46-2/44484980/,450000,1065 KP Amsterdam,75,70,4,3,1,1958
https://www.funda.nl/en/detail/koop/amsterdam/appartement-venetiehof-196/44407998/,650000,1019 NE Amsterdam,89,90,3,2,1,1995
https://www.funda.nl/en/detail/koop/amsterdam/appartement-ookmeerweg-18-b/44421667/,450000,1068 ZX Amsterdam,87,50,3,2,1,2007
https://www.funda.nl/en/detail/koop/amsterdam/appartement-stadionweg-158/43211543/,1150000,1077 TA Amsterdam,113,160,3,2,1,1957
https://www.funda.nl/en/detail/koop/amsterdam/appartement-amerbos-34/80839867/,235000,1025 ZM Amsterdam,28,160,1,1,1,1966
https://www.funda.nl/en/detail/koop/amsterdam/appartement-jan-evertsenstraat-24-2/89788549/,425000,1056 EC Amsterdam,56,120,2,1,1,1926
https://www.funda.nl/en/detail/koop/amsterdam/appartement-grensstraat-27-o/44480321/,1240000,1091 SW Amsterdam,134,160,4,3,1,1885
https://www.funda.nl/en/detail/koop/amsterdam/appartement-type-b-2-kamerappartement-bouwnr-c002/44452711/,339900,1069 EJ Amsterdam,43,50,2,1,1,2027
https://www.funda.nl/en/detail/koop/amsterdam/appartement-zuidelijke-wandelweg-97/43331973/,1550000,1079 RK Amsterdam,143,50,4,3,1,2017
https://www.funda.nl/en/detail/koop/amsterdam/appartement-brouwersgracht-155-e/43347561/,895000,1015 GG Amsterdam,102,90,3,2,1,1906
https://www.funda.nl/en/detail/koop/amsterdam/appartement-johannes-van-der-waalsstraat-20-2/44419378/,535000,1098 PK Amsterdam,70,160,3,2,1,1955
https://www.funda.nl/en/detail/koop/amsterdam/appartement-kromme-mijdrechtstraat-71-1/44413119/,495000,1079 KS Amsterdam,53,90,3,2,1,1926
https://www.funda.nl/en/detail/koop/amsterdam/appartement-admiraal-de-ruijterweg-386-3/80870386/,550000,1055 NC Amsterdam,63,160,3,2,1,1923
https://www.funda.nl/en/detail/koop/amsterdam/appartement-van-breestraat-148-2/43106057/,2550000,1071 ZW Amsterdam,135,90,6,3,1,1901
https://www.funda.nl/en/detail/koop/amsterdam/appartement-evertsweertplantsoen-124/44400135/,375000,1069 RL Amsterdam,70,90,2,1,1,2008
https://www.funda.nl/en/detail/koop/amsterdam/appartement-tweede-atjehstraat-32-2/44454266/,465000,1094 LH Amsterdam,57,160,2,1,1,1905
https://www.funda.nl/en/detail/koop/amsterdam/appartement-baffinstraat-35-h/44454484/,500000,1057 SW Amsterdam,55,120,3,2,1,1927
https://www.funda.nl/en/detail/koop/amsterdam/appartement-zeeburgerkade-614/44413785/,775000,1019 HS Amsterdam,113,160,3,2,1,1898
https://www.funda.nl/en/detail/koop/amsterdam/appartement-3-kamerappartement-bouwnr-e0407/44478909/,530000,1068 MT Amsterdam,69,30,3,2,1,2020
https://www.funda.nl/en/detail/koop/amsterdam/appartement-van-nijenrodeweg-80/43214357/,580000,1083 EE Amsterdam,87,120,4,2,1,1967
https://www.funda.nl/en/detail/koop/amsterdam/appartement-eerste-jan-steenstraat-72-2/89780681/,525000,1072 NN Amsterdam,54,120,3,2,1,1886
https://www.funda.nl/en/detail/koop/amsterdam/appartement-hiraistraat-5-b95/43241639/,644000,1101 DA Amsterdam,93,30,3,2,1,2020
https://www.funda.nl/en/detail/koop/amsterdam/appartement-molukkenstraat-69-4/80821038/,450000,1095 AX Amsterdam,50,90,2,1,1,1912
https://www.funda.nl/en/detail/koop/amsterdam/appartement-knsm-laan-375/43266782/,650000,1019 LG Amsterdam,85,120,2,1,1,1995
https://www.funda.nl/en/detail/koop/amsterdam/appartement-3-kamerappartement-bouwnr-e0301/44478998/,508000,1068 MT Amsterdam,64,30,3,2,1,2020
https://www.funda.nl/en/detail/koop/amsterdam/appartement-van-heenvlietlaan-232-e/43316357/,240000,1083 CN Amsterdam,23,160,1,1,1,1977
https://www.funda.nl/en/detail/koop/amsterdam/appartement-vondelstraat-112-3/44490308/,1425000,1054 GR Amsterdam,162,160,5,2,1,1882
https://www.funda.nl/en/detail/koop/amsterdam/appartement-ten-katestraat-61-1/43338451/,400000,1053 BZ Amsterdam,45,120,2,1,1,1894
https://www.funda.nl/en/detail/koop/amsterdam/appartement-karel-du-jardinstraat-64-1/80874686/,725000,1073 TD Amsterdam,73,160,3,2,1,1921
https://www.funda.nl/en/detail/koop/amsterdam/appartement-vondelstraat-72-h/44406345/,420000,1054 GN Amsterdam,34,210,2,1,1,1896
https://www.funda.nl/en/detail/koop/amsterdam/appartement-hoogte-kadijk-66-2/44484576/,700000,1018 BP Amsterdam,77,210,3,2,1,1854
https://www.funda.nl/en/detail/koop/amsterdam/appartement-kanaalstraat-65-d/43341674/,400000,1054 XA Amsterdam,41,210,2,1,1,1901
https://www.funda.nl/en/detail/koop/amsterdam/appartement-mauvestraat-40-1/44451483/,450000,1073 RM Amsterdam,50,160,2,1,1,1923
https://www.funda.nl/en/detail/koop/amsterdam/appartement-carolina-macgillavrylaan-134/43345885/,450000,1098 XA Amsterdam,62,90,3,2,1,2007
https://www.funda.nl/en/detail/koop/amsterdam/appartement-van-ostadestraat-181-3/80840999/,565000,1073 TL Amsterdam,58,160,3,2,1,1904
https://www.funda.nl/en/detail/koop/amsterdam/appartement-ij-boysstraat-63/43295138/,540000,1022 LP Amsterdam,101,50,5,3,1,2020
https://www.funda.nl/en/detail/koop/amsterdam/appartement-eastonstraat-8/89701502/,290000,1068 HZ Amsterdam,77,275,3,2,1,1962
https://www.funda.nl/en/detail/koop/amsterdam/appartement-sloterkade-128-h/44467004/,495000,1058 HM Amsterdam,56,160,2,1,1,1900
https://www.funda.nl/en/detail/koop/amsterdam/appartement-tielstraat-37/80881404/,315000,1107 RA Amsterdam,70,90,3,2,1,1984
https://www.funda.nl/en/detail/koop/amsterdam/appartement-metselstraat-15/44405640/,575000,1019 VH Amsterdam,64,90,2,1,1,2019
https://www.funda.nl/en/detail/koop/amsterdam/appartement-niersstraat-22-3/43352060/,1250000,1078 VK Amsterdam,165,350,6,5,1,1930
https://www.funda.nl/en/detail/koop/amsterdam/appartement-type-a-3-kamerappartement-bouwnr-c406/44452595/,464900,1069 EJ Amsterdam,64,50,3,2,1,2027
https://www.funda.nl/en/detail/koop/amsterdam/appartement-waverstraat-79-2/80826009/,400000,1079 VJ Amsterdam,52,160,2,1,1,1924
https://www.funda.nl/en/detail/koop/amsterdam/appartement-albert-cuypstraat-200-1/80856567/,400000,1073 BL Amsterdam,48,210,3,1,1,1891
https://www.funda.nl/en/detail/koop/amsterdam/appartement-zuideinde-366-7/89509715/,775000,1035 PP Amsterdam,117,30,3,2,1,2020
https://www.funda.nl/en/detail/koop/amsterdam/appartement-leerdamhof-149/80874497/,399000,1108 BN Amsterdam,88,90,4,3,1,1980
https://www.funda.nl/en/detail/koop/amsterdam/appartement-appartement-bouwnummer-127-bouwnr-127/43143859/,670284,1019 AK Amsterdam,77,70,3,2,1,2028
https://www.funda.nl/en/detail/koop/amsterdam/appartement-meerluststraat-248/43278621/,390000,1022 LM Amsterdam,67,50,3,2,1,2020
https://www.funda.nl/en/detail/koop/amsterdam/appartement-vivre-parkvilla-12-bouwnr-75/43918043/,730000,1025 WK Amsterdam,120,30,4,3,1,2027
https://www.funda.nl/en/detail/koop/amsterdam/appartement-vier-vijfkamerappartement-bouwnr-63/43369122/,879450,1087 LA Amsterdam,143,30,5,4,1,2027
https://www.funda.nl/en/detail/koop/amsterdam/appartement-maisonnette-bouwnr-d0005/43344828/,655840,1068 MT Amsterdam,98,30,4,3,1,2026
https://www.funda.nl/en/detail/koop/amsterdam/appartement-leen-jongewaardkade-7/44469676/,1300000,1031 HS Amsterdam,145,50,4,3,3,2023
https://www.funda.nl/en/detail/koop/amsterdam/appartement-type-a-bouwnr-402/43716780/,405000,1062 HE Amsterdam,50,10,2,1,1,2026
https://www.funda.nl/en/detail/koop/amsterdam/appartement-bertrand-russellstraat-44/80862269/,925000,1097 HL Amsterdam,124,90,3,2,1,1991
https://www.funda.nl/en/detail/koop/amsterdam/appartement-stadswoning-bouwnummer-148-bouwnr-148/43242761/,801497,1019 AK Amsterdam,98,70,3,2,1,2028
https://www.funda.nl/en/detail/koop/amsterdam/appartement-ijburglaan-678/44484800/,725000,1087 CE Amsterdam,115,90,3,2,1,2003
https://www.funda.nl/en/detail/koop/amsterdam/appartement-2-kamersappartement-bouwnr-d0402/43343204/,402840,1068 MT Amsterdam,48,30,2,1,1,2026
https://www.funda.nl/en/detail/koop/amsterdam/appartement-johan-greivestraat-49/44402752/,632500,1061 AT Amsterdam,80,30,3,2,1,2020
https://www.funda.nl/en/detail/koop/amsterdam/appartement-pieter-cornelisz-hooftstraat-152-a/44420133/,2550000,1071 CG Amsterdam,141,90,5,3,1,2023
https://www.funda.nl/en/detail/koop/amsterdam/appartement-van-heenvlietlaan-156/80844187/,625000,1083 CM Amsterdam,116,275,4,3,1,1969
https://www.funda.nl/en/detail/koop/amsterdam/appartement-tweede-sweelinckstraat-5-b/89768580/,500000,1073 EG Amsterdam,51,90,2,1,1,2006
https://www.funda.nl/en/detail/koop/amsterdam/appartement-cortado-urban-80-95-bouwnr-486/43206207/,590000,1064 AB Amsterdam,83,50,4,3,1,2028
https://www.funda.nl/en/detail/koop/amsterdam/appartement-orteliusstraat-217-2/44413909/,450000,1056 NR Amsterdam,49,210,3,2,1,1927
https://www.funda.nl/en/detail/koop/amsterdam/appartement-brederodestraat-32-2/43157200/,1750000,1054 MV Amsterdam,184,90,5,4,1,1900
https://www.funda.nl/en/detail/koop/amsterdam/appartement-nassaukade-306-1/44492228/,699000,1053 LP Amsterdam,81,160,3,2,1,1897
https://www.funda.nl/en/detail/koop/amsterdam/appartement-boomstraat-71/44406770/,2100000,1015 LB Amsterdam,220,90,3,2,1,1950
https://www.funda.nl/en/detail/koop/amsterdam/appartement-staalstraat-14-3/44415607/,535000,1011 JL Amsterdam,66,350,2,1,1,1758
https://www.funda.nl/en/detail/koop/amsterdam/appartement-uiterwaardenstraat-85-2/44499259/,600000,1079 BT Amsterdam,73,160,4,2,1,1935
https://www.funda.nl/en/detail/koop/amsterdam/appartement-kraijenhoffstraat-30-1/44473673/,365000,1018 RL Amsterdam,38,275,2,1,1,1936
https://www.funda.nl/en/detail/koop/amsterdam/appartement-beysterveld-65/43242250/,950000,1083 KB Amsterdam,194,90,4,3,2,1988
https://www.funda.nl/en/detail/koop/amsterdam/appartement-savelsbos-56/43357411/,350000,1025 BG Amsterdam,76,210,4,3,1,1967
https://www.funda.nl/en/detail/koop/amsterdam/appartement-willem-molengraaffstraat-2-2/80811445/,325000,1063 LE Amsterdam,61,120,3,2,1,1955
https://www.funda.nl/en/detail/koop/amsterdam/appartement-grote-bickersstraat-50-b/44417229/,749000,1013 KS Amsterdam,76,160,4,2,1,1876
https://www.funda.nl/en/detail/koop/amsterdam/appartement-nassaukade-106-1/44470713/,740000,1052 CZ Amsterdam,76,90,3,2,1,1882
https://www.funda.nl/en/detail/koop/amsterdam/appartement-wilhelminastraat-5-1/44454641/,495000,1054 VT Amsterdam,52,210,2,1,1,1899
https://www.funda.nl/en/detail/koop/amsterdam/appartement-type-a-bouwnr-508/43716786/,410000,1062 HE Amsterdam,50,10,2,1,1,2026
https://www.funda.nl/en/detail/koop/amsterdam/appartement-ruyschstraat-52-4/43373104/,650000,1091 CD Amsterdam,80,210,3,2,1,1906
https://www.funda.nl/en/detail/koop/amsterdam/appartement-spaarndammerstraat-129-2/44415835/,400000,1013 TE Amsterdam,50,90,2,1,1,1884
https://www.funda.nl/en/detail/koop/amsterdam/appartement-president-kennedylaan-236-2/44408836/,575000,1079 NT Amsterdam,72,210,3,2,1,1934
https://www.funda.nl/en/detail/koop/amsterdam/appartement-wolbrantskerkweg-104-h/80842479/,485000,1069 DA Amsterdam,90,90,3,2,1,2005
https://www.funda.nl/en/detail/koop/amsterdam/appartement-van-leijenberghlaan-4-n/43285830/,1600000,1082 GM Amsterdam,214,90,5,3,1,2004
https://www.funda.nl/en/detail/koop/amsterdam/appartement-reguliersdwarsstraat-95-c/80831178/,569000,1017 BK Amsterdam,70,90,3,2,1,1717
https://www.funda.nl/en/detail/koop/amsterdam/appartement-elckerlijcstraat-35/43332755/,800000,1055 AK Amsterdam,120,90,5,4,1,2008
https://www.funda.nl/en/detail/koop/amsterdam/appartement-witte-de-withstraat-121-4/44405670/,875000,1057 XR Amsterdam,97,90,3,2,1,1906
https://www.funda.nl/en/detail/koop/amsterdam/appartement-realengracht-178/43347290/,1100000,1013 KW Amsterdam,126,210,3,2,1,1981
https://www.funda.nl/en/detail/koop/amsterdam/appartement-tweede-van-swindenstraat-186-h/44474623/,695000,1093 XA Amsterdam,75,160,3,2,2,1893
https://www.funda.nl/en/detail/koop/amsterdam/appartement-laan-der-hesperiden-16-1/44489220/,495000,1076 DK Amsterdam,64,160,3,2,1,1928
https://www.funda.nl/en/detail/koop/amsterdam/appartement-hoekslootstraat-27-b/44400347/,414900,1069 EJ Amsterdam,61,50,3,2,1,2027
https://www.funda.nl/en/detail/koop/amsterdam/appartement-albert-neuhuysstraat-14-4/44470153/,750000,1058 SB Amsterdam,61,90,4,3,1,1932
https://www.funda.nl/en/detail/koop/amsterdam/appartement-piet-gijzenbrugstraat-42-h/43343059/,750000,1059 XK Amsterdam,78,210,3,2,1,1933
https://www.funda.nl/en/detail/koop/amsterdam/appartement-vondelstraat-29-1/44403686/,1000000,1054 GJ Amsterdam,92,160,2,1,1,1892
https://www.funda.nl/en/detail/koop/amsterdam/appartement-gerrit-van-der-veenstraat-171-2/43311970/,1100000,1077 EB Amsterdam,191,210,6,4,1,1927
https://www.funda.nl/en/detail/koop/amsterdam/appartement-waalstraat-28-a3/43351025/,450000,1078 BT Amsterdam,42,70,2,1,1,1922
https://www.funda.nl/en/detail/koop/amsterdam/appartement-narva-eiland-7/44484504/,800000,1014 ZJ Amsterdam,88,90,3,2,1,2019
https://www.funda.nl/en/detail/koop/amsterdam/appartement-frans-van-mierisstraat-99-2/44401566/,760000,1071 RN Amsterdam,75,210,3,1,1,1900
https://www.funda.nl/en/detail/koop/amsterdam/appartement-titus-van-rijnstraat-274/43254699/,730000,1058 GB Amsterdam,85,50,3,2,1,2009
https://www.funda.nl/en/detail/koop/amsterdam/appartement-johan-greivestraat-85/44402860/,702500,1061 AT Amsterdam,90,30,3,2,1,2020
https://www.funda.nl/en/detail/koop/amsterdam/appartement-rozenstraat-175-1/89720987/,475000,1016 NR Amsterdam,45,450,2,1,1,1933
https://www.funda.nl/en/detail/koop/amsterdam/appartement-andreas-schelfhoutstraat-41-4/43200120/,675000,1058 HS Amsterdam,68,90,4,3,1,1938
https://www.funda.nl/en/detail/koop/amsterdam/appartement-chassestraat-71-2/44494808/,525000,1057 JA Amsterdam,68,160,3,2,1,1925
https://www.funda.nl/en/detail/koop/amsterdam/appartement-badhuiskade-111/43285606/,885000,1031 KV Amsterdam,108,30,3,2,1,2021
https://www.funda.nl/en/detail/koop/amsterdam/appartement-liftado-urban-80-95-bouwnr-560/43206245/,598000,1064 AB Amsterdam,79,50,3,2,1,2028
https://www.funda.nl/en/detail/koop/amsterdam/appartement-mauvestraat-49-1/80875969/,550000,1073 RH Amsterdam,63,120,4,3,1,1922
https://www.funda.nl/en/detail/koop/amsterdam/appartement-eerste-oosterparkstraat-162-f/80868639/,599000,1091 HJ Amsterdam,77,90,3,2,1,1987
https://www.funda.nl/en/detail/koop/amsterdam/appartement-sloterkade-129-2/44462111/,485000,1058 HM Amsterdam,51,160,4,1,1,1898
https://www.funda.nl/en/detail/koop/amsterdam/appartement-reinwardtstraat-11-d/43348983/,425000,1093 GV Amsterdam,48,160,2,1,1,1987
https://www.funda.nl/en/detail/koop/amsterdam/appartement-kiefskamp-54/44456858/,449500,1082 KA Amsterdam,59,275,2,1,1,1965
https://www.funda.nl/en/detail/koop/amsterdam/appartement-van-hogendorpstraat-62-4/80859283/,395000,1051 BS Amsterdam,35,160,2,1,1,1899
https://www.funda.nl/en/detail/koop/amsterdam/appartement-slichtenhorststraat-31/80863994/,315000,1107 VG Amsterdam,65,160,3,2,1,1984
https://www.funda.nl/en/detail/koop/amsterdam/appartement-zeeburgerpad-46-a/44406889/,1040000,1019 AB Amsterdam,60,30,4,2,1,2026
https://www.funda.nl/en/detail/koop/amsterdam/appartement-jan-tooropstraat-125/44473624/,850000,1061 AE Amsterdam,122,30,5,3,1,2017
https://www.funda.nl/en/detail/koop/amsterdam/appartement-van-woustraat-32-3/80831209/,550000,1073 LM Amsterdam,63,120,3,2,1,1882
https://www.funda.nl/en/detail/koop/amsterdam/appartement-baden-powellweg-67/44428867/,285000,1069 LC Amsterdam,45,160,2,1,1,1965
https://www.funda.nl/en/detail/koop/amsterdam/appartement-kromme-mijdrechtstraat-51-2/43303877/,450000,1079 KP Amsterdam,52,210,3,2,1,1926
https://www.funda.nl/en/detail/koop/amsterdam/appartement-james-rosskade-17-2/44450398/,450000,1056 AG Amsterdam,63,160,3,2,1,1950
https://www.funda.nl/en/detail/koop/amsterdam/appartement-borneolaan-226/43317072/,575000,1019 KJ Amsterdam,78,90,3,2,1,1992
https://www.funda.nl/en/detail/koop/amsterdam/appartement-valeriusstraat-143-3/89707478/,1150000,1075 ET Amsterdam,118,210,5,3,1,1911
https://www.funda.nl/en/detail/koop/amsterdam/appartement-nicolaas-maesstraat-111-d/44466876/,3600000,1071 PV Amsterdam,206,50,5,3,1,1906
https://www.funda.nl/en/detail/koop/amsterdam/appartement-van-houweningenstraat-72-2/43341401/,395000,1052 TS Amsterdam,45,210,2,1,1,1897
https://www.funda.nl/en/detail/koop/amsterdam/appartement-baarsjesweg-174-3/44451418/,800000,1057 HP Amsterdam,104,275,4,2,1,1923
https://www.funda.nl/en/detail/koop/amsterdam/appartement-reinwardtstraat-1-3/44497023/,595000,1093 GT Amsterdam,76,160,3,2,1,1894
https://www.funda.nl/en/detail/koop/amsterdam/appartement-groenmarktkade-14/89750808/,1199000,1016 TA Amsterdam,127,10,4,3,1,2019
https://www.funda.nl/en/detail/koop/amsterdam/appartement-bosboom-toussaintstraat-18-a/44491708/,1325000,1054 AR Amsterdam,143,160,7,4,1,1894
https://www.funda.nl/en/detail/koop/amsterdam/appartement-baarsjesweg-237-3/89787017/,635000,1058 AA Amsterdam,78,120,3,2,1,1918
https://www.funda.nl/en/detail/koop/amsterdam/appartement-prinsengracht-334-f/89786821/,499500,1016 HZ Amsterdam,54,160,3,2,1,1750
https://www.funda.nl/en/detail/koop/amsterdam/appartement-elpermeer-222/43399255/,425000,1025 AN Amsterdam,84,120,4,3,1,1966
https://www.funda.nl/en/detail/koop/amsterdam/appartement-spuistraat-34-b/43377930/,695000,1012 TT Amsterdam,80,275,3,1,1,1775
https://www.funda.nl/en/detail/koop/amsterdam/appartement-eerste-constantijn-huygensstraat-26-b/89737349/,649000,1054 BR Amsterdam,67,120,2,1,1,2011
https://www.funda.nl/en/detail/koop/amsterdam/appartement-frederiksplein-32-e/44486616/,585000,1017 XN Amsterdam,52,90,2,1,1,1996
https://www.funda.nl/en/detail/koop/amsterdam/appartement-welnastraat-408-c/89709046/,1145000,1096 GJ Amsterdam,138,90,5,3,1,2019
https://www.funda.nl/en/detail/koop/amsterdam/appartement-malvastraat-23-h/44484153/,400000,1031 AZ Amsterdam,60,210,3,2,1,1925
https://www.funda.nl/en/detail/koop/amsterdam/appartement-marcantilaan-345/44460407/,495000,1051 NH Amsterdam,60,120,2,1,1,1984
https://www.funda.nl/en/detail/koop/amsterdam/appartement-lange-leidsedwarsstraat-22-b/44452871/,775000,1017 NL Amsterdam,69,160,3,1,1,1998
https://www.funda.nl/en/detail/koop/amsterdam/appartement-nachtwachtlaan-480/44409680/,715000,1058 ES Amsterdam,97,160,4,3,1,1974
https://www.funda.nl/en/detail/koop/amsterdam/appartement-weerdestein-155/80811475/,719000,1083 GK Amsterdam,110,160,4,3,1,1968
https://www.funda.nl/en/detail/koop/amsterdam/appartement-dusartstraat-30-h/44491996/,500000,1072 HS Amsterdam,51,160,3,2,1,1899
https://www.funda.nl/en/detail/koop/amsterdam/appartement-louise-de-colignystraat-48-h/44474051/,395000,1055 XN Amsterdam,46,120,2,1,1,1937
https://www.funda.nl/en/detail/koop/amsterdam/appartement-eerste-van-swindenstraat-84-b/44404933/,465000,1093 GH Amsterdam,59,160,2,1,1,1986
https://www.funda.nl/en/detail/koop/amsterdam/appartement-rozenstraat-213-3lv/44473586/,725000,1016 NT Amsterdam,80,350,4,3,1,1928
https://www.funda.nl/en/detail/koop/amsterdam/appartement-dijkwater-209/89695740/,340000,1025 CW Amsterdam,64,120,3,2,1,1985
https://www.funda.nl/en/detail/koop/amsterdam/appartement-tweede-atjehstraat-49-e/44471470/,495000,1094 LD Amsterdam,56,275,2,1,1,1910
https://www.funda.nl/en/detail/koop/amsterdam/appartement-bonairestraat-31-3/44485209/,595000,1058 XC Amsterdam,68,275,3,2,1,1930
https://www.funda.nl/en/detail/koop/amsterdam/appartement-watteaustraat-6-3/44428277/,1010000,1077 ZL Amsterdam,96,120,4,3,1,1938
https://www.funda.nl/en/detail/koop/amsterdam/appartement-govert-flinckstraat-271-1/80838743/,450000,1073 BZ Amsterdam,53,160,3,2,1,1886
https://www.funda.nl/en/detail/koop/amsterdam/appartement-wijsmullerstraat-22-h/44472092/,885000,1058 JJ Amsterdam,86,90,4,3,1,1931
https://www.funda.nl/en/detail/koop/amsterdam/appartement-witte-de-withstraat-164-3/43312231/,765000,1057 ZK Amsterdam,94,160,4,3,1,1924
https://www.funda.nl/en/detail/koop/amsterdam/appartement-driekamer-appartementen-met-uitzicht-bouwnr-g06215/44459566/,627500,1033 RB Amsterdam,73,50,3,2,1,2026
https://www.funda.nl/en/detail/koop/amsterdam/appartement-van-spilbergenstraat-70-2/44499961/,425000,1057 RK Amsterdam,51,210,3,2,1,1924
https://www.funda.nl/en/detail/koop/amsterdam/appartement-chassestraat-54-2/44413609/,600000,1057 JH Amsterdam,80,160,4,2,1,1923
https://www.funda.nl/en/detail/koop/amsterdam/appartement-haarlemmerstraat-80-2/44402725/,475000,1013 EV Amsterdam,53,275,2,1,1,1862
https://www.funda.nl/en/detail/koop/amsterdam/appartement-type-a-bouwnr-514/43716732/,410000,1062 HE Amsterdam,50,10,2,1,1,2026
https://www.funda.nl/en/detail/koop/amsterdam/appartement-bilderdijkkade-54-e/80878968/,995000,1053 VN Amsterdam,102,70,3,2,1,2015
https://www.funda.nl/en/detail/koop/amsterdam/appartement-sint-willibrordusstraat-26-4/44470734/,439000,1074 XM Amsterdam,43,90,2,1,1,1918
https://www.funda.nl/en/detail/koop/amsterdam/appartement-kinkerstraat-24-4a/80828048/,450000,1053 DV Amsterdam,50,160,2,1,1,1888
https://www.funda.nl/en/detail/koop/amsterdam/appartement-leiduinstraat-10-1/44405406/,550000,1058 SJ Amsterdam,56,210,3,2,1,1934
https://www.funda.nl/en/detail/koop/amsterdam/appartement-elizabeth-anscombestraat-121/44476843/,765000,1062 LE Amsterdam,102,30,3,2,1,2025
https://www.funda.nl/en/detail/koop/amsterdam/appartement-appartement-bouwnummer-225-bouwnr-225/43241285/,640286,1019 AK Amsterdam,77,70,3,2,1,2028
https://www.funda.nl/en/detail/koop/amsterdam/appartement-titus-van-rijnstraat-293/43383023/,815000,1058 GB Amsterdam,96,70,3,2,1,2009
https://www.funda.nl/en/detail/koop/amsterdam/appartement-type-g-3-kamerappartement-bouwnr-a207/44452687/,419900,1069 EJ Amsterdam,61,50,3,2,1,2027
https://www.funda.nl/en/detail/koop/amsterdam/appartement-roetersstraat-152/44454089/,550000,1018 WE Amsterdam,59,160,3,2,1,1980
https://www.funda.nl/en/detail/koop/amsterdam/appartement-jacques-veltmanstraat-165/89797732/,535000,1065 DB Amsterdam,86,90,3,2,1,2003
https://www.funda.nl/en/detail/koop/amsterdam/appartement-voc-kade-132/43327233/,575000,1018 LG Amsterdam,52,30,2,1,1,2021
https://www.funda.nl/en/detail/koop/amsterdam/appartement-binnendraaierij-1/44477397/,500000,1021 PP Amsterdam,71,120,3,2,1,1985
https://www.funda.nl/en/detail/koop/amsterdam/appartement-griseldestraat-28-4/80884349/,550000,1055 AX Amsterdam,61,90,3,2,1,1940
https://www.funda.nl/en/detail/koop/amsterdam/appartement-jacob-van-lennepkade-336-1/44457704/,495000,1053 NJ Amsterdam,53,160,4,2,1,1903
https://www.funda.nl/en/detail/koop/amsterdam/appartement-laan-van-vlaanderen-141-c4/89794335/,249000,1066 MP Amsterdam,28,90,2,1,1,1995
https://www.funda.nl/en/detail/koop/amsterdam/appartement-tweekamer-appartement-bouwnr-14/43059420/,365000,1087 VA Amsterdam,58,50,2,1,1,2026
https://www.funda.nl/en/detail/koop/amsterdam/appartement-ruys-de-beerenbrouckstraat-63/89750616/,350000,1067 BL Amsterdam,62,120,3,2,1,1966
https://www.funda.nl/en/detail/koop/amsterdam/appartement-steelvlietplein-36/43307221/,525000,1069 AT Amsterdam,87,30,3,2,1,2024
https://www.funda.nl/en/detail/koop/amsterdam/appartement-cortado-waterfront-95-100-bouwnr-492/43294116/,706000,1064 AB Amsterdam,96,50,4,3,1,2028
https://www.funda.nl/en/detail/koop/amsterdam/appartement-onstein-82/43361818/,495000,1082 KL Amsterdam,85,450,4,2,1,1964
https://www.funda.nl/en/detail/koop/amsterdam/appartement-james-cookstraat-16-h/43324278/,599000,1056 RZ Amsterdam,64,120,3,2,1,1918
https://www.funda.nl/en/detail/koop/amsterdam/appartement-dijkgraafplein-163/43317021/,375000,1069 EN Amsterdam,98,120,4,3,1,1970
https://www.funda.nl/en/detail/koop/amsterdam/appartement-beemsterstraat-362/43324751/,375000,1024 BN Amsterdam,65,160,3,2,1,1966
https://www.funda.nl/en/detail/koop/amsterdam/appartement-joos-banckersweg-19-1/44483459/,550000,1056 EP Amsterdam,77,160,3,2,1,1939
https://www.funda.nl/en/detail/koop/amsterdam/appartement-nieuwe-achtergracht-69-4/80877158/,699000,1018 WL Amsterdam,57,275,3,2,1,1906
https://www.funda.nl/en/detail/koop/amsterdam/appartement-3-kamer-appartement-bouwnr-311/43953577/,433711,1102 AK Amsterdam,65,50,3,2,1,2020
https://www.funda.nl/en/detail/koop/amsterdam/appartement-borgerstraat-206-2/44477897/,410000,1053 RD Amsterdam,43,350,2,1,1,1911
https://www.funda.nl/en/detail/koop/amsterdam/appartement-sumatrastraat-35-c/44414647/,450000,1094 LN Amsterdam,57,160,3,2,1,1902
https://www.funda.nl/en/detail/koop/amsterdam/appartement-tussen-meer-24-1/80840298/,375000,1068 GA Amsterdam,74,275,4,3,1,1965
https://www.funda.nl/en/detail/koop/amsterdam/appartement-hoofdweg-428-2/43337256/,425000,1056 DH Amsterdam,59,210,4,3,1,1928
https://www.funda.nl/en/detail/koop/amsterdam/appartement-3-kamerappartement-bouwnr-e0207/44478997/,510000,1068 MT Amsterdam,69,30,3,2,1,2020
https://www.funda.nl/en/detail/koop/amsterdam/appartement-deurloostraat-60-3/43380341/,745000,1078 JE Amsterdam,82,275,4,3,1,1928
https://www.funda.nl/en/detail/koop/amsterdam/appartement-vossiusstraat-18-2/44413775/,990000,1071 AC Amsterdam,65,90,3,2,1,1879
https://www.funda.nl/en/detail/koop/amsterdam/appartement-driekamerappartement-bouwnr-49/43360576/,357500,1087 LA Amsterdam,55,30,3,2,1,2027
https://www.funda.nl/en/detail/koop/amsterdam/appartement-type-g-3-kamerappartement-bouwnr-a405/44452676/,439900,1069 EJ Amsterdam,61,50,3,2,1,2027
https://www.funda.nl/en/detail/koop/amsterdam/appartement-overtoom-540-d2/80834792/,350000,1054 LM Amsterdam,34,120,2,1,1,1911
https://www.funda.nl/en/detail/koop/amsterdam/appartement-van-oldenbarneveldtstraat-54-v/44477395/,600000,1052 KC Amsterdam,67,90,2,1,1,2006
https://www.funda.nl/en/detail/koop/amsterdam/appartement-hogehilweg-12-b18/43382472/,563500,1101 CD Amsterdam,87,50,3,2,1,2026
https://www.funda.nl/en/detail/koop/amsterdam/appartement-witte-de-withstraat-3-a/89687667/,659000,1057 XD Amsterdam,88,90,3,2,1,2007
https://www.funda.nl/en/detail/koop/amsterdam/appartement-cortado-waterfront-95-100-bouwnr-484/43294109/,696000,1064 AB Amsterdam,96,50,4,3,1,2028
https://www.funda.nl/en/detail/koop/amsterdam/appartement-tegenhouderstraat-67/80858092/,425000,1033 PS Amsterdam,73,90,3,2,1,1984
https://www.funda.nl/en/detail/koop/amsterdam/appartement-houtmankade-61-1/44461790/,550000,1013 MR Amsterdam,53,160,3,2,1,1896
https://www.funda.nl/en/detail/koop/amsterdam/appartement-van-woustraat-121-4/44401804/,550000,1074 AH Amsterdam,59,90,3,2,1,1906
https://www.funda.nl/en/detail/koop/amsterdam/appartement-2-kamer-appartement-bouwnr-366/43276360/,365370,1102 AK Amsterdam,49,50,2,1,1,2020
https://www.funda.nl/en/detail/koop/amsterdam/appartement-bloemstraat-188-e/44406555/,485000,1016 LK Amsterdam,51,120,2,1,1,1775
https://www.funda.nl/en/detail/koop/amsterdam/appartement-westerkade-12-l/43320361/,450000,1015 XD Amsterdam,39,275,3,2,1,1878
https://www.funda.nl/en/detail/koop/amsterdam/appartement-burgemeester-cramergracht-87/44477478/,350000,1064 AG Amsterdam,64,350,3,2,1,1957
https://www.funda.nl/en/detail/koop/amsterdam/appartement-boymansweg-63/44495245/,625000,1064 WR Amsterdam,100,90,5,3,1,1997
https://www.funda.nl/en/detail/koop/amsterdam/appartement-watteaustraat-3-1/80835200/,1485000,1077 ZH Amsterdam,110,160,4,3,1,1931
https://www.funda.nl/en/detail/koop/amsterdam/appartement-koekoeksstraat-64/44412014/,525000,1021 TZ Amsterdam,65,90,4,2,1,1920
https://www.funda.nl/en/detail/koop/amsterdam/appartement-grensstraat-8-h/44467481/,1900000,1091 SX Amsterdam,211,160,6,4,1,1906
https://www.funda.nl/en/detail/koop/amsterdam/appartement-appartement-bouwnummer-243-bouwnr-243/43241049/,645286,1019 AK Amsterdam,77,70,3,2,1,2028
https://www.funda.nl/en/detail/koop/amsterdam/appartement-govert-flinckstraat-354-3/43304976/,685000,1074 CG Amsterdam,69,160,3,2,1,1883
https://www.funda.nl/en/detail/koop/amsterdam/appartement-linnaeusparkweg-19-1/43321493/,1550000,1098 CN Amsterdam,224,160,9,7,1,1902
https://www.funda.nl/en/detail/koop/amsterdam/appartement-wolbrantskerkweg-201-a/44409021/,450000,1069 CL Amsterdam,80,70,3,2,1,2008
https://www.funda.nl/en/detail/koop/amsterdam/appartement-alexander-boersstraat-18-2/43305785/,1529000,1071 KX Amsterdam,141,160,5,3,1,1894
https://www.funda.nl/en/detail/koop/amsterdam/appartement-wolbrantskerkweg-113/43320328/,625000,1069 CL Amsterdam,132,90,5,4,1,2009
https://www.funda.nl/en/detail/koop/amsterdam/appartement-westerdok-52/44488830/,850000,1013 BH Amsterdam,97,120,3,2,1,2005
https://www.funda.nl/en/detail/koop/amsterdam/appartement-wijenburg-31/44473627/,550000,1082 VN Amsterdam,79,160,3,2,1,1962
https://www.funda.nl/en/detail/koop/amsterdam/appartement-hogehilweg-12-b2/43306639/,560000,1101 CD Amsterdam,87,50,3,2,1,2026
https://www.funda.nl/en/detail/koop/amsterdam/appartement-heer-halewijnstraat-19-h/44477555/,475000,1055 ST Amsterdam,56,210,3,2,1,1939
https://www.funda.nl/en/detail/koop/amsterdam/appartement-orteliusstraat-295-h/44414468/,650000,1056 NX Amsterdam,74,120,3,2,1,1937
https://www.funda.nl/en/detail/koop/amsterdam/appartement-haparandaweg-864/80816744/,350000,1013 BD Amsterdam,35,90,1,1,1,2015
https://www.funda.nl/en/detail/koop/amsterdam/appartement-cornelis-van-vollenhovenstraat-44/89705192/,350000,1063 KT Amsterdam,78,160,5,4,1,1958
https://www.funda.nl/en/detail/koop/amsterdam/appartement-prins-hendrikkade-126/43363570/,950000,1011 AN Amsterdam,113,160,3,2,1,1879
https://www.funda.nl/en/detail/koop/amsterdam/appartement-wijenburg-153/89756403/,440000,1082 VS Amsterdam,66,210,3,2,1,1965
https://www.funda.nl/en/detail/koop/amsterdam/appartement-appartement-bouwnummer-91-bouwnr-91/43143821/,655284,1019 AK Amsterdam,77,70,3,2,1,2028
https://www.funda.nl/en/detail/koop/amsterdam/appartement-ijplein-276/44460685/,399000,1021 LS Amsterdam,62,120,3,2,1,1984
https://www.funda.nl/en/detail/koop/amsterdam/appartement-binnen-brouwersstraat-7-a3/43304181/,620000,1013 EE Amsterdam,54,120,3,2,1,1750
https://www.funda.nl/en/detail/koop/amsterdam/appartement-warmondstraat-155-h/43392280/,1560000,1058 KW Amsterdam,169,120,5,4,1,1929
https://www.funda.nl/en/detail/koop/amsterdam/appartement-lijnbaansgracht-163-2/80882563/,995000,1016 VX Amsterdam,179,120,4,3,1,1897
https://www.funda.nl/en/detail/koop/amsterdam/appartement-holy-32/44494074/,475000,1083 JL Amsterdam,75,120,3,2,1,1986
https://www.funda.nl/en/detail/koop/amsterdam/appartement-maisonnette-bouwnr-e0006/43344825/,665840,1068 MT Amsterdam,98,30,4,3,1,2026
https://www.funda.nl/en/detail/koop/amsterdam/appartement-zinranapad-215/43597641/,927000,1096 GV Amsterdam,91,30,3,2,1,2022
https://www.funda.nl/en/detail/koop/amsterdam/appartement-bijlmerdreef-1158/80829490/,399500,1103 JV Amsterdam,108,70,3,2,1,2002
https://www.funda.nl/en/detail/koop/amsterdam/appartement-haringbuisdijk-495/80815650/,999000,1086 VA Amsterdam,118,10,3,2,1,2022
https://www.funda.nl/en/detail/koop/amsterdam/appartement-alblasstraat-44-h/80848448/,650000,1079 ZN Amsterdam,70,160,3,2,1,1935
https://www.funda.nl/en/detail/koop/amsterdam/appartement-kijkduinstraat-135-1/44426753/,375000,1055 XX Amsterdam,48,160,4,3,1,1936
https://www.funda.nl/en/detail/koop/amsterdam/appartement-type-g-3-kamerappartement-bouwnr-a108/44452661/,414900,1069 EJ Amsterdam,61,50,3,2,1,2027
https://www.funda.nl/en/detail/koop/amsterdam/appartement-ter-boede-1-h/89579150/,359000,1082 CB Amsterdam,40,350,2,1,1,1960
https://www.funda.nl/en/detail/koop/amsterdam/appartement-keizersgracht-37-a/44405474/,1100000,1015 CD Amsterdam,110,275,4,2,1,1620
https://www.funda.nl/en/detail/koop/amsterdam/appartement-oudezijds-voorburgwal-32-f/80877484/,550000,1012 GD Amsterdam,68,90,3,2,1,2005
https://www.funda.nl/en/detail/koop/amsterdam/appartement-maisonnette-bouwnr-d0007/44478923/,655000,1068 MT Amsterdam,98,30,5,3,1,2020
https://www.funda.nl/en/detail/koop/amsterdam/appartement-andreasplein-86/44459022/,1150000,1058 GD Amsterdam,126,90,4,3,1,2009
https://www.funda.nl/en/detail/koop/amsterdam/appartement-keizersgracht-517-n/44495441/,550000,1017 DN Amsterdam,55,90,2,1,1,1908
https://www.funda.nl/en/detail/koop/amsterdam/appartement-amaliastraat-20-2/44485112/,525000,1052 GP Amsterdam,62,160,5,2,1,1921
https://www.funda.nl/en/detail/koop/amsterdam/appartement-kribbestraat-53-2/43315699/,985000,1079 WP Amsterdam,108,90,4,3,1,1937
https://www.funda.nl/en/detail/koop/amsterdam/appartement-haardstee-242/43340784/,275000,1102 NP Amsterdam,61,210,2,1,1,1982
https://www.funda.nl/en/detail/koop/amsterdam/appartement-kolfschotenstraat-78/43365529/,335000,1104 PB Amsterdam,83,90,4,3,1,1984
https://www.funda.nl/en/detail/koop/amsterdam/appartement-2-kamerappartement-bouwnr-d0302/44478964/,395840,1068 MT Amsterdam,48,30,2,1,1,2026
https://www.funda.nl/en/detail/koop/amsterdam/appartement-vrijburg-13/89625318/,350000,1068 PN Amsterdam,75,160,4,3,1,1985
https://www.funda.nl/en/detail/koop/amsterdam/appartement-andreas-schelfhoutstraat-41-1/43217912/,595000,1058 HS Amsterdam,60,90,3,2,1,1938
https://www.funda.nl/en/detail/koop/amsterdam/appartement-2-kamer-appartement-bouwnr-361/43276368/,362870,1102 AK Amsterdam,51,50,2,1,1,2020
https://www.funda.nl/en/detail/koop/amsterdam/appartement-tintorettostraat-5-1/44466125/,1200000,1077 RM Amsterdam,147,350,6,4,1,1940
https://www.funda.nl/en/detail/koop/amsterdam/appartement-knsm-laan-701/43398417/,765000,1019 LH Amsterdam,104,90,4,2,1,1993
https://www.funda.nl/en/detail/koop/amsterdam/appartement-haarlemmermeerstraat-67-3/43318589/,795000,1058 JR Amsterdam,94,210,5,3,1,1932
https://www.funda.nl/en/detail/koop/amsterdam/appartement-paul-christiaan-flustraat-8/43377809/,600000,1087 VD Amsterdam,90,10,4,3,1,2025
https://www.funda.nl/en/detail/koop/amsterdam/appartement-nieuwe-prinsengracht-104-c/80872460/,925000,1018 VX Amsterdam,104,160,4,3,2,1866
https://www.funda.nl/en/detail/koop/amsterdam/appartement-van-eeghenstraat-21-h/44407536/,4250000,1071 ET Amsterdam,239,90,6,5,1,1898
https://www.funda.nl/en/detail/koop/amsterdam/appartement-marie-heinekenplein-608/44474019/,725000,1072 ML Amsterdam,77,90,3,2,1,1995
https://www.funda.nl/en/detail/koop/amsterdam/appartement-type-a-3-kamerappartement-bouwnr-c206/44452572/,454900,1069 EJ Amsterdam,64,50,3,2,1,2027
https://www.funda.nl/en/detail/koop/amsterdam/appartement-van-der-hoopstraat-83-3/44466162/,750000,1051 VD Amsterdam,92,90,4,3,1,1905
https://www.funda.nl/en/detail/koop/amsterdam/appartement-palmgracht-52-h/44481479/,400000,1015 HN Amsterdam,43,450,2,1,1,1939
https://www.funda.nl/en/detail/koop/amsterdam/appartement-van-houweningenstraat-58-h/44483300/,400000,1052 TP Amsterdam,44,210,3,2,1,1897
https://www.funda.nl/en/detail/koop/amsterdam/appartement-laagte-kadijk-3-k/44472708/,650000,1018 BA Amsterdam,78,160,3,2,1,1916
https://www.funda.nl/en/detail/koop/amsterdam/appartement-rijswijkstraat-21/44461823/,420000,1062 EP Amsterdam,80,120,4,3,1,1961
https://www.funda.nl/en/detail/koop/amsterdam/appartement-hugo-de-grootkade-66-a/43312060/,675000,1052 LW Amsterdam,76,120,3,2,1,2004
https://www.funda.nl/en/detail/koop/amsterdam/appartement-gustav-mahlerplein-191/80876619/,750000,1082 MS Amsterdam,86,70,2,1,1,2010
https://www.funda.nl/en/detail/koop/amsterdam/appartement-hogehilweg-12-b91/44412172/,785000,1101 CD Amsterdam,100,50,3,2,1,2026
https://www.funda.nl/en/detail/koop/amsterdam/appartement-terrasappartementen-fase-2-bouwnr-0309-l2/44405233/,480000,1096 BN Amsterdam,54,50,2,1,1,2026
https://www.funda.nl/en/detail/koop/amsterdam/appartement-3-kamerappartement-bouwnr-e0405/44478907/,530000,1068 MT Amsterdam,71,30,3,2,1,2020
https://www.funda.nl/en/detail/koop/amsterdam/appartement-willemsparkweg-46-a/43283327/,2750000,1071 HH Amsterdam,283,120,7,4,1,1887
https://www.funda.nl/en/detail/koop/amsterdam/appartement-sumatrastraat-140/43340439/,465000,1094 NM Amsterdam,64,160,3,2,1,1981
https://www.funda.nl/en/detail/koop/amsterdam/appartement-javakade-54/44407630/,800000,1019 BK Amsterdam,101,70,3,2,1,1998
https://www.funda.nl/en/detail/koop/amsterdam/appartement-daniel-stalpertstraat-30-a/44481490/,495000,1072 XG Amsterdam,54,90,3,2,1,1876
https://www.funda.nl/en/detail/koop/amsterdam/appartement-joan-melchior-kemperstraat-85-2/80869128/,450000,1051 TL Amsterdam,53,160,2,1,1,1904
https://www.funda.nl/en/detail/koop/amsterdam/appartement-nieuwe-kerkstraat-141-h/44408334/,2350000,1018 VK Amsterdam,325,120,6,3,1,1794
https://www.funda.nl/en/detail/koop/amsterdam/appartement-valkenburgerstraat-176-1/44499638/,375000,1011 NB Amsterdam,44,120,2,1,1,1952
https://www.funda.nl/en/detail/koop/amsterdam/appartement-valkenburgerstraat-194-n/44408400/,775000,1011 NC Amsterdam,87,120,3,2,1,2007
https://www.funda.nl/en/detail/koop/amsterdam/appartement-millingenhof-344/80841488/,375000,1106 KX Amsterdam,89,70,4,3,1,1977
https://www.funda.nl/en/detail/koop/amsterdam/appartement-marathonweg-18-3/80839822/,500000,1076 TG Amsterdam,50,160,3,2,1,1926
https://www.funda.nl/en/detail/koop/amsterdam/appartement-galastraat-97/44473145/,500000,1036 LA Amsterdam,62,50,3,2,1,2023
https://www.funda.nl/en/detail/koop/amsterdam/appartement-type-b-2-kamerappartement-bouwnr-c204/44452737/,339900,1069 EJ Amsterdam,43,50,2,1,1,2027
https://www.funda.nl/en/detail/koop/amsterdam/appartement-de-lairessestraat-142-d/44405472/,700000,1075 HL Amsterdam,70,210,3,2,1,1923
https://www.funda.nl/en/detail/koop/amsterdam/appartement-bos-en-lommerplein-228/44498926/,600000,1055 EK Amsterdam,102,90,4,3,1,2003
https://www.funda.nl/en/detail/koop/amsterdam/appartement-cortado-urban-80-95-bouwnr-498/43206218/,605000,1064 AB Amsterdam,83,50,4,3,1,2028
https://www.funda.nl/en/detail/koop/amsterdam/appartement-deurloostraat-50-1/44483249/,785000,1078 JD Amsterdam,82,160,3,2,1,1928
https://www.funda.nl/en/detail/koop/amsterdam/appartement-van-hallstraat-17-b/43341524/,785000,1051 GW Amsterdam,92,160,4,3,1,1905
https://www.funda.nl/en/detail/koop/amsterdam/appartement-makassarstraat-40-h/43302357/,475000,1095 SZ Amsterdam,51,160,2,1,1,1925
https://www.funda.nl/en/detail/koop/amsterdam/appartement-jan-van-zutphenstraat-179/43323391/,440000,1069 RR Amsterdam,70,90,3,2,1,2009
https://www.funda.nl/en/detail/koop/amsterdam/appartement-driekamerappartement-bouwnr-36/43395412/,419100,1087 VL Amsterdam,77,30,3,2,1,2027
https://www.funda.nl/en/detail/koop/amsterdam/appartement-vlakkerweg-51/80865750/,450000,1033 DZ Amsterdam,71,90,3,2,1,1990
https://www.funda.nl/en/detail/koop/amsterdam/appartement-rietlandpark-139/89786725/,649000,1019 DT Amsterdam,82,90,3,2,1,2001
https://www.funda.nl/en/detail/koop/amsterdam/appartement-feike-de-boerlaan-132/44479452/,700000,1019 MP Amsterdam,89,90,4,3,1,2001
https://www.funda.nl/en/detail/koop/amsterdam/appartement-van-tuyll-van-serooskerkenweg-93-2/43330641/,575000,1076 JH Amsterdam,80,160,4,3,1,1937
https://www.funda.nl/en/detail/koop/amsterdam/appartement-kramatweg-9/44468692/,475000,1095 JN Amsterdam,65,210,3,1,1,1926
https://www.funda.nl/en/detail/koop/amsterdam/appartement-2-kamer-appartement-bouwnr-374/43276367/,370370,1102 AK Amsterdam,49,50,2,1,1,2020
https://www.funda.nl/en/detail/koop/amsterdam/appartement-eerste-oosterparkstraat-168-c/44498274/,625000,1091 HJ Amsterdam,77,90,3,2,1,1985
https://www.funda.nl/en/detail/koop/amsterdam/appartement-simone-de-beauvoirstraat-27/43339893/,425000,1102 AS Amsterdam,72,120,3,2,1,1993
https://www.funda.nl/en/detail/koop/amsterdam/appartement-nieuwe-kerkstraat-34-d/44406996/,400000,1018 EB Amsterdam,44,160,2,1,1,1968
https://www.funda.nl/en/detail/koop/amsterdam/appartement-bloemstraat-166-e/80857242/,425000,1016 LK Amsterdam,46,120,2,1,1,2008
https://www.funda.nl/en/detail/koop/amsterdam/appartement-amazonenstraat-41-1/89759004/,525000,1076 LG Amsterdam,54,160,3,2,1,1930
https://www.funda.nl/en/detail/koop/amsterdam/appartement-h-gerhardstraat-78/44482694/,625000,1069 TD Amsterdam,119,90,5,4,1,2012
https://www.funda.nl/en/detail/koop/amsterdam/appartement-tweede-jacob-van-campenstraat-129-4/80812835/,685000,1073 XR Amsterdam,93,210,3,2,1,1876
https://www.funda.nl/en/detail/koop/amsterdam/appartement-grevelingenstraat-9-1/43304881/,525000,1078 KM Amsterdam,60,160,3,2,1,1928
https://www.funda.nl/en/detail/koop/amsterdam/appartement-gijsbrecht-van-ijselsteinstraat-187/44495700/,795000,1082 KH Amsterdam,116,210,4,3,1,1966
https://www.funda.nl/en/detail/koop/amsterdam/appartement-smitstraat-28-4a/44479832/,295000,1092 XS Amsterdam,24,210,2,1,1,1912
https://www.funda.nl/en/detail/koop/amsterdam/appartement-haardstee-29/80838370/,345000,1102 NB Amsterdam,91,120,4,3,1,1981
https://www.funda.nl/en/detail/koop/amsterdam/appartement-kinderdijkstraat-60-2/43302757/,485000,1079 GM Amsterdam,54,120,3,1,1,1938
https://www.funda.nl/en/detail/koop/amsterdam/appartement-vossiusstraat-39-h/43388399/,6150000,1071 AH Amsterdam,251,70,7,4,1,1905
https://www.funda.nl/en/detail/koop/amsterdam/appartement-cornelis-schuytstraat-16-1/89708149/,755000,1071 JH Amsterdam,58,90,2,1,1,1897
https://www.funda.nl/en/detail/koop/amsterdam/appartement-de-oosterlingen-bouwnummer-784/43513300/,1150000,1018 CA Amsterdam,117,30,3,2,1,2020
https://www.funda.nl/en/detail/koop/amsterdam/appartement-willemsparkweg-73-1/43377732/,1780000,1071 GT Amsterdam,163,120,6,5,1,1892
https://www.funda.nl/en/detail/koop/amsterdam/appartement-liftado-waterfront-95-100-bouwnr-529/43294184/,719000,1064 AB Amsterdam,99,50,6,4,1,2028
https://www.funda.nl/en/detail/koop/amsterdam/appartement-libau-eiland-15/44414993/,995000,1014 ZK Amsterdam,129,50,5,2,1,2025
https://www.funda.nl/en/detail/koop/amsterdam/appartement-laurierstraat-248-2/44427654/,525000,1016 PT Amsterdam,53,160,3,2,1,1934
https://www.funda.nl/en/detail/koop/amsterdam/appartement-prins-hendriklaan-10-h/44483884/,3850000,1075 BB Amsterdam,270,160,6,4,1,1907
https://www.funda.nl/en/detail/koop/amsterdam/appartement-van-heenvlietlaan-311/89704599/,995000,1083 DD Amsterdam,134,90,4,3,1,2000
https://www.funda.nl/en/detail/koop/amsterdam/appartement-van-reigersbergenstraat-39-2/80835554/,375000,1052 SP Amsterdam,46,210,2,1,1,1900
https://www.funda.nl/en/detail/koop/amsterdam/appartement-marnixstraat-240-d/43304153/,600000,1016 TL Amsterdam,60,120,3,2,1,1894
https://www.funda.nl/en/detail/koop/amsterdam/appartement-van-hallstraat-19-1/44464087/,719000,1051 GW Amsterdam,88,90,4,2,1,1905
https://www.funda.nl/en/detail/koop/amsterdam/appartement-gustav-mahlerlaan-128/44411506/,950000,1082 ME Amsterdam,105,90,3,2,1,2008
https://www.funda.nl/en/detail/koop/amsterdam/appartement-kloekhorststraat-207/80865480/,250000,1104 MN Amsterdam,43,120,2,1,1,1985
https://www.funda.nl/en/detail/koop/amsterdam/appartement-nieuwe-prinsengracht-116-3/43328399/,750000,1018 VX Amsterdam,78,160,2,1,1,1891
https://www.funda.nl/en/detail/koop/amsterdam/appartement-hiraistraat-5-b16/43248127/,537000,1101 DA Amsterdam,79,50,3,2,1,2020
https://www.funda.nl/en/detail/koop/amsterdam/appartement-van-speijkstraat-143-h/44453217/,1250000,1057 GW Amsterdam,158,90,5,4,1,1924
https://www.funda.nl/en/detail/koop/amsterdam/appartement-bertrand-russellstraat-88/44452274/,565000,1097 HL Amsterdam,86,90,3,2,1,1991
https://www.funda.nl/en/detail/koop/amsterdam/appartement-ijburglaan-1055/89798651/,595000,1087 EN Amsterdam,102,90,4,3,1,2009
https://www.funda.nl/en/detail/koop/amsterdam/appartement-elisabeth-wolffstraat-7-4/44409852/,575000,1052 RN Amsterdam,62,160,4,2,1,1910
https://www.funda.nl/en/detail/koop/amsterdam/appartement-sprinklerstraat-19/44456510/,580000,1019 VR Amsterdam,68,50,3,2,1,2021
https://www.funda.nl/en/detail/koop/amsterdam/appartement-amazonenstraat-23-2/44483852/,950000,1076 LE Amsterdam,120,160,5,3,1,1930
https://www.funda.nl/en/detail/koop/amsterdam/appartement-prinsengracht-260-h/89762676/,750000,1016 HG Amsterdam,76,160,3,2,1,1955
https://www.funda.nl/en/detail/koop/amsterdam/appartement-admiralengracht-309-ii/43492229/,545000,1056 EB Amsterdam,65,160,2,1,1,1930
https://www.funda.nl/en/detail/koop/amsterdam/appartement-droogbak-10-3/44494294/,425000,1013 GG Amsterdam,67,210,4,2,2,1845
https://www.funda.nl/en/detail/koop/amsterdam/appartement-blasiusstraat-70-g/80812862/,450000,1091 CW Amsterdam,46,90,2,1,1,1887
https://www.funda.nl/en/detail/koop/amsterdam/appartement-rustenburgerstraat-309-1/80869218/,495000,1073 GG Amsterdam,56,160,2,1,1,1906
https://www.funda.nl/en/detail/koop/amsterdam/appartement-wilhelminastraat-28-h/44463728/,650000,1054 WJ Amsterdam,66,160,3,2,1,1898
https://www.funda.nl/en/detail/koop/amsterdam/appartement-baden-powellweg-82/43190559/,397000,1069 LK Amsterdam,84,120,4,3,1,1992
https://www.funda.nl/en/detail/koop/amsterdam/appartement-loenermark-857/89689446/,442500,1025 VP Amsterdam,72,120,3,2,1,1987
https://www.funda.nl/en/detail/koop/amsterdam/appartement-veerstraat-51-4/44471382/,635000,1075 SN Amsterdam,64,160,3,1,1,1913
https://www.funda.nl/en/detail/koop/amsterdam/appartement-valkenburgerstraat-194-t/44414637/,1200000,1011 NC Amsterdam,98,90,3,2,1,2012
https://www.funda.nl/en/detail/koop/amsterdam/appartement-frederik-hendrikstraat-77-1/44479793/,415000,1052 HM Amsterdam,43,275,2,1,1,1896
https://www.funda.nl/en/detail/koop/amsterdam/appartement-treilerhof-38/44408659/,400000,1034 CB Amsterdam,75,160,3,2,1,1967
https://www.funda.nl/en/detail/koop/amsterdam/appartement-reinwardtstraat-80/44417395/,450000,1093 HM Amsterdam,66,210,3,2,1,1987
https://www.funda.nl/en/detail/koop/amsterdam/appartement-okeghemstraat-19-2/44496502/,1450000,1075 PK Amsterdam,136,90,6,5,1,1912
https://www.funda.nl/en/detail/koop/amsterdam/appartement-eerste-helmersstraat-335-1/44405533/,675000,1054 EE Amsterdam,71,160,5,2,1,1913
https://www.funda.nl/en/detail/koop/amsterdam/appartement-bilderdijkkade-97-2/80830936/,675000,1053 VM Amsterdam,73,90,2,1,1,1883
https://www.funda.nl/en/detail/koop/amsterdam/appartement-pieter-cornelisz-hooftstraat-135-2/44485453/,980000,1071 BT Amsterdam,79,160,3,2,1,1905
https://www.funda.nl/en/detail/koop/amsterdam/appartement-ruysdaelstraat-49-f8/43342909/,600000,1071 XA Amsterdam,67,160,2,1,1,1912
https://www.funda.nl/en/detail/koop/amsterdam/appartement-3-kamer-appartement-bouwnr-307/43953566/,454532,1102 AK Amsterdam,71,50,3,2,1,2020
https://www.funda.nl/en/detail/koop/amsterdam/appartement-da-costakade-37-h/44495769/,1350000,1052 SG Amsterdam,149,90,5,4,1,1918
https://www.funda.nl/en/detail/koop/amsterdam/appartement-gerrit-mannourystraat-94/80857231/,550000,1062 LC Amsterdam,84,90,3,2,1,1993
https://www.funda.nl/en/detail/koop/amsterdam/appartement-parkvilla-8-3-en-4-kamer-appartement-nori-bouwnr-22/44405571/,648000,1022 LA Amsterdam,103,50,4,3,1,2020
https://www.funda.nl/en/detail/koop/amsterdam/appartement-type-i-3-kamerappartement-bouwnr-a101/44452528/,449900,1069 EJ Amsterdam,65,50,3,2,1,2027
https://www.funda.nl/en/detail/koop/amsterdam/appartement-tip-maruggstraat-1-e/80874519/,1100000,1087 VR Amsterdam,173,30,5,3,1,2022
https://www.funda.nl/en/detail/koop/amsterdam/appartement-oranje-nassaulaan-53-3/44458135/,2740000,1075 AK Amsterdam,159,70,3,2,1,1914
https://www.funda.nl/en/detail/koop/amsterdam/appartement-4-kamersappartement-bouwnr-d0001/43343250/,620840,1068 MT Amsterdam,82,30,4,3,1,2026
https://www.funda.nl/en/detail/koop/amsterdam/appartement-borgerstraat-114-a/44488274/,550000,1053 PX Amsterdam,66,160,3,2,1,1983
https://www.funda.nl/en/detail/koop/amsterdam/appartement-swammerdamstraat-29-p/80882834/,290000,1091 RP Amsterdam,28,120,2,1,1,1983
https://www.funda.nl/en/detail/koop/amsterdam/appartement-oudezijds-voorburgwal-171-a/89610022/,399500,1012 EV Amsterdam,45,120,2,1,1,1769
https://www.funda.nl/en/detail/koop/amsterdam/appartement-riouwstraat-81-c/43235302/,475000,1094 XJ Amsterdam,61,120,3,1,1,1985
https://www.funda.nl/en/detail/koop/amsterdam/appartement-liftado-penthouse-bouwnr-563/43205413/,911000,1064 AB Amsterdam,126,70,3,2,1,2028
https://www.funda.nl/en/detail/koop/amsterdam/appartement-claude-debussylaan-223/44413944/,1475000,1082 MC Amsterdam,208,70,4,3,1,2008
https://www.funda.nl/en/detail/koop/amsterdam/appartement-van-marumstraat-3-1/43153653/,1000000,1098 RN Amsterdam,144,275,6,3,1,1929
https://www.funda.nl/en/detail/koop/amsterdam/appartement-hiraistraat-5-b58/43310363/,425000,1101 DA Amsterdam,55,50,2,1,1,2026
https://www.funda.nl/en/detail/koop/amsterdam/appartement-arent-janszoon-ernststraat-162/89744998/,745000,1082 LT Amsterdam,126,90,3,2,1,2004
https://www.funda.nl/en/detail/koop/amsterdam/appartement-rozengracht-232-d/43362642/,620000,1016 SZ Amsterdam,68,160,4,3,1,1894
https://www.funda.nl/en/detail/koop/amsterdam/appartement-de-klencke-87-a/89750207/,1475000,1083 HH Amsterdam,172,90,4,3,1,2018
https://www.funda.nl/en/detail/koop/amsterdam/appartement-bernard-zweerskade-24-2/44489332/,1195000,1077 VA Amsterdam,135,160,5,3,1,1931
https://www.funda.nl/en/detail/koop/amsterdam/appartement-postjesweg-116-h/44456821/,875000,1057 EH Amsterdam,98,90,4,3,1,1931
https://www.funda.nl/en/detail/koop/amsterdam/appartement-madurastraat-76-1/80824541/,475000,1094 GR Amsterdam,60,160,2,1,1,1915
https://www.funda.nl/en/detail/koop/amsterdam/appartement-amstelvlietstraat-331/43383161/,475000,1096 GG Amsterdam,53,70,2,1,1,2013
https://www.funda.nl/en/detail/koop/amsterdam/appartement-venetiehof-130/43301958/,675000,1019 NC Amsterdam,89,90,4,2,1,1994
https://www.funda.nl/en/detail/koop/amsterdam/appartement-leusdenhof-99/44427021/,275000,1108 CZ Amsterdam,69,160,4,3,1,1975
https://www.funda.nl/en/detail/koop/amsterdam/appartement-willem-de-zwijgerlaan-24-1/44417127/,550000,1056 JR Amsterdam,67,160,3,2,1,1940
https://www.funda.nl/en/detail/koop/amsterdam/appartement-van-heenvlietlaan-266-b/43322423/,225000,1083 CN Amsterdam,21,160,1,1,1,1977
https://www.funda.nl/en/detail/koop/amsterdam/appartement-president-brandstraat-7/43833751/,745000,1091 XD Amsterdam,100,90,5,4,1,1992
https://www.funda.nl/en/detail/koop/amsterdam/appartement-ijplein-227/44401357/,320000,1021 LH Amsterdam,36,160,2,1,1,1984
https://www.funda.nl/en/detail/koop/amsterdam/appartement-renswoudestraat-33/43364840/,375000,1106 BH Amsterdam,88,160,4,3,1,1982
https://www.funda.nl/en/detail/koop/amsterdam/appartement-rozengracht-212-2/44417094/,350000,1016 NL Amsterdam,35,350,2,1,1,1906
https://www.funda.nl/en/detail/koop/amsterdam/appartement-van-speijkstraat-32-1/44461066/,575000,1057 HC Amsterdam,70,160,3,2,1,1923
https://www.funda.nl/en/detail/koop/amsterdam/appartement-pontsteiger-112/44416917/,3500000,1014 ZP Amsterdam,193,90,4,3,1,2018
https://www.funda.nl/en/detail/koop/amsterdam/appartement-3-kamerappartement-bouwnr-d0303/44478983/,510000,1068 MT Amsterdam,71,30,3,2,1,2020
https://www.funda.nl/en/detail/koop/amsterdam/appartement-ferguutstraat-20-1/44469198/,425000,1055 SZ Amsterdam,53,210,3,2,1,1939
https://www.funda.nl/en/detail/koop/amsterdam/appartement-zeeburgerkade-232/43301469/,720000,1019 HK Amsterdam,108,120,3,2,1,1905
https://www.funda.nl/en/detail/koop/amsterdam/appartement-uiterwaardenstraat-352/44452139/,1150000,1079 DD Amsterdam,117,120,4,3,1,1932
https://www.funda.nl/en/detail/koop/amsterdam/appartement-type-a-bouwnr-512/43716701/,410000,1062 HE Amsterdam,50,10,2,1,1,2026
https://www.funda.nl/en/detail/koop/amsterdam/appartement-stadionweg-271-3/89778257/,995000,1076 NZ Amsterdam,110,90,4,3,1,1934
https://www.funda.nl/en/detail/koop/amsterdam/appartement-graafschapstraat-3-h/44409322/,595000,1079 PD Amsterdam,70,275,4,3,1,1951
https://www.funda.nl/en/detail/koop/amsterdam/appartement-rombout-hogerbeetsstraat-16-1/44454151/,400000,1052 XB Amsterdam,44,160,3,2,1,1914
https://www.funda.nl/en/detail/koop/amsterdam/appartement-rijnstraat-85-1/80818319/,425000,1079 GZ Amsterdam,49,160,3,2,1,1925
https://www.funda.nl/en/detail/koop/amsterdam/appartement-terrasappartementen-fase-2-bouwnr-0307-l1/43326369/,490000,1096 BN Amsterdam,54,50,2,1,1,2026
https://www.funda.nl/en/detail/koop/amsterdam/appartement-von-guerickestraat-96-h/44429382/,540000,1097 RC Amsterdam,61,160,3,2,1,1949
https://www.funda.nl/en/detail/koop/amsterdam/appartement-tweede-jan-steenstraat-49-d/44406220/,325000,1074 CK Amsterdam,28,90,2,1,1,1887
https://www.funda.nl/en/detail/koop/amsterdam/appartement-van-oldenbarneveldtstraat-80-2/44410023/,550000,1052 KG Amsterdam,65,210,3,2,1,1918
https://www.funda.nl/en/detail/koop/amsterdam/appartement-jan-haringstraat-15-ah/44405955/,595000,1056 XG Amsterdam,57,160,3,2,1,1939
https://www.funda.nl/en/detail/koop/amsterdam/appartement-westlandgracht-241-2/43324851/,565000,1059 TR Amsterdam,74,160,4,2,1,1935
https://www.funda.nl/en/detail/koop/amsterdam/appartement-vrolikstraat-347-n/43349819/,745000,1092 TB Amsterdam,83,90,4,2,1,1999
https://www.funda.nl/en/detail/koop/amsterdam/appartement-roerstraat-25-1/44406956/,575000,1078 LH Amsterdam,71,210,3,2,1,1929
https://www.funda.nl/en/detail/koop/amsterdam/appartement-blancefloorstraat-23-2/44405079/,475000,1055 TD Amsterdam,55,210,3,2,1,1939
https://www.funda.nl/en/detail/koop/amsterdam/appartement-rhijnvis-feithstraat-24-d/80811490/,475000,1054 TX Amsterdam,49,275,2,1,1,1918
https://www.funda.nl/en/detail/koop/amsterdam/appartement-transvaalstraat-79-3/44405959/,435000,1092 HD Amsterdam,48,90,2,1,1,1927
https://www.funda.nl/en/detail/koop/amsterdam/appartement-dickenslaan-183/80826435/,315000,1102 XS Amsterdam,55,160,3,2,1,1983
https://www.funda.nl/en/detail/koop/amsterdam/appartement-jan-evertsenstraat-151-h/44494042/,450000,1057 BW Amsterdam,57,210,3,2,1,1939
https://www.funda.nl/en/detail/koop/amsterdam/appartement-appartement-bouwnr-506/43040073/,730000,1025 WL Amsterdam,118,50,4,3,1,2020
https://www.funda.nl/en/detail/koop/amsterdam/appartement-ruyschstraat-375/44418751/,575000,1091 MS Amsterdam,61,120,3,2,1,1905
https://www.funda.nl/en/detail/koop/amsterdam/appartement-churchill-laan-37-a/44450806/,950000,1078 DE Amsterdam,98,160,4,2,1,1931
https://www.funda.nl/en/detail/koop/amsterdam/appartement-nassaukade-70-3/80840395/,1150000,1052 CS Amsterdam,136,120,4,3,1,1881
https://www.funda.nl/en/detail/koop/amsterdam/appartement-funenpark-194/44496881/,695000,1018 AK Amsterdam,79,90,2,1,1,2004
https://www.funda.nl/en/detail/koop/amsterdam/appartement-ruimzicht-219/44454413/,450000,1068 CV Amsterdam,99,120,3,2,1,1965
https://www.funda.nl/en/detail/koop/amsterdam/appartement-confuciusplein-7/43307117/,425000,1064 LG Amsterdam,84,90,3,2,1,2008
https://www.funda.nl/en/detail/koop/amsterdam/appartement-james-rosskade-6-2/44402298/,525000,1056 AD Amsterdam,93,90,4,3,1,1949
https://www.funda.nl/en/detail/koop/amsterdam/appartement-hoofdweg-396-2/44473359/,400000,1056 DE Amsterdam,57,160,2,1,1,1927
https://www.funda.nl/en/detail/koop/amsterdam/appartement-egidiusstraat-117-2/44419008/,575000,1055 GS Amsterdam,70,160,4,3,1,1950
https://www.funda.nl/en/detail/koop/amsterdam/appartement-van-tuyll-van-serooskerkenweg-146-2/44496602/,675000,1076 JT Amsterdam,72,160,5,2,1,1931
https://www.funda.nl/en/detail/koop/amsterdam/appartement-oeverpad-369/44486484/,465000,1068 PL Amsterdam,89,120,3,2,1,1998
https://www.funda.nl/en/detail/koop/amsterdam/appartement-groenhoven-812/44415425/,400000,1103 LZ Amsterdam,110,210,4,3,1,1975
https://www.funda.nl/en/detail/koop/amsterdam/appartement-joris-van-andringastraat-32-2/80864748/,795000,1055 VZ Amsterdam,91,90,4,3,1,1934
https://www.funda.nl/en/detail/koop/amsterdam/appartement-koningsstraat-35-1/89790227/,875000,1011 ET Amsterdam,93,90,5,3,1,1729
https://www.funda.nl/en/detail/koop/amsterdam/appartement-parkvilla-9-3-kamer-appartement-mizu-bouwnr-30/44405447/,562000,1022 LA Amsterdam,89,50,3,2,1,2020
https://www.funda.nl/en/detail/koop/amsterdam/appartement-type-a-bouwnr-403/43716712/,410000,1062 HE Amsterdam,50,10,2,1,1,2026
https://www.funda.nl/en/detail/koop/amsterdam/appartement-potgieterstraat-27-h/44477312/,350000,1053 XR Amsterdam,38,160,2,1,1,1906
https://www.funda.nl/en/detail/koop/amsterdam/appartement-vaartstraat-68-1/44490476/,750000,1075 RS Amsterdam,99,160,4,3,1,1918
https://www.funda.nl/en/detail/koop/amsterdam/appartement-hiraistraat-5-b8/43248262/,535000,1101 DA Amsterdam,79,50,3,2,1,2020
https://www.funda.nl/en/detail/koop/amsterdam/appartement-gerard-schaepstraat-6-3/44405413/,795000,1052 GL Amsterdam,98,120,4,3,2,1904
https://www.funda.nl/en/detail/koop/amsterdam/appartement-maria-austriastraat-97/80875369/,480000,1087 EK Amsterdam,84,90,2,1,1,2008
https://www.funda.nl/en/detail/koop/amsterdam/appartement-2-kamer-appartement-bouwnr-386/43276254/,355370,1102 AK Amsterdam,49,50,2,1,1,2020
https://www.funda.nl/en/detail/koop/amsterdam/appartement-groenhoven-144/80873012/,265000,1103 LB Amsterdam,53,275,2,1,1,1975
https://www.funda.nl/en/detail/koop/amsterdam/appartement-beulingstraat-4-b/80874160/,895000,1017 BA Amsterdam,83,160,3,2,2,1700
https://www.funda.nl/en/detail/koop/amsterdam/appartement-eastonstraat-105/44468170/,350000,1068 JC Amsterdam,77,350,3,2,1,1963
https://www.funda.nl/en/detail/koop/amsterdam/appartement-martini-van-geffenstraat-144/44485605/,475000,1068 GL Amsterdam,107,120,3,2,1,2002
https://www.funda.nl/en/detail/koop/amsterdam/appartement-petrus-blokhof-9-3/80865210/,375000,1065 XJ Amsterdam,59,275,3,2,1,1952
https://www.funda.nl/en/detail/koop/amsterdam/appartement-hoofdweg-370-3/44402124/,475000,1056 DD Amsterdam,55,275,3,2,1,1927
https://www.funda.nl/en/detail/koop/amsterdam/appartement-terrasappartement-bouwnr-25/43008891/,700000,1061 AV Amsterdam,90,30,3,2,1,2027
https://www.funda.nl/en/detail/koop/amsterdam/appartement-ten-katestraat-5-3/44419527/,585000,1053 BV Amsterdam,82,210,5,4,1,1937
https://www.funda.nl/en/detail/koop/amsterdam/appartement-elckerlijcstraat-40-2/44492693/,489500,1055 AP Amsterdam,56,210,3,2,1,1940
https://www.funda.nl/en/detail/koop/amsterdam/appartement-de-oosterlingen-bouwnummer-404/42281469/,560000,1018 CA Amsterdam,58,30,2,1,1,2020
https://www.funda.nl/en/detail/koop/amsterdam/appartement-elizabeth-anscombestraat-123/44415691/,750000,1062 LE Amsterdam,102,50,3,2,1,2025
https://www.funda.nl/en/detail/koop/amsterdam/appartement-dadelpalmstraat-9-d/44455458/,295000,1104 DD Amsterdam,50,90,2,1,1,2004
https://www.funda.nl/en/detail/koop/amsterdam/appartement-overtoom-334-2/44474123/,595000,1054 JE Amsterdam,66,210,3,2,1,1900
https://www.funda.nl/en/detail/koop/amsterdam/appartement-wamberg-18-3/43333050/,495000,1083 CV Amsterdam,83,210,4,2,1,1959
https://www.funda.nl/en/detail/koop/amsterdam/appartement-de-rijpgracht-39-3/44451582/,575000,1056 XR Amsterdam,71,210,3,2,1,1934
https://www.funda.nl/en/detail/koop/amsterdam/appartement-minervalaan-89-h/80811769/,1300000,1077 NT Amsterdam,132,210,4,1,1,1937
https://www.funda.nl/en/detail/koop/amsterdam/appartement-silvoldestraat-30/44407058/,375000,1107 TG Amsterdam,73,160,3,2,1,1983
https://www.funda.nl/en/detail/koop/amsterdam/appartement-veerstraat-80-1/44458631/,450000,1075 SZ Amsterdam,48,90,2,1,1,1913
https://www.funda.nl/en/detail/koop/amsterdam/appartement-spreeuwenpark-85/80850529/,700000,1021 GV Amsterdam,106,275,5,4,1,1915
https://www.funda.nl/en/detail/koop/amsterdam/appartement-de-wittenkade-144-3/43295935/,500000,1051 AM Amsterdam,54,160,2,1,1,1905
https://www.funda.nl/en/detail/koop/amsterdam/appartement-liendenhof-307/43396619/,410000,1108 HV Amsterdam,100,90,4,3,1,1979
https://www.funda.nl/en/detail/koop/amsterdam/appartement-lutmastraat-28-d/80815731/,500000,1072 PJ Amsterdam,51,120,2,1,1,1987
https://www.funda.nl/en/detail/koop/amsterdam/appartement-burgemeester-hogguerstraat-541/80848523/,445000,1064 CV Amsterdam,78,120,3,2,1,1964
https://www.funda.nl/en/detail/koop/amsterdam/appartement-nijenburg-35/43328979/,475000,1081 GD Amsterdam,81,210,3,2,1,1967
https://www.funda.nl/en/detail/koop/amsterdam/appartement-reigerweg-1/89729922/,600000,1021 HC Amsterdam,76,90,3,2,1,1927
https://www.funda.nl/en/detail/koop/amsterdam/appartement-frieslandstraat-143/44428977/,550000,1082 TM Amsterdam,47,275,2,1,1,1964
https://www.funda.nl/en/detail/koop/amsterdam/appartement-haarlemmermeerstraat-56-h/44473021/,985000,1058 KB Amsterdam,105,160,4,3,1,1932
https://www.funda.nl/en/detail/koop/amsterdam/appartement-pieter-nieuwlandstraat-18-c/43326391/,400000,1093 XR Amsterdam,57,120,3,2,1,1985
https://www.funda.nl/en/detail/koop/amsterdam/appartement-nieuwe-uilenburgerstraat-11-a/43331662/,595000,1011 LM Amsterdam,68,120,2,1,1,1906
https://www.funda.nl/en/detail/koop/amsterdam/appartement-waldeck-pyrmontlaan-8-3/44410714/,2360000,1075 BV Amsterdam,118,70,4,3,1,1913
https://www.funda.nl/en/detail/koop/amsterdam/appartement-h-cleyndertweg-547/44489016/,400000,1025 DW Amsterdam,87,210,3,2,1,1974
https://www.funda.nl/en/detail/koop/amsterdam/appartement-ceramplein-11/44467698/,595000,1095 BP Amsterdam,81,90,3,2,1,1998
https://www.funda.nl/en/detail/koop/amsterdam/appartement-boterdiepstraat-9-1/43183424/,525000,1079 SR Amsterdam,55,90,2,1,1,1934
https://www.funda.nl/en/detail/koop/amsterdam/appartement-het-hoogt-474/43340411/,395000,1025 HM Amsterdam,68,90,3,2,1,1969
https://www.funda.nl/en/detail/koop/amsterdam/appartement-griftstraat-34-2/44410831/,525000,1079 ZC Amsterdam,59,160,3,2,1,1936
https://www.funda.nl/en/detail/koop/amsterdam/appartement-jisperveldstraat-561/44475352/,375000,1024 BB Amsterdam,84,350,4,3,1,1968
https://www.funda.nl/en/detail/koop/amsterdam/appartement-nijenburg-8/44403933/,425000,1081 GG Amsterdam,55,160,2,1,1,1967
https://www.funda.nl/en/detail/koop/amsterdam/appartement-johan-van-der-keukenstraat-16/44457298/,450000,1087 BN Amsterdam,86,70,3,2,1,2005
https://www.funda.nl/en/detail/koop/amsterdam/appartement-korte-leidsedwarsstraat-95-d/89775472/,499000,1017 PX Amsterdam,53,160,1,1,1,1988
https://www.funda.nl/en/detail/koop/amsterdam/appartement-ceintuurbaan-25-3/44421984/,649000,1072 ES Amsterdam,64,90,3,2,1,1899
https://www.funda.nl/en/detail/koop/amsterdam/appartement-jh-hisgenpad-305/44427795/,400000,1025 WK Amsterdam,58,50,2,1,1,2025
https://www.funda.nl/en/detail/koop/amsterdam/appartement-sint-willibrordusstraat-20-1/80832305/,450000,1074 XL Amsterdam,47,120,3,2,1,1900
https://www.funda.nl/en/detail/koop/amsterdam/appartement-oude-braak-19-b/43352170/,1425000,1012 PS Amsterdam,205,90,5,3,1,1931
https://www.funda.nl/en/detail/koop/amsterdam/appartement-woestduinstraat-16-g/44428759/,525000,1058 TE Amsterdam,54,90,2,1,1,2016
https://www.funda.nl/en/detail/koop/amsterdam/appartement-oeverpad-575/89602210/,625000,1068 PM Amsterdam,146,70,3,2,1,2005
https://www.funda.nl/en/detail/koop/amsterdam/appartement-laing-s-nekstraat-60-2/80831200/,400000,1092 GZ Amsterdam,42,450,2,1,1,1923
https://www.funda.nl/en/detail/koop/amsterdam/appartement-liftado-waterfront-95-100-bouwnr-537/43294188/,728000,1064 AB Amsterdam,95,50,3,2,1,2028
https://www.funda.nl/en/detail/koop/amsterdam/appartement-nieuwendammerdijk-248-b/43247695/,1175000,1025 LW Amsterdam,162,210,4,3,1,1985
https://www.funda.nl/en/detail/koop/amsterdam/appartement-marcusstraat-3-h/43148385/,800000,1091 TH Amsterdam,78,160,4,3,1,1906
https://www.funda.nl/en/detail/koop/amsterdam/appartement-zomerdijkstraat-25-2/80860450/,675000,1079 WZ Amsterdam,84,275,4,3,1,1936
https://www.funda.nl/en/detail/koop/amsterdam/appartement-gerard-doustraat-194-3/44414677/,475000,1073 XA Amsterdam,53,160,2,1,1,1893
https://www.funda.nl/en/detail/koop/amsterdam/appartement-ganzenweg-37/80867712/,925000,1021 CN Amsterdam,153,90,8,5,1,1919
https://www.funda.nl/en/detail/koop/amsterdam/appartement-dijkmanshuizenstraat-275/44484177/,595000,1024 XR Amsterdam,88,50,3,2,1,2023
https://www.funda.nl/en/detail/koop/amsterdam/appartement-zeilstraat-24-2/43027507/,1275000,1075 SH Amsterdam,171,120,6,4,1,1913
https://www.funda.nl/en/detail/koop/amsterdam/appartement-nicolaas-witsenstraat-2-d/44460667/,599000,1017 ZH Amsterdam,50,120,2,1,1,1906
https://www.funda.nl/en/detail/koop/amsterdam/appartement-type-b1-bouwnr-12/43229766/,1075000,1081 LA Amsterdam,89,30,3,2,1,2020
https://www.funda.nl/en/detail/koop/amsterdam/appartement-special-bouwnummer-1-bouwnr-1/43143710/,1106574,1019 AK Amsterdam,158,70,4,3,1,2028
https://www.funda.nl/en/detail/koop/amsterdam/appartement-oosterdokskade-25/43370104/,1050000,1011 DL Amsterdam,103,50,3,2,1,2012
https://www.funda.nl/en/detail/koop/amsterdam/appartement-fahrenheitsingel-75/44492846/,625000,1097 NV Amsterdam,80,160,5,3,1,1939
https://www.funda.nl/en/detail/koop/amsterdam/appartement-sonja-heniepad-11/89796216/,550000,1034 WC Amsterdam,102,90,4,3,1,1995
https://www.funda.nl/en/detail/koop/amsterdam/appartement-type-a-3-kamerappartement-bouwnr-c106/44452575/,451900,1069 EJ Amsterdam,64,50,3,2,1,2027
https://www.funda.nl/en/detail/koop/amsterdam/appartement-laplacestraat-59/43357308/,875000,1098 HS Amsterdam,97,160,6,4,1,1930
https://www.funda.nl/en/detail/koop/amsterdam/appartement-welnastraat-431/89739258/,285000,1096 GJ Amsterdam,28,90,1,1,1,2014
https://www.funda.nl/en/detail/koop/amsterdam/appartement-2-kamerappartement-bouwnr-e0202/44478974/,397840,1068 MT Amsterdam,48,30,2,1,1,2026
https://www.funda.nl/en/detail/koop/amsterdam/appartement-haarlemmerstraat-125-m/44453319/,300000,1013 EN Amsterdam,22,90,1,1,1,1822
https://www.funda.nl/en/detail/koop/amsterdam/appartement-hiraistraat-5-b24/43248210/,539000,1101 DA Amsterdam,79,50,3,2,1,2020
https://www.funda.nl/en/detail/koop/amsterdam/appartement-curacaostraat-109-1/44471710/,495000,1058 BS Amsterdam,54,160,6,2,1,1935
https://www.funda.nl/en/detail/koop/amsterdam/appartement-nicolaas-maesstraat-109-2/44486699/,2300000,1071 PV Amsterdam,261,210,0,6,1,1910
https://www.funda.nl/en/detail/koop/amsterdam/appartement-gerrit-van-der-veenstraat-165-h/43366831/,1595000,1077 EA Amsterdam,142,160,4,3,1,1927
https://www.funda.nl/en/detail/koop/amsterdam/appartement-2-kamersappartement-bouwnr-e0102/43343206/,390840,1068 MT Amsterdam,48,30,2,1,1,2026
https://www.funda.nl/en/detail/koop/amsterdam/appartement-deymanstraat-40/43317464/,965000,1091 SE Amsterdam,103,120,6,3,1,1987
https://www.funda.nl/en/detail/koop/amsterdam/appartement-borgerstraat-224-1/44493499/,425000,1053 RE Amsterdam,45,160,2,1,1,1911
https://www.funda.nl/en/detail/koop/amsterdam/appartement-revaleiland-73/43333366/,950000,1014 ZG Amsterdam,128,90,4,3,1,2015
https://www.funda.nl/en/detail/koop/amsterdam/appartement-van-ostadestraat-34-2/44479054/,595000,1072 SZ Amsterdam,61,160,3,2,1,1906
https://www.funda.nl/en/detail/koop/amsterdam/appartement-van-nijenrodeweg-781/80885687/,280000,1082 JJ Amsterdam,33,160,2,1,1,1964
https://www.funda.nl/en/detail/koop/amsterdam/appartement-3-kamerappartement-bouwnr-e0307/44478903/,520000,1068 MT Amsterdam,69,30,3,2,1,2020
https://www.funda.nl/en/detail/koop/amsterdam/appartement-postjesweg-335/44406705/,450000,1062 JS Amsterdam,81,160,3,2,1,1961
https://www.funda.nl/en/detail/koop/amsterdam/appartement-kempenlaan-61/44414963/,495000,1066 RA Amsterdam,117,120,5,3,1,1994
https://www.funda.nl/en/detail/koop/amsterdam/appartement-pieter-vlamingstraat-7-c/44456302/,600000,1093 AA Amsterdam,75,90,3,2,1,1881
https://www.funda.nl/en/detail/koop/amsterdam/appartement-osdorper-ban-786/44499829/,485000,1069 ZR Amsterdam,68,90,3,2,1,2007
https://www.funda.nl/en/detail/koop/amsterdam/appartement-balthasar-floriszstraat-12-2/44496835/,465000,1071 VC Amsterdam,41,210,2,1,1,1906
https://www.funda.nl/en/detail/koop/amsterdam/appartement-van-houweningenstraat-62-2/43223546/,425000,1052 TP Amsterdam,62,160,3,2,1,1897
https://www.funda.nl/en/detail/koop/amsterdam/appartement-wiborgeiland-139/44482060/,1395000,1014 ZC Amsterdam,170,90,6,4,1,2021
https://www.funda.nl/en/detail/koop/amsterdam/appartement-gentiaanplein-52-h/44412842/,400000,1031 AW Amsterdam,59,160,3,2,1,1925
https://www.funda.nl/en/detail/koop/amsterdam/appartement-domselaerstraat-55-1/44407264/,450000,1093 JP Amsterdam,61,160,3,2,1,1902
https://www.funda.nl/en/detail/koop/amsterdam/appartement-prins-hendrikkade-160-e/43333656/,725000,1011 TB Amsterdam,97,160,3,2,1,1902
https://www.funda.nl/en/detail/koop/amsterdam/appartement-admiraal-de-ruijterweg-125-1/43317321/,725000,1056 EX Amsterdam,79,160,4,2,1,1911
https://www.funda.nl/en/detail/koop/amsterdam/appartement-ijburglaan-989/44413977/,550000,1087 EN Amsterdam,94,70,3,2,1,2009
https://www.funda.nl/en/detail/koop/amsterdam/appartement-krammerstraat-36-2/43391184/,850000,1078 KJ Amsterdam,106,160,5,2,1,1928
https://www.funda.nl/en/detail/koop/amsterdam/appartement-esmoreitstraat-37-2/44452107/,475000,1055 CB Amsterdam,52,160,4,2,1,1950
https://www.funda.nl/en/detail/koop/amsterdam/appartement-wilhelmina-druckerstraat-32/44479804/,550000,1066 AA Amsterdam,94,50,4,3,1,2014
https://www.funda.nl/en/detail/koop/amsterdam/appartement-valeriusstraat-150-2/43213052/,1250000,1075 GG Amsterdam,134,450,5,4,1,1910
https://www.funda.nl/en/detail/koop/amsterdam/appartement-type-a-3-kamerappartement-bouwnr-c405/44452593/,462900,1069 EJ Amsterdam,64,50,3,2,1,2027
https://www.funda.nl/en/detail/koop/amsterdam/appartement-stadswoning-bouwnummer-146-bouwnr-146/43242766/,944523,1019 AK Amsterdam,116,70,4,3,1,2028
https://www.funda.nl/en/detail/koop/amsterdam/appartement-driekamer-appartementen-met-uitzicht-bouwnr-g06211/43322216/,512500,1033 RB Amsterdam,63,50,4,2,1,2026
https://www.funda.nl/en/detail/koop/amsterdam/appartement-govert-flinckstraat-104-d/80838190/,825000,1072 EL Amsterdam,89,70,4,3,1,1893
https://www.funda.nl/en/detail/koop/amsterdam/appartement-ck-eloutstraat-22/89566640/,499000,1068 JZ Amsterdam,105,120,5,4,1,1961
https://www.funda.nl/en/detail/koop/amsterdam/appartement-rapenburgerstraat-116/44462385/,595000,1011 ML Amsterdam,67,70,3,1,1,1998
https://www.funda.nl/en/detail/koop/amsterdam/appartement-van-walbeeckstraat-53-3/44496820/,795000,1058 CK Amsterdam,95,90,6,1,1,1935
https://www.funda.nl/en/detail/koop/amsterdam/appartement-van-hogendorpstraat-110-4/44482721/,400000,1051 BV Amsterdam,40,275,2,1,1,1900
https://www.funda.nl/en/detail/koop/amsterdam/appartement-spaarndammerstraat-14-c/80878076/,450000,1013 SV Amsterdam,52,120,3,2,1,1912
https://www.funda.nl/en/detail/koop/amsterdam/appartement-terrasappartementen-fase-2-bouwnr-0308-l2/43326361/,480000,1096 BN Amsterdam,54,50,2,1,1,2026
https://www.funda.nl/en/detail/koop/amsterdam/appartement-oeverpad-515/44414133/,725000,1068 PM Amsterdam,169,50,5,4,1,2005
https://www.funda.nl/en/detail/koop/amsterdam/appartement-eerste-helmersstraat-83-1/44403635/,585000,1054 DD Amsterdam,61,275,3,1,1,1898
https://www.funda.nl/en/detail/koop/amsterdam/appartement-parkvilla-8-3-en-4-kamer-appartement-nori-bouwnr-8/44405578/,608000,1022 LA Amsterdam,98,50,4,3,1,2020
https://www.funda.nl/en/detail/koop/amsterdam/appartement-gamerenstraat-54/44463587/,400000,1087 VN Amsterdam,52,30,3,2,1,2022
https://www.funda.nl/en/detail/koop/amsterdam/appartement-wamelplein-194/43393883/,425000,1106 DT Amsterdam,100,120,5,4,1,1983
https://www.funda.nl/en/detail/koop/amsterdam/appartement-tielstraat-93/80876036/,275000,1107 RC Amsterdam,51,160,2,1,1,1984
https://www.funda.nl/en/detail/koop/amsterdam/appartement-maisonnette-bouwnr-774/43040940/,490000,1025 WL Amsterdam,91,50,5,3,1,2020
https://www.funda.nl/en/detail/koop/amsterdam/appartement-potvisstraat-1-d/44428409/,215000,1035 HH Amsterdam,28,160,1,1,1,1991
https://www.funda.nl/en/detail/koop/amsterdam/appartement-omval-86/44488733/,925000,1096 HW Amsterdam,117,120,3,2,1,1997
https://www.funda.nl/en/detail/koop/amsterdam/appartement-djambistraat-27-2/44463525/,425000,1094 AX Amsterdam,45,160,3,2,1,1913
https://www.funda.nl/en/detail/koop/amsterdam/appartement-klaas-katerstraat-102/44495427/,350000,1069 RT Amsterdam,81,90,3,2,1,2003
https://www.funda.nl/en/detail/koop/amsterdam/appartement-katrijpstraat-170/43348866/,450000,1024 SP Amsterdam,59,30,2,1,1,2024
https://www.funda.nl/en/detail/koop/amsterdam/appartement-zaanstraat-288/80862325/,650000,1013 SB Amsterdam,78,120,4,3,1,1918
https://www.funda.nl/en/detail/koop/amsterdam/appartement-meerluchtlaan-240/80856068/,485000,1096 DA Amsterdam,48,50,2,1,1,2024
https://www.funda.nl/en/detail/koop/amsterdam/appartement-uiterwaardenstraat-284-1/44451138/,495000,1079 DA Amsterdam,59,210,2,1,1,1933
https://www.funda.nl/en/detail/koop/amsterdam/appartement-jacob-van-lennepstraat-43-2/44470833/,525000,1053 HC Amsterdam,55,120,3,2,1,1882
https://www.funda.nl/en/detail/koop/amsterdam/appartement-schipluidenlaan-82/89796339/,485000,1062 HE Amsterdam,55,70,2,1,1,2019
https://www.funda.nl/en/detail/koop/amsterdam/appartement-banstraat-5-l/44486450/,9580000,1071 JV Amsterdam,340,70,7,4,1,2013
https://www.funda.nl/en/detail/koop/amsterdam/appartement-sint-willibrordusstraat-26-h/44498080/,450000,1074 XM Amsterdam,48,160,2,1,1,1900
https://www.funda.nl/en/detail/koop/amsterdam/appartement-langswater-608/44459587/,275000,1069 EE Amsterdam,61,210,3,2,1,1966
https://www.funda.nl/en/detail/koop/amsterdam/appartement-daniel-stalpertstraat-23-b/44419409/,899000,1072 XA Amsterdam,100,160,4,2,1,1880
https://www.funda.nl/en/detail/koop/amsterdam/appartement-potvisstraat-1-a/44427266/,225000,1035 HH Amsterdam,28,160,1,1,1,1991
https://www.funda.nl/en/detail/koop/amsterdam/appartement-oudezijds-achterburgwal-152-c/89783186/,550000,1012 DV Amsterdam,68,160,2,1,1,1767
https://www.funda.nl/en/detail/koop/amsterdam/appartement-van-tuyll-van-serooskerkenweg-76/44485765/,700000,1076 JN Amsterdam,83,210,4,2,1,1930
https://www.funda.nl/en/detail/koop/amsterdam/appartement-frieslandstraat-131/44413881/,485000,1082 TM Amsterdam,71,160,3,2,1,1965
https://www.funda.nl/en/detail/koop/amsterdam/appartement-type-a-3-kamerappartement-bouwnr-c205/44452580/,452900,1069 EJ Amsterdam,64,50,3,2,1,2027
https://www.funda.nl/en/detail/koop/amsterdam/appartement-pieter-van-der-werfstraat-93/89741967/,399000,1067 EM Amsterdam,74,90,3,2,1,2014
https://www.funda.nl/en/detail/koop/amsterdam/appartement-stolwijkstraat-3-3/43213277/,1050000,1059 XR Amsterdam,125,210,5,4,1,1929
https://www.funda.nl/en/detail/koop/amsterdam/appartement-van-tuyll-van-serooskerkenplein-29-1/44471288/,595000,1076 LZ Amsterdam,67,160,3,2,1,1930
https://www.funda.nl/en/detail/koop/amsterdam/appartement-gerard-doustraat-1-e3/44495554/,500000,1072 VG Amsterdam,63,275,3,2,1,1884
https://www.funda.nl/en/detail/koop/amsterdam/appartement-eerste-atjehstraat-142-a/80833571/,595000,1094 KV Amsterdam,68,90,2,1,1,1905
https://www.funda.nl/en/detail/koop/amsterdam/appartement-terrasappartement-bouwnr-61/43008803/,867500,1061 AV Amsterdam,100,30,4,3,1,2027
https://www.funda.nl/en/detail/koop/amsterdam/appartement-marius-bauerstraat-235-b2/89780599/,300000,1062 AL Amsterdam,33,90,2,1,1,1967
https://www.funda.nl/en/detail/koop/amsterdam/appartement-ottho-heldringstraat-200-d/80885601/,595000,1066 AZ Amsterdam,105,90,4,2,1,2015
https://www.funda.nl/en/detail/koop/amsterdam/appartement-appartement-bouwnummer-110-bouwnr-110/43143845/,660284,1019 AK Amsterdam,77,70,3,2,1,2028
https://www.funda.nl/en/detail/koop/amsterdam/appartement-bos-en-lommerweg-331-1/43331881/,550000,1055 EA Amsterdam,76,160,5,3,1,1940
https://www.funda.nl/en/detail/koop/amsterdam/appartement-leerdamhof-322/44472845/,350000,1108 CC Amsterdam,89,120,4,3,1,1980
https://www.funda.nl/en/detail/koop/amsterdam/appartement-prinsengracht-197-a/44453667/,580000,1015 DT Amsterdam,74,210,2,1,1,1906
https://www.funda.nl/en/detail/koop/amsterdam/appartement-cortado-waterfront-95-100-bouwnr-483/43294114/,701000,1064 AB Amsterdam,96,50,4,3,1,2028
https://www.funda.nl/en/detail/koop/amsterdam/appartement-gerard-doustraat-170-h/44456123/,700000,1073 VZ Amsterdam,65,160,3,2,1,1876
https://www.funda.nl/en/detail/koop/amsterdam/appartement-manegestraat-2-1/89790474/,395000,1018 VP Amsterdam,49,210,2,1,1,1965
https://www.funda.nl/en/detail/koop/amsterdam/appartement-parkvilla-8-3-en-4-kamer-appartement-auri-bouwnr-1/44405564/,484000,1022 LA Amsterdam,78,50,3,2,1,2020
https://www.funda.nl/en/detail/koop/amsterdam/appartement-bijlmerdreef-1215/43317315/,325000,1103 TX Amsterdam,74,70,3,2,1,2007
https://www.funda.nl/en/detail/koop/amsterdam/appartement-oranje-nassaulaan-21-d/44469186/,4500000,1075 AJ Amsterdam,233,90,4,3,1,2024
https://www.funda.nl/en/detail/koop/amsterdam/appartement-valeriusstraat-132-2/44408777/,1650000,1075 GE Amsterdam,158,210,5,3,1,1909
https://www.funda.nl/en/detail/koop/amsterdam/appartement-maisonnettes-op-het-groene-erf-bouwnr-10/89599782/,865000,1035 PP Amsterdam,143,30,5,4,1,2020
https://www.funda.nl/en/detail/koop/amsterdam/appartement-appartement-bouwnummer-202-bouwnr-202/43241188/,635286,1019 AK Amsterdam,77,70,3,2,1,2028
https://www.funda.nl/en/detail/koop/amsterdam/appartement-haarlemmerweg-418/80837292/,490000,1014 BL Amsterdam,46,90,2,1,1,1970
https://www.funda.nl/en/detail/koop/amsterdam/appartement-vondelstraat-68-3/44417773/,1295000,1054 GG Amsterdam,127,120,4,3,1,1871
https://www.funda.nl/en/detail/koop/amsterdam/appartement-van-abbestraat-289/89764319/,640000,1064 PM Amsterdam,102,120,4,3,1,1998
https://www.funda.nl/en/detail/koop/amsterdam/appartement-van-mourik-broekmanstraat-19-1/89768191/,435000,1065 ER Amsterdam,75,160,4,3,1,1958
https://www.funda.nl/en/detail/koop/amsterdam/appartement-katrijpstraat-159/89793376/,425000,1024 SP Amsterdam,50,30,2,1,1,2026
https://www.funda.nl/en/detail/koop/amsterdam/appartement-sarphatipark-74-3/43332254/,550000,1073 EA Amsterdam,65,160,3,2,1,1890
https://www.funda.nl/en/detail/koop/amsterdam/appartement-montferlandstraat-8-2/44450877/,595000,1079 PJ Amsterdam,71,160,4,3,1,1952
https://www.funda.nl/en/detail/koop/amsterdam/appartement-bernard-zweerskade-22/43362206/,1400000,1077 VA Amsterdam,223,275,7,5,1,1931
https://www.funda.nl/en/detail/koop/amsterdam/appartement-parkvilla-9-4-kamer-appartement-selu-bouwnr-36/44405565/,761000,1022 LA Amsterdam,125,30,4,3,1,2020
https://www.funda.nl/en/detail/koop/amsterdam/appartement-jan-olphert-vaillantlaan-73-c/44402905/,425000,1086 XZ Amsterdam,52,120,3,2,1,2006
https://www.funda.nl/en/detail/koop/amsterdam/appartement-djambistraat-11-1/80835464/,425000,1094 AW Amsterdam,46,120,3,2,1,1913
https://www.funda.nl/en/detail/koop/amsterdam/appartement-bankastraat-52-d/44474629/,490000,1094 EG Amsterdam,51,210,2,1,1,1912
https://www.funda.nl/en/detail/koop/amsterdam/appartement-type-c1-bouwnr-19/43229760/,1350000,1081 LA Amsterdam,98,30,3,2,2,2020
https://www.funda.nl/en/detail/koop/amsterdam/appartement-jan-tooropstraat-581/89704035/,580000,1061 AE Amsterdam,88,70,3,2,1,2008
https://www.funda.nl/en/detail/koop/amsterdam/appartement-johannes-verhulststraat-156-2/43325400/,575000,1071 NP Amsterdam,56,90,3,1,1,1903
https://www.funda.nl/en/detail/koop/amsterdam/appartement-amstelvlietstraat-243/44416353/,560000,1096 GG Amsterdam,66,90,3,1,1,2012
https://www.funda.nl/en/detail/koop/amsterdam/appartement-hogehilweg-12-b89/43247259/,615000,1101 CD Amsterdam,88,30,3,2,1,2026
https://www.funda.nl/en/detail/koop/amsterdam/appartement-abbenesstraat-5/43322669/,700000,1059 TB Amsterdam,71,160,3,2,1,1935
https://www.funda.nl/en/detail/koop/amsterdam/appartement-wittgensteinlaan-106/89730213/,595000,1062 KC Amsterdam,90,90,3,2,1,1991
https://www.funda.nl/en/detail/koop/amsterdam/appartement-van-heenvlietlaan-325/44488282/,749000,1083 DD Amsterdam,99,120,4,3,1,2001
https://www.funda.nl/en/detail/koop/amsterdam/appartement-mosplein-18-a/89798066/,450000,1032 JX Amsterdam,65,90,3,2,1,1929
https://www.funda.nl/en/detail/koop/amsterdam/appartement-valeriusstraat-158-3/43314579/,1495000,1075 GG Amsterdam,139,160,5,3,1,1911
https://www.funda.nl/en/detail/koop/amsterdam/appartement-silodam-246/44495007/,895000,1013 AS Amsterdam,88,90,3,2,1,1906
https://www.funda.nl/en/detail/koop/amsterdam/appartement-lijnbaansgracht-217-1/43237447/,599000,1016 XJ Amsterdam,61,120,3,2,1,1940
https://www.funda.nl/en/detail/koop/amsterdam/appartement-boris-pasternakstraat-229/89692027/,330000,1102 TC Amsterdam,70,160,3,2,1,1984
https://www.funda.nl/en/detail/koop/amsterdam/appartement-kiekstraat-157/43328201/,575000,1087 GT Amsterdam,98,50,4,3,1,2004
https://www.funda.nl/en/detail/koop/amsterdam/appartement-plantage-middenlaan-9-1/80861273/,1800000,1018 DA Amsterdam,239,275,5,4,1,1848
https://www.funda.nl/en/detail/koop/amsterdam/appartement-hudsonstraat-123-1/80874182/,395000,1057 SE Amsterdam,50,160,2,1,1,1924
https://www.funda.nl/en/detail/koop/amsterdam/appartement-tjasker-13/44400585/,325000,1035 CP Amsterdam,79,120,3,2,1,1968
https://www.funda.nl/en/detail/koop/amsterdam/appartement-rooswijck-92/44428228/,525000,1081 AL Amsterdam,80,275,3,2,1,1962
https://www.funda.nl/en/detail/koop/amsterdam/appartement-sumatraplantsoen-7-b/44409574/,550000,1095 HW Amsterdam,81,120,3,2,1,1997
https://www.funda.nl/en/detail/koop/amsterdam/appartement-hudsonstraat-59-1/80866698/,445000,1057 RZ Amsterdam,50,160,3,2,1,1924
https://www.funda.nl/en/detail/koop/amsterdam/appartement-ruysdaelkade-269-c/43344302/,895000,1072 AZ Amsterdam,114,210,8,4,1,1922
https://www.funda.nl/en/detail/koop/amsterdam/appartement-nova-zemblastraat-437/44452132/,325000,1013 RJ Amsterdam,34,90,2,1,1,1984
https://www.funda.nl/en/detail/koop/amsterdam/appartement-type-b-2-kamerappartement-bouwnr-c408/44452730/,349900,1069 EJ Amsterdam,43,50,2,1,1,2027
https://www.funda.nl/en/detail/koop/amsterdam/appartement-rustenburgerstraat-37-a/44428670/,675000,1074 ER Amsterdam,54,90,3,2,1,1912
https://www.funda.nl/en/detail/koop/amsterdam/appartement-kuipersstraat-14-1/43177112/,450000,1074 EK Amsterdam,52,350,3,2,1,1911
https://www.funda.nl/en/detail/koop/amsterdam/appartement-voc-kade-154/43248535/,550000,1018 LG Amsterdam,55,50,2,1,1,2021
https://www.funda.nl/en/detail/koop/amsterdam/appartement-rozengracht-55-3/89762062/,750000,1016 LS Amsterdam,100,120,3,2,1,1663
https://www.funda.nl/en/detail/koop/amsterdam/appartement-appartementen-op-het-groene-erf-bouwnr-9/89599793/,790000,1035 PP Amsterdam,117,30,3,2,1,2020
https://www.funda.nl/en/detail/koop/amsterdam/appartement-nicolaas-anslijnstraat-11-a/44411517/,325000,1068 WL Amsterdam,41,90,2,1,1,1964
https://www.funda.nl/en/detail/koop/amsterdam/appartement-singel-399-a/44468822/,1249000,1012 WN Amsterdam,138,160,4,3,1,1988
https://www.funda.nl/en/detail/koop/amsterdam/appartement-veemkade-310/80869909/,695000,1019 HD Amsterdam,100,90,3,2,1,2006
https://www.funda.nl/en/detail/koop/amsterdam/appartement-frederiksstraat-26-2/44411305/,400000,1054 LD Amsterdam,42,120,2,1,1,1882
https://www.funda.nl/en/detail/koop/amsterdam/appartement-gouden-leeuw-851/80856859/,275000,1103 KT Amsterdam,53,90,2,1,1,1974
https://www.funda.nl/en/detail/koop/amsterdam/appartement-4-kamersappartement-bouwnr-d0002/43344801/,640840,1068 MT Amsterdam,82,30,4,3,1,2026
https://www.funda.nl/en/detail/koop/amsterdam/appartement-tussendek-39/44471415/,399000,1034 TR Amsterdam,89,90,4,3,1,1977
https://www.funda.nl/en/detail/koop/amsterdam/appartement-nieuwe-osdorpergracht-474-e/44459886/,500000,1068 HV Amsterdam,81,50,3,2,1,2023
https://www.funda.nl/en/detail/koop/amsterdam/appartement-type-b2-bouwnr-16/43229784/,1175000,1081 LA Amsterdam,92,30,3,2,1,2020
https://www.funda.nl/en/detail/koop/amsterdam/appartement-willy-sluiterstraat-18/43314521/,595000,1061 TH Amsterdam,92,50,4,3,1,2013
https://www.funda.nl/en/detail/koop/amsterdam/appartement-th-k-van-lohuizenlaan-252/44470871/,550000,1095 DW Amsterdam,75,90,3,2,1,2005
https://www.funda.nl/en/detail/koop/amsterdam/appartement-sarphatistraat-93-1/44402618/,935000,1018 EZ Amsterdam,75,30,3,2,1,1806
https://www.funda.nl/en/detail/koop/amsterdam/appartement-liftado-waterfront-95-100-bouwnr-544/43294194/,740000,1064 AB Amsterdam,99,50,6,4,1,2028
https://www.funda.nl/en/detail/koop/amsterdam/appartement-surinamestraat-30-1/43382670/,599000,1058 GK Amsterdam,75,160,4,3,1,1918
https://www.funda.nl/en/detail/koop/amsterdam/appartement-realengracht-30/44429144/,1230000,1013 KW Amsterdam,170,210,4,3,1,1650
https://www.funda.nl/en/detail/koop/amsterdam/appartement-ruyschstraat-50-2/80851917/,625000,1091 CD Amsterdam,68,90,3,2,1,1893
https://www.funda.nl/en/detail/koop/amsterdam/appartement-zuideinde-366-h/89619365/,845000,1035 PP Amsterdam,143,30,5,4,1,2020
https://www.funda.nl/en/detail/koop/amsterdam/appartement-mt-lincolnweg-86/44481783/,500000,1033 SN Amsterdam,58,50,2,1,1,2024
https://www.funda.nl/en/detail/koop/amsterdam/appartement-type-a-bouwnr-418/43716781/,410000,1062 HE Amsterdam,50,10,2,1,1,2026
https://www.funda.nl/en/detail/koop/amsterdam/appartement-president-kennedylaan-238-1/44469607/,725000,1079 NV Amsterdam,71,90,3,2,1,1934
https://www.funda.nl/en/detail/koop/amsterdam/appartement-nicolaas-anslijnstraat-76/43374615/,375000,1068 WR Amsterdam,82,160,3,2,1,1964
https://www.funda.nl/en/detail/koop/amsterdam/appartement-rooseveltlaan-151-1/44453063/,875000,1079 AL Amsterdam,99,120,5,2,1,1934
https://www.funda.nl/en/detail/koop/amsterdam/appartement-keizersgracht-570-a/89793380/,2800000,1017 EM Amsterdam,267,210,7,4,1,1685
https://www.funda.nl/en/detail/koop/amsterdam/appartement-langswater-32/44480443/,335000,1069 TR Amsterdam,70,160,4,3,1,1965
https://www.funda.nl/en/detail/koop/amsterdam/appartement-aalbersestraat-156/44408355/,250000,1067 GJ Amsterdam,41,90,2,1,1,1956
https://www.funda.nl/en/detail/koop/amsterdam/appartement-eerste-oosterparkstraat-212/44469039/,550000,1091 HL Amsterdam,76,160,4,3,1,1994
https://www.funda.nl/en/detail/koop/amsterdam/appartement-mary-zeldenruststraat-98/44486862/,575000,1091 DP Amsterdam,70,90,3,2,1,1988
https://www.funda.nl/en/detail/koop/amsterdam/appartement-nieuwe-keizersgracht-60-3/43338305/,825000,1018 DT Amsterdam,91,70,3,2,1,1792
https://www.funda.nl/en/detail/koop/amsterdam/appartement-wijsmullerstraat-34-3/80889783/,520000,1058 JK Amsterdam,53,210,2,1,1,1932
https://www.funda.nl/en/detail/koop/amsterdam/appartement-amazonenstraat-12-1/44470705/,425000,1076 LJ Amsterdam,54,160,3,2,1,1930
https://www.funda.nl/en/detail/koop/amsterdam/appartement-prinsengracht-715-4v/44466739/,685000,1017 JW Amsterdam,65,160,2,1,1,1727
https://www.funda.nl/en/detail/koop/amsterdam/appartement-van-beuningenstraat-144-3/43801097/,435000,1051 XW Amsterdam,50,275,3,1,1,1906
https://www.funda.nl/en/detail/koop/amsterdam/appartement-3-kamerappartement-bouwnr-d0306/44478985/,510000,1068 MT Amsterdam,71,30,3,2,1,2020
https://www.funda.nl/en/detail/koop/amsterdam/appartement-grasweg-384/44406103/,795000,1031 HX Amsterdam,77,30,3,2,1,2020
https://www.funda.nl/en/detail/koop/amsterdam/appartement-parkvilla-9-4-kamer-appartement-rivu-bouwnr-31/44405441/,643000,1022 LA Amsterdam,104,30,4,3,1,2020
https://www.funda.nl/en/detail/koop/amsterdam/appartement-bilderdijkstraat-192-3/43342946/,750000,1053 LE Amsterdam,115,210,5,3,1,1906
https://www.funda.nl/en/detail/koop/amsterdam/appartement-joos-de-moorstraat-25-2/43335428/,498000,1056 TV Amsterdam,53,120,3,2,1,1937
https://www.funda.nl/en/detail/koop/amsterdam/appartement-maisonnette-bouwnr-e0007/44478902/,665000,1068 MT Amsterdam,98,30,5,3,1,2020
https://www.funda.nl/en/detail/koop/amsterdam/appartement-zeeburgerkade-142/44498933/,595000,1019 HH Amsterdam,86,120,3,2,1,1990
https://www.funda.nl/en/detail/koop/amsterdam/appartement-admiraal-de-ruijterweg-393-3/44484436/,975000,1055 MC Amsterdam,136,120,5,4,1,1912
https://www.funda.nl/en/detail/koop/amsterdam/appartement-leuvenstraat-78/44487968/,550000,1066 HC Amsterdam,97,160,4,3,1,1993
https://www.funda.nl/en/detail/koop/amsterdam/appartement-van-ostadestraat-338-2/44400390/,425000,1073 TZ Amsterdam,45,160,2,1,1,1889
https://www.funda.nl/en/detail/koop/amsterdam/appartement-veerstraat-40-4/44428855/,440000,1075 SW Amsterdam,46,90,2,1,1,1912
https://www.funda.nl/en/detail/koop/amsterdam/appartement-amstelveenseweg-94-a/44486843/,645000,1075 XJ Amsterdam,68,90,2,1,1,2000
https://www.funda.nl/en/detail/koop/amsterdam/appartement-stadhouderskade-17-f/43333491/,1650000,1054 ES Amsterdam,215,90,4,3,1,1991
https://www.funda.nl/en/detail/koop/amsterdam/appartement-jan-haringstraat-18-1/44486545/,399000,1056 XJ Amsterdam,50,160,4,2,1,1938
https://www.funda.nl/en/detail/koop/amsterdam/appartement-ijburglaan-1455/80884120/,650000,1087 KH Amsterdam,106,70,4,3,1,2004
https://www.funda.nl/en/detail/koop/amsterdam/appartement-hoofdweg-356-2/80835621/,450000,1056 DC Amsterdam,56,90,3,2,1,1927
https://www.funda.nl/en/detail/koop/amsterdam/appartement-hof-van-versailles-3/44412062/,775000,1064 NX Amsterdam,134,120,5,4,1,1998
https://www.funda.nl/en/detail/koop/amsterdam/appartement-willem-de-zwijgerlaan-28-3/44451364/,525000,1056 JR Amsterdam,67,350,4,2,1,1940
https://www.funda.nl/en/detail/koop/amsterdam/appartement-liftado-penthouse-bouwnr-565/43205415/,614000,1064 AB Amsterdam,77,70,3,2,1,2028
https://www.funda.nl/en/detail/koop/amsterdam/appartement-boerhaaveplein-11/44425296/,525000,1091 DH Amsterdam,71,120,3,2,1,1988
https://www.funda.nl/en/detail/koop/amsterdam/appartement-valeriusstraat-91-3/44460476/,1375000,1075 EP Amsterdam,67,70,3,2,1,1904
https://www.funda.nl/en/detail/koop/amsterdam/appartement-van-ostadestraat-191-b/43341045/,750000,1073 TM Amsterdam,85,90,3,2,1,1905
https://www.funda.nl/en/detail/koop/amsterdam/appartement-floraweg-79/44472183/,285000,1032 XM Amsterdam,35,160,2,1,1,1989
https://www.funda.nl/en/detail/koop/amsterdam/appartement-laurierstraat-22-h/44411784/,2590000,1016 PM Amsterdam,302,90,8,4,1,1871
https://www.funda.nl/en/detail/koop/amsterdam/appartement-appartement-bouwnummer-183-bouwnr-183/43241033/,675385,1019 AK Amsterdam,82,70,3,2,1,2028
https://www.funda.nl/en/detail/koop/amsterdam/appartement-overtoom-168-h/44498911/,695000,1054 HP Amsterdam,70,160,2,1,1,1885
https://www.funda.nl/en/detail/koop/amsterdam/appartement-krijn-taconiskade-471/44478800/,550000,1087 HW Amsterdam,77,50,3,2,1,2022
https://www.funda.nl/en/detail/koop/amsterdam/appartement-blasiusstraat-26-3/43342075/,900000,1091 CS Amsterdam,103,160,3,2,1,1893
https://www.funda.nl/en/detail/koop/amsterdam/appartement-kleiburg-818/43371936/,350000,1104 EA Amsterdam,68,90,3,2,1,2015
https://www.funda.nl/en/detail/koop/amsterdam/appartement-de-klencke-87-c/44405509/,950000,1083 HH Amsterdam,115,90,4,3,1,2017
https://www.funda.nl/en/detail/koop/amsterdam/appartement-orteliusstraat-138-e/43347746/,750000,1057 BH Amsterdam,92,120,4,3,1,1927
https://www.funda.nl/en/detail/koop/amsterdam/appartement-liftado-waterfront-95-100-bouwnr-542/43294196/,733000,1064 AB Amsterdam,95,50,3,2,1,2028
https://www.funda.nl/en/detail/koop/amsterdam/appartement-hoogoord-39/44454914/,375000,1102 CB Amsterdam,92,70,4,3,1,1968
https://www.funda.nl/en/detail/koop/amsterdam/appartement-jan-van-galenstraat-164-3/44411630/,475000,1056 CJ Amsterdam,71,120,3,2,1,1927
https://www.funda.nl/en/detail/koop/amsterdam/appartement-grootzeil-203/44400932/,375000,1034 LW Amsterdam,91,160,3,2,1,1976
https://www.funda.nl/en/detail/koop/amsterdam/appartement-parkvilla-8-4-kamer-appartement-vivi-bouwnr-24/44405577/,710000,1022 LA Amsterdam,114,50,4,3,1,2020
https://www.funda.nl/en/detail/koop/amsterdam/appartement-garden-maisonnettes-bouwnr-6/44467397/,691613,1095 PG Amsterdam,89,30,4,2,1,2027
https://www.funda.nl/en/detail/koop/amsterdam/appartement-chet-bakerstraat-105/44485842/,539000,1066 GJ Amsterdam,91,90,3,2,1,1999
https://www.funda.nl/en/detail/koop/amsterdam/appartement-nassaukade-340-p/44400128/,700000,1053 LW Amsterdam,85,120,3,2,1,1984
https://www.funda.nl/en/detail/koop/amsterdam/appartement-willem-van-weldammelaan-111/44477180/,1600000,1082 KT Amsterdam,162,70,3,2,1,2007
https://www.funda.nl/en/detail/koop/amsterdam/appartement-type-a-bouwnr-607/43716864/,415000,1062 HE Amsterdam,50,10,2,1,1,2026
https://www.funda.nl/en/detail/koop/amsterdam/appartement-leerdamhof-82/80810642/,349000,1108 BG Amsterdam,81,90,4,3,1,1980
https://www.funda.nl/en/detail/koop/amsterdam/appartement-da-costastraat-65-4/44455172/,352000,1053 ZE Amsterdam,40,120,2,1,1,1888
https://www.funda.nl/en/detail/koop/amsterdam/appartement-appartement-bouwnummer-126-bouwnr-126/43143857/,727477,1019 AK Amsterdam,85,70,3,2,1,2028
https://www.funda.nl/en/detail/koop/amsterdam/appartement-hoendiepstraat-19-h/44482650/,499000,1079 LR Amsterdam,58,210,2,1,1,1934
https://www.funda.nl/en/detail/koop/amsterdam/appartement-olympiakade-14-2/44484814/,575000,1076 XP Amsterdam,63,120,2,1,1,1926
https://www.funda.nl/en/detail/koop/amsterdam/appartement-johan-van-der-keukenstraat-99/44464655/,600000,1087 BC Amsterdam,111,70,4,2,1,2005
https://www.funda.nl/en/detail/koop/amsterdam/appartement-esmoreitstraat-15-2/44489775/,450000,1055 BZ Amsterdam,57,160,3,2,1,1952
https://www.funda.nl/en/detail/koop/amsterdam/appartement-haarlemmerdijk-91-1/80858561/,425000,1013 KC Amsterdam,44,120,2,1,1,1865
https://www.funda.nl/en/detail/koop/amsterdam/appartement-2-kamer-appartement-bouwnr-391/43276245/,380370,1102 AK Amsterdam,48,50,2,1,1,2020
https://www.funda.nl/en/detail/koop/amsterdam/appartement-nijenburg-25/43329823/,429000,1081 GD Amsterdam,62,160,3,1,1,1967
https://www.funda.nl/en/detail/koop/amsterdam/appartement-lumierestraat-62/44464858/,525000,1087 KH Amsterdam,84,70,3,2,1,2008
https://www.funda.nl/en/detail/koop/amsterdam/appartement-stadionweg-142/44470584/,1300000,1077 SX Amsterdam,171,210,7,4,1,1939
https://www.funda.nl/en/detail/koop/amsterdam/appartement-pieter-jacobszstraat-29/44463430/,525000,1012 HL Amsterdam,55,90,2,1,1,1837
https://www.funda.nl/en/detail/koop/amsterdam/appartement-savelsbos-22/43261015/,395000,1025 BE Amsterdam,77,160,4,3,1,1967
https://www.funda.nl/en/detail/koop/amsterdam/appartement-jacob-burggraafstraat-176/44473028/,900000,1018 WA Amsterdam,112,70,2,1,1,2004
https://www.funda.nl/en/detail/koop/amsterdam/appartement-ij-boysstraat-11/43295163/,410000,1022 LP Amsterdam,70,50,3,2,1,2020
https://www.funda.nl/en/detail/koop/amsterdam/appartement-wedderborg-25/44475082/,495000,1082 SV Amsterdam,67,90,3,2,1,1963
https://www.funda.nl/en/detail/koop/amsterdam/appartement-papendrechtstraat-4/89798210/,325000,1106 BP Amsterdam,76,160,3,2,1,1982
https://www.funda.nl/en/detail/koop/amsterdam/appartement-van-der-helstplein-10-1/80845513/,620000,1072 PH Amsterdam,63,160,3,2,1,1917
https://www.funda.nl/en/detail/koop/amsterdam/appartement-baetostraat-18-h/44494184/,795000,1055 ES Amsterdam,96,210,5,2,1,1940
https://www.funda.nl/en/detail/koop/amsterdam/appartement-oranje-zwartstraat-200/43277330/,490000,1022 LV Amsterdam,91,50,4,2,1,2020
https://www.funda.nl/en/detail/koop/amsterdam/appartement-singel-299-2/43149607/,1850000,1012 WH Amsterdam,203,90,6,3,1,1650
https://www.funda.nl/en/detail/koop/amsterdam/appartement-van-speijkstraat-48-3/43205062/,875000,1057 HD Amsterdam,110,90,7,4,1,1922
https://www.funda.nl/en/detail/koop/amsterdam/appartement-kuipersstraat-79-h/44463814/,850000,1074 EH Amsterdam,92,120,3,2,1,1933
https://www.funda.nl/en/detail/koop/amsterdam/appartement-churchill-laan-292-3/44491614/,995000,1078 GB Amsterdam,130,210,6,4,2,1929
https://www.funda.nl/en/detail/koop/amsterdam/appartement-parkvilla-8-3-en-4-kamer-appartement-auri-bouwnr-6/44405568/,542000,1022 LA Amsterdam,86,30,3,2,1,2020
https://www.funda.nl/en/detail/koop/amsterdam/appartement-crown-terrace-residences-bouwnr-23-g/43229777/,2450000,1081 LA Amsterdam,154,30,5,4,2,2020
https://www.funda.nl/en/detail/koop/amsterdam/appartement-ruysdaelstraat-49-f4/43304304/,1750000,1071 XA Amsterdam,148,90,4,3,1,1912
https://www.funda.nl/en/detail/koop/amsterdam/appartement-bernissestraat-14-a/44428288/,945000,1079 ZW Amsterdam,105,90,3,2,1,2007
https://www.funda.nl/en/detail/koop/amsterdam/appartement-willem-beukelsstraat-34-h/44482045/,1875000,1097 CT Amsterdam,174,90,6,3,1,1914
https://www.funda.nl/en/detail/koop/amsterdam/appartement-driekamerappartement-bouwnr-21/43395772/,340200,1087 VL Amsterdam,54,30,3,2,1,2027
https://www.funda.nl/en/detail/koop/amsterdam/appartement-johannes-verhulststraat-134-1/44495945/,645000,1071 NN Amsterdam,67,210,3,1,1,1902
https://www.funda.nl/en/detail/koop/amsterdam/appartement-type-c1-bouwnr-5/43229769/,1200000,1081 LA Amsterdam,98,30,3,2,2,2020
https://www.funda.nl/en/detail/koop/amsterdam/appartement-van-woustraat-123-4/43347534/,625000,1074 AH Amsterdam,60,90,4,3,1,1906
https://www.funda.nl/en/detail/koop/amsterdam/appartement-maarten-harpertszoon-trompstraat-41-1/44402542/,500000,1056 HX Amsterdam,57,160,3,2,1,1925
https://www.funda.nl/en/detail/koop/amsterdam/appartement-liftado-waterfront-95-100-bouwnr-559/43294108/,713000,1064 AB Amsterdam,93,50,6,4,1,2028
https://www.funda.nl/en/detail/koop/amsterdam/appartement-appartement-bouwnummer-205-bouwnr-205/43241043/,680384,1019 AK Amsterdam,82,70,3,2,1,2028
https://www.funda.nl/en/detail/koop/amsterdam/appartement-type-d-bouwnr-15/43229776/,1550000,1081 LA Amsterdam,119,30,4,3,1,2020
https://www.funda.nl/en/detail/koop/amsterdam/appartement-geuzenkade-13-1/43147871/,700000,1056 KJ Amsterdam,74,90,5,3,1,1937
https://www.funda.nl/en/detail/koop/amsterdam/appartement-tuinstraat-214/43304296/,750000,1015 PJ Amsterdam,77,90,3,2,1,1993
https://www.funda.nl/en/detail/koop/amsterdam/appartement-louise-de-colignystraat-50-3/44498468/,499000,1055 XN Amsterdam,56,90,2,1,1,1937
https://www.funda.nl/en/detail/koop/amsterdam/appartement-burgemeester-cramergracht-179/44429642/,550000,1064 AM Amsterdam,91,210,3,2,1,1958
https://www.funda.nl/en/detail/koop/amsterdam/appartement-terrasappartement-bouwnr-15/43051846/,680000,1061 AV Amsterdam,83,30,3,2,1,2027
https://www.funda.nl/en/detail/koop/amsterdam/appartement-sluisstraat-40-1/44402455/,460000,1075 TG Amsterdam,49,210,2,1,1,1914
https://www.funda.nl/en/detail/koop/amsterdam/appartement-type-a-3-kamerappartement-bouwnr-c306/44452579/,462900,1069 EJ Amsterdam,64,50,3,2,1,2027
https://www.funda.nl/en/detail/koop/amsterdam/appartement-raphaelstraat-25-h/44473075/,1250000,1077 PN Amsterdam,158,160,5,4,1,1927
https://www.funda.nl/en/detail/koop/amsterdam/appartement-kerkstraat-125-o/80876392/,645000,1017 GE Amsterdam,72,120,3,2,1,1850
https://www.funda.nl/en/detail/koop/amsterdam/appartement-zeilstraat-58-2/80838143/,499000,1075 SK Amsterdam,60,120,3,2,1,1913
https://www.funda.nl/en/detail/koop/amsterdam/appartement-admiraal-de-ruijterweg-316-c/44480434/,425000,1055 MV Amsterdam,51,160,3,2,1,1925
https://www.funda.nl/en/detail/koop/amsterdam/appartement-ijburglaan-765/44427546/,500000,1087 CH Amsterdam,83,90,3,2,1,2007
https://www.funda.nl/en/detail/koop/amsterdam/appartement-robert-fruinlaan-27-2/44417800/,350000,1065 XZ Amsterdam,58,160,3,2,1,1952
https://www.funda.nl/en/detail/koop/amsterdam/appartement-chet-bakerstraat-157/43334553/,535000,1066 GJ Amsterdam,92,90,3,2,1,1999
https://www.funda.nl/en/detail/koop/amsterdam/appartement-eduard-hellendoornstraat-15/43330687/,375000,1069 PW Amsterdam,82,120,3,2,1,1990
https://www.funda.nl/en/detail/koop/amsterdam/appartement-loevestein-131/80855505/,675000,1082 XE Amsterdam,80,160,3,2,1,1963
https://www.funda.nl/en/detail/koop/amsterdam/appartement-nieuwpoortstraat-104-1/44419875/,375000,1055 RZ Amsterdam,48,160,3,2,1,1934
https://www.funda.nl/en/detail/koop/amsterdam/appartement-valeriusterras-5-c/44467564/,1119500,1075 BK Amsterdam,78,70,3,2,1,1925
https://www.funda.nl/en/detail/koop/amsterdam/appartement-pieter-jacobszstraat-8-c/80859942/,800000,1012 HL Amsterdam,117,120,4,4,1,1905
https://www.funda.nl/en/detail/koop/amsterdam/appartement-hoofdweg-550/44488078/,590000,1055 AB Amsterdam,75,70,3,2,1,2008
https://www.funda.nl/en/detail/koop/amsterdam/appartement-eerste-passeerdersdwarsstraat-96/43320708/,1740000,1016 XD Amsterdam,208,90,3,2,1,1900
https://www.funda.nl/en/detail/koop/amsterdam/appartement-bloemgracht-20-1/44421735/,1495000,1015 TJ Amsterdam,140,210,6,3,1,1849
https://www.funda.nl/en/detail/koop/amsterdam/appartement-driekamerappartement-bouwnr-41/43360583/,657200,1087 LA Amsterdam,106,30,3,2,1,2027
https://www.funda.nl/en/detail/koop/amsterdam/appartement-oeverpad-191/43353307/,585000,1068 PH Amsterdam,122,70,4,3,1,2007
https://www.funda.nl/en/detail/koop/amsterdam/appartement-kleiburg-1046/80810972/,325000,1104 EA Amsterdam,60,90,2,1,1,2015
https://www.funda.nl/en/detail/koop/amsterdam/appartement-eerste-jacob-van-campenstraat-46-3/89792408/,825000,1072 BG Amsterdam,97,160,3,2,2,1876
https://www.funda.nl/en/detail/koop/amsterdam/appartement-hiraistraat-5-b90/43249657/,590000,1101 DA Amsterdam,81,50,3,2,1,2020
https://www.funda.nl/en/detail/koop/amsterdam/appartement-maisonnette-bouwnr-773/43040948/,520000,1025 WL Amsterdam,102,50,5,3,1,2020
https://www.funda.nl/en/detail/koop/amsterdam/appartement-kerkstraat-110/44406124/,2900000,1017 GP Amsterdam,215,70,5,4,1,2019
https://www.funda.nl/en/detail/koop/amsterdam/appartement-lampongstraat-12-h/44491345/,695000,1094 AV Amsterdam,82,120,3,2,1,1914
https://www.funda.nl/en/detail/koop/amsterdam/appartement-brouwersgracht-232-k/44461808/,460000,1013 HE Amsterdam,53,160,2,1,1,1906
https://www.funda.nl/en/detail/koop/amsterdam/appartement-spaarndammerdijk-7-e/43324836/,675000,1013 ZM Amsterdam,93,90,3,2,1,2005
https://www.funda.nl/en/detail/koop/amsterdam/appartement-dapperstraat-12-2/44498658/,320000,1093 BV Amsterdam,36,90,1,1,1,1880
https://www.funda.nl/en/detail/koop/amsterdam/appartement-quellijnstraat-7-d/44486524/,1250000,1072 XM Amsterdam,135,160,5,4,1,1879
https://www.funda.nl/en/detail/koop/amsterdam/appartement-knsm-laan-92/44497310/,895000,1019 LL Amsterdam,118,90,4,2,1,2001
https://www.funda.nl/en/detail/koop/amsterdam/appartement-maisonnette-bouwnr-e0007/43344829/,665840,1068 MT Amsterdam,98,30,4,3,1,2026
https://www.funda.nl/en/detail/koop/amsterdam/appartement-vespuccistraat-86-1/44469895/,475000,1056 SP Amsterdam,58,210,3,2,1,1926
https://www.funda.nl/en/detail/koop/amsterdam/appartement-waldeck-pyrmontlaan-4-1/43235694/,1695000,1075 BV Amsterdam,112,90,3,2,1,1913
https://www.funda.nl/en/detail/koop/amsterdam/appartement-finsenstraat-21-1/44453554/,650000,1098 RE Amsterdam,73,210,4,3,1,1954
https://www.funda.nl/en/detail/koop/amsterdam/appartement-ehrlichstraat-4-1/44426550/,575000,1098 RZ Amsterdam,69,160,4,3,1,1955
https://www.funda.nl/en/detail/koop/amsterdam/appartement-geervliet-49/43346107/,579000,1082 NL Amsterdam,86,120,3,2,1,1986
https://www.funda.nl/en/detail/koop/amsterdam/appartement-oude-waal-37-ah/43336436/,420000,1011 CD Amsterdam,42,210,2,1,1,1938
https://www.funda.nl/en/detail/koop/amsterdam/appartement-3-kamerappartement-bouwnr-d0403/44478977/,520000,1068 MT Amsterdam,71,30,3,2,1,2020
https://www.funda.nl/en/detail/koop/amsterdam/appartement-driedistelstraat-33/44466295/,695000,1031 JT Amsterdam,91,30,3,2,1,2022
https://www.funda.nl/en/detail/koop/amsterdam/appartement-korte-ouderkerkerdijk-1-x2/43219211/,4500000,1096 AC Amsterdam,321,70,5,3,1,2021
https://www.funda.nl/en/detail/koop/amsterdam/appartement-grasweg-402/44494204/,795000,1031 HX Amsterdam,77,30,3,2,1,2020
https://www.funda.nl/en/detail/koop/amsterdam/appartement-solebaystraat-82-h/89708703/,375000,1055 ZT Amsterdam,44,275,3,2,1,1934
https://www.funda.nl/en/detail/koop/amsterdam/appartement-barajasweg-74/43154802/,875000,1043 CP Amsterdam,147,50,5,3,1,2023
https://www.funda.nl/en/detail/koop/amsterdam/appartement-2-kamer-appartement-bouwnr-390/43276375/,385370,1102 AK Amsterdam,49,50,2,1,1,2020
https://www.funda.nl/en/detail/koop/amsterdam/appartement-type-a-bouwnr-2/43229652/,1075000,1081 LA Amsterdam,94,30,3,2,1,2020
https://www.funda.nl/en/detail/koop/amsterdam/appartement-valentijnkade-45-2/44481945/,450000,1095 JJ Amsterdam,55,120,3,2,1,1926
https://www.funda.nl/en/detail/koop/amsterdam/appartement-de-oosterlingen-bouwnummer-613/43513305/,1890000,1018 CA Amsterdam,171,30,5,3,1,2020
https://www.funda.nl/en/detail/koop/amsterdam/appartement-parkvilla-9-4-kamer-appartement-rivu-bouwnr-28/44405440/,637000,1022 LA Amsterdam,103,30,4,3,1,2020
https://www.funda.nl/en/detail/koop/amsterdam/appartement-bijlmerdreef-260/80880923/,475000,1102 AB Amsterdam,90,90,3,2,1,2008
https://www.funda.nl/en/detail/koop/amsterdam/appartement-bentinckstraat-48-1/44421060/,395000,1051 GM Amsterdam,45,210,2,1,1,1905
https://www.funda.nl/en/detail/koop/amsterdam/appartement-3-kamer-appartement-bouwnr-331/43953587/,467978,1102 AK Amsterdam,71,50,3,2,1,2020
https://www.funda.nl/en/detail/koop/amsterdam/appartement-isaac-titsinghkade-84/44476673/,780000,1018 CA Amsterdam,74,30,3,1,1,2020
https://www.funda.nl/en/detail/koop/amsterdam/appartement-binnen-brouwersstraat-7-a2/43304180/,450000,1013 EE Amsterdam,40,90,3,2,1,1750
https://www.funda.nl/en/detail/koop/amsterdam/appartement-johan-hofmanstraat-150/44408488/,450000,1069 KE Amsterdam,96,90,4,2,1,2009
https://www.funda.nl/en/detail/koop/amsterdam/appartement-paramaribostraat-99/44497251/,965000,1058 VJ Amsterdam,103,90,5,4,1,1930
https://www.funda.nl/en/detail/koop/amsterdam/appartement-hogehilweg-12-b67/43381399/,739000,1101 CD Amsterdam,109,50,3,2,1,2026
https://www.funda.nl/en/detail/koop/amsterdam/appartement-james-cookstraat-4-2/80883383/,450000,1056 RZ Amsterdam,58,120,3,2,1,1926
https://www.funda.nl/en/detail/koop/amsterdam/appartement-rheastraat-24/43303001/,1150000,1076 DS Amsterdam,126,90,3,2,1,2008
https://www.funda.nl/en/detail/koop/amsterdam/appartement-korte-amstelstraat-2-b/44494902/,995000,1018 XS Amsterdam,108,90,3,2,1,2003
https://www.funda.nl/en/detail/koop/amsterdam/appartement-falckstraat-49-b/44473010/,1295000,1017 VV Amsterdam,136,160,4,3,1,1906
https://www.funda.nl/en/detail/koop/amsterdam/appartement-johannes-verhulststraat-222-2/44463492/,2125000,1075 HG Amsterdam,191,90,6,5,1,1908
https://www.funda.nl/en/detail/koop/amsterdam/appartement-jisperveldstraat-143/43348750/,550000,1024 AG Amsterdam,120,160,4,3,1,1966
https://www.funda.nl/en/detail/koop/amsterdam/appartement-herengracht-303-a/44488763/,575000,1016 BL Amsterdam,59,160,2,1,1,1921
https://www.funda.nl/en/detail/koop/amsterdam/appartement-jj-cremerplein-1-h/43264503/,385000,1054 TE Amsterdam,59,210,2,1,1,1912
https://www.funda.nl/en/detail/koop/amsterdam/appartement-churchill-laan-115-h/44421784/,760000,1078 DN Amsterdam,85,90,3,2,1,1928
https://www.funda.nl/en/detail/koop/amsterdam/appartement-overtoom-316-h/44494850/,850000,1054 JD Amsterdam,88,90,3,2,1,1900
https://www.funda.nl/en/detail/koop/amsterdam/appartement-ter-boede-3-h/44469975/,350000,1082 CB Amsterdam,41,210,2,1,1,1960
https://www.funda.nl/en/detail/koop/amsterdam/appartement-revaleiland-450/43339396/,1600000,1014 ZG Amsterdam,231,90,6,5,1,2020
https://www.funda.nl/en/detail/koop/amsterdam/appartement-2-kamer-appartement-bouwnr-382/43276363/,375370,1102 AK Amsterdam,49,50,2,1,1,2020
https://www.funda.nl/en/detail/koop/amsterdam/appartement-aalsmeerweg-113-1/44491216/,495000,1059 AG Amsterdam,59,210,3,2,1,1933
https://www.funda.nl/en/detail/koop/amsterdam/appartement-cortado-waterfront-95-100-bouwnr-496/43294118/,711000,1064 AB Amsterdam,96,50,4,3,1,2028
https://www.funda.nl/en/detail/koop/amsterdam/appartement-parnassusweg-119/44463175/,515000,1077 DE Amsterdam,79,275,3,2,1,1967
https://www.funda.nl/en/detail/koop/amsterdam/appartement-weteringschans-68-h/43363817/,925000,1017 XR Amsterdam,105,210,4,3,1,1861
https://www.funda.nl/en/detail/koop/amsterdam/appartement-govert-flinckstraat-141-a/89796579/,550000,1072 EH Amsterdam,55,160,3,2,1,1906
https://www.funda.nl/en/detail/koop/amsterdam/appartement-2-kamersappartement-bouwnr-d0302/43343203/,395840,1068 MT Amsterdam,48,30,2,1,1,2026
https://www.funda.nl/en/detail/koop/amsterdam/appartement-curacaostraat-54-1/44483953/,500000,1058 BX Amsterdam,60,160,3,2,1,1935
https://www.funda.nl/en/detail/koop/amsterdam/appartement-brederodestraat-49-h/80876385/,575000,1054 MS Amsterdam,63,210,2,1,1,1901
https://www.funda.nl/en/detail/koop/amsterdam/appartement-wiltzanghlaan-1-h/44478288/,869000,1055 KD Amsterdam,132,160,5,4,1,1912
https://www.funda.nl/en/detail/koop/amsterdam/appartement-dijkgraafplein-311/80883410/,369000,1069 ES Amsterdam,99,120,4,3,1,1972
https://www.funda.nl/en/detail/koop/amsterdam/appartement-roelof-hartstraat-7-4/44461609/,600000,1071 VE Amsterdam,73,160,2,1,1,1905
https://www.funda.nl/en/detail/koop/amsterdam/appartement-zeeburgerkade-652/80845453/,715000,1019 HS Amsterdam,109,90,5,2,1,1905
https://www.funda.nl/en/detail/koop/amsterdam/appartement-3-kamerappartement-bouwnr-d0101/44478973/,490000,1068 MT Amsterdam,64,30,3,2,1,2020
https://www.funda.nl/en/detail/koop/amsterdam/appartement-elizabeth-anscombestraat-131/43339699/,775000,1062 LE Amsterdam,102,30,3,2,1,2025
https://www.funda.nl/en/detail/koop/amsterdam/appartement-kromme-mijdrechtstraat-86-3/44419634/,450000,1079 LC Amsterdam,51,210,3,2,1,1929
https://www.funda.nl/en/detail/koop/amsterdam/appartement-nieuwendammerkade-28-c25/44496591/,1995000,1022 AB Amsterdam,227,90,7,5,1,2017
https://www.funda.nl/en/detail/koop/amsterdam/appartement-houthavenkade-128/44464702/,450000,1014 ZB Amsterdam,48,90,2,1,1,2018
https://www.funda.nl/en/detail/koop/amsterdam/appartement-fagelstraat-63-h/80816803/,600000,1052 EZ Amsterdam,95,210,5,3,1,1898
https://www.funda.nl/en/detail/koop/amsterdam/appartement-1e-kekerstraat-69/80864797/,475000,1104 VA Amsterdam,99,120,3,2,1,2007
https://www.funda.nl/en/detail/koop/amsterdam/appartement-burgemeester-van-de-pollstraat-40-a/80835044/,365000,1064 PC Amsterdam,40,120,2,1,1,1987
https://www.funda.nl/en/detail/koop/amsterdam/appartement-rijnstraat-63-1/80877615/,435000,1079 GW Amsterdam,50,120,3,2,1,1925
https://www.funda.nl/en/detail/koop/amsterdam/appartement-ottho-heldringstraat-200-p/44464315/,595000,1066 AZ Amsterdam,103,70,4,3,1,2010
https://www.funda.nl/en/detail/koop/amsterdam/appartement-pienemanstraat-86/44401344/,1050000,1072 KV Amsterdam,130,90,5,3,1,1918
https://www.funda.nl/en/detail/koop/amsterdam/appartement-wittgensteinlaan-129/43247020/,550000,1062 KC Amsterdam,92,90,3,2,1,1992
https://www.funda.nl/en/detail/koop/amsterdam/appartement-grubbehoeve-714/44488699/,280000,1103 GZ Amsterdam,69,120,3,2,1,1970
https://www.funda.nl/en/detail/koop/amsterdam/appartement-jacob-marisstraat-86-1/44404039/,1150000,1058 JA Amsterdam,116,160,5,4,1,1914
https://www.funda.nl/en/detail/koop/amsterdam/appartement-hertspieghelweg-54-2/89785978/,450000,1055 KR Amsterdam,64,160,3,2,1,1954
https://www.funda.nl/en/detail/koop/amsterdam/appartement-jan-de-jonghkade-67/80883796/,499500,1063 MH Amsterdam,96,70,3,2,1,2000
https://www.funda.nl/en/detail/koop/amsterdam/appartement-cruquiusweg-104-g/43362935/,620000,1019 AK Amsterdam,78,70,3,1,1,2021
https://www.funda.nl/en/detail/koop/amsterdam/appartement-jan-evertsenstraat-669/43332885/,575000,1061 XZ Amsterdam,91,70,3,2,1,2008
https://www.funda.nl/en/detail/koop/amsterdam/appartement-geschutswerf-33/43327776/,3985000,1018 AW Amsterdam,387,50,9,5,1,1840
https://www.funda.nl/en/detail/koop/amsterdam/appartement-weteringstraat-45-3/44480767/,525000,1017 SM Amsterdam,58,160,2,1,1,1857
https://www.funda.nl/en/detail/koop/amsterdam/appartement-chet-bakerstraat-183/80811494/,535000,1066 GJ Amsterdam,92,90,3,2,1,1999
https://www.funda.nl/en/detail/koop/amsterdam/appartement-de-klencke-89-c/43351213/,575000,1083 HH Amsterdam,65,90,2,1,1,2017
https://www.funda.nl/en/detail/koop/amsterdam/appartement-chassestraat-79-3/44400631/,795000,1057 JA Amsterdam,89,160,4,2,1,1925
https://www.funda.nl/en/detail/koop/amsterdam/appartement-albert-cuypstraat-52-2/44497586/,360000,1072 CV Amsterdam,36,210,2,1,1,1884
https://www.funda.nl/en/detail/koop/amsterdam/appartement-eerste-van-der-helststraat-1-a28/44408210/,595000,1073 AA Amsterdam,60,120,3,2,1,1999
https://www.funda.nl/en/detail/koop/amsterdam/appartement-postjeskade-167-1/43341475/,550000,1058 DR Amsterdam,61,160,3,2,1,1935
https://www.funda.nl/en/detail/koop/amsterdam/appartement-blauwvoetstraat-21/44489247/,650000,1061 BM Amsterdam,105,90,3,2,1,2009
https://www.funda.nl/en/detail/koop/amsterdam/appartement-willem-frederik-hermansstraat-147/43239937/,1200000,1011 DG Amsterdam,126,90,4,3,1,2013
https://www.funda.nl/en/detail/koop/amsterdam/appartement-kattenburgerstraat-148/44478726/,775000,1018 JH Amsterdam,104,160,4,3,1,1976
https://www.funda.nl/en/detail/koop/amsterdam/appartement-herengracht-76-h/43341585/,550000,1015 BR Amsterdam,57,120,2,1,1,1614
https://www.funda.nl/en/detail/koop/amsterdam/appartement-sloterkade-169-3/43346468/,399000,1059 EB Amsterdam,47,275,2,1,1,1935
https://www.funda.nl/en/detail/koop/amsterdam/appartement-lijnbaansgracht-153-3/44456357/,575000,1016 VW Amsterdam,57,120,2,1,1,1936
https://www.funda.nl/en/detail/koop/amsterdam/appartement-tidorestraat-110/43340080/,570000,1095 HK Amsterdam,75,90,3,2,1,1981
https://www.funda.nl/en/detail/koop/amsterdam/appartement-remmerdenplein-3/44451403/,495000,1106 AD Amsterdam,116,90,6,4,1,1983
https://www.funda.nl/en/detail/koop/amsterdam/appartement-von-guerickestraat-70/43048465/,1250000,1097 RB Amsterdam,172,160,6,4,1,1924
https://www.funda.nl/en/detail/koop/amsterdam/appartement-langswater-112/89786563/,325000,1069 TR Amsterdam,61,275,3,2,1,1965
https://www.funda.nl/en/detail/koop/amsterdam/appartement-westerdoksdijk-611/44404532/,645000,1013 BX Amsterdam,72,90,3,2,1,2009
https://www.funda.nl/en/detail/koop/amsterdam/appartement-trouringhstraat-6-2/44418119/,425000,1055 HA Amsterdam,60,210,4,3,1,1940
https://www.funda.nl/en/detail/koop/amsterdam/appartement-de-lairessestraat-110-3/89773516/,1325000,1071 PK Amsterdam,102,70,3,2,1,1917
https://www.funda.nl/en/detail/koop/amsterdam/appartement-kleiburg-809/80832888/,335000,1104 EA Amsterdam,69,90,2,2,1,2014
https://www.funda.nl/en/detail/koop/amsterdam/appartement-lutmastraat-192-1/44453401/,495000,1074 VA Amsterdam,61,160,3,2,1,1921
https://www.funda.nl/en/detail/koop/amsterdam/appartement-ijdoornlaan-261-w2/44481474/,475000,1024 KM Amsterdam,85,50,3,2,1,2015
https://www.funda.nl/en/detail/koop/amsterdam/appartement-brederodestraat-98-1/44492589/,550000,1054 VG Amsterdam,54,160,4,2,1,1910
https://www.funda.nl/en/detail/koop/amsterdam/appartement-rengerskerkestraat-14/43314868/,450000,1069 HV Amsterdam,99,90,3,2,1,2007
https://www.funda.nl/en/detail/koop/amsterdam/appartement-garden-maisonnettes-bouwnr-7/44467394/,765470,1095 PG Amsterdam,107,30,4,3,1,2027
https://www.funda.nl/en/detail/koop/amsterdam/appartement-kanteel-101/43382070/,775000,1083 DC Amsterdam,130,90,4,3,1,1989
https://www.funda.nl/en/detail/koop/amsterdam/appartement-leiduinstraat-35-1/80811080/,525000,1058 SH Amsterdam,55,350,3,1,1,1937
https://www.funda.nl/en/detail/koop/amsterdam/appartement-haardstee-214/43340785/,300000,1102 NM Amsterdam,69,160,2,1,1,1982
https://www.funda.nl/en/detail/koop/amsterdam/appartement-rookmelderstraat-18/80853968/,397500,1019 VS Amsterdam,46,50,2,1,1,2021
https://www.funda.nl/en/detail/koop/amsterdam/appartement-maarten-harpertszoon-trompstraat-24-h/89530707/,1175000,1056 JA Amsterdam,172,90,5,4,1,1914
https://www.funda.nl/en/detail/koop/amsterdam/appartement-type-g-3-kamerappartement-bouwnr-a407/44452693/,439900,1069 EJ Amsterdam,61,50,3,2,1,2027
https://www.funda.nl/en/detail/koop/amsterdam/appartement-van-breestraat-31-h/44457434/,1950000,1071 ZE Amsterdam,118,160,4,3,1,1898
https://www.funda.nl/en/detail/koop/amsterdam/appartement-rustenburgerstraat-350-1/44497839/,500000,1072 HD Amsterdam,58,210,2,1,1,1904
https://www.funda.nl/en/detail/koop/amsterdam/appartement-nieuwpoortstraat-94-a9/43342116/,415000,1055 RZ Amsterdam,49,120,2,1,1,1991
https://www.funda.nl/en/detail/koop/amsterdam/appartement-jonas-daniel-meijerplein-17-h/44405892/,595000,1011 RE Amsterdam,60,120,2,1,1,1841
https://www.funda.nl/en/detail/koop/amsterdam/appartement-sumatrastraat-41-b/43148610/,695000,1094 LN Amsterdam,77,120,3,2,1,1913
https://www.funda.nl/en/detail/koop/amsterdam/appartement-andries-copierstraat-102/43254420/,445000,1061 SE Amsterdam,59,90,2,1,1,2009
https://www.funda.nl/en/detail/koop/amsterdam/appartement-zeeburgerpad-45-g/43322757/,395000,1019 AA Amsterdam,44,30,2,1,1,2026
https://www.funda.nl/en/detail/koop/amsterdam/appartement-cortado-urban-80-95-bouwnr-490/43206200/,595000,1064 AB Amsterdam,83,50,4,3,1,2028
https://www.funda.nl/en/detail/koop/amsterdam/appartement-joos-banckersplantsoen-116/43383057/,725000,1056 LD Amsterdam,98,70,3,2,1,2003
https://www.funda.nl/en/detail/koop/amsterdam/appartement-curacaostraat-124-2/44468688/,525000,1058 CD Amsterdam,69,120,4,3,2,1935
https://www.funda.nl/en/detail/koop/amsterdam/appartement-fagelstraat-94-3/89702508/,695000,1052 GJ Amsterdam,90,90,3,2,1,1906
https://www.funda.nl/en/detail/koop/amsterdam/appartement-terrasappartementen-fase-2-bouwnr-0310-l1/43326362/,510000,1096 BN Amsterdam,54,50,2,1,1,2026
https://www.funda.nl/en/detail/koop/amsterdam/appartement-spangenhof-39/44404588/,545000,1083 JJ Amsterdam,83,120,3,2,1,1986
https://www.funda.nl/en/detail/koop/amsterdam/appartement-hasebroekstraat-1-1/80881408/,485000,1053 CL Amsterdam,60,210,3,2,1,1904
https://www.funda.nl/en/detail/koop/amsterdam/appartement-bloemgracht-24-b/80827932/,575000,1015 TJ Amsterdam,47,90,2,1,1,1881
https://www.funda.nl/en/detail/koop/amsterdam/appartement-efua-sutherlandstraat-49/44484667/,375000,1103 MX Amsterdam,91,90,3,2,1,1999
https://www.funda.nl/en/detail/koop/amsterdam/appartement-3-kamerappartement-bouwnr-e0401/44478904/,513000,1068 MT Amsterdam,64,30,3,2,1,2020
https://www.funda.nl/en/detail/koop/amsterdam/appartement-bogortuin-48/80810601/,750000,1019 PG Amsterdam,96,70,3,2,1,2001
https://www.funda.nl/en/detail/koop/amsterdam/appartement-uiterwaardenstraat-4-1/44497796/,745000,1079 BW Amsterdam,98,160,4,3,1,1961
https://www.funda.nl/en/detail/koop/amsterdam/appartement-droogbak-7-h/44493728/,1500000,1013 GE Amsterdam,172,90,6,4,1,1770
https://www.funda.nl/en/detail/koop/amsterdam/appartement-terrasappartementen-fase-2-bouwnr-0408-l2/43326374/,405000,1096 BN Amsterdam,46,50,2,1,1,2026
https://www.funda.nl/en/detail/koop/amsterdam/appartement-leonardostraat-6-2/43383227/,1350000,1077 EV Amsterdam,191,210,7,3,3,1928
https://www.funda.nl/en/detail/koop/amsterdam/appartement-2-kamer-appartement-bouwnr-392/43276246/,380370,1102 AK Amsterdam,48,50,2,1,1,2020
https://www.funda.nl/en/detail/koop/amsterdam/appartement-kinderdijkstraat-48-3/43331341/,625000,1079 GL Amsterdam,75,275,3,2,1,1938
https://www.funda.nl/en/detail/koop/amsterdam/appartement-liftado-waterfront-95-100-bouwnr-524/43294171/,721000,1064 AB Amsterdam,99,50,6,4,1,2028
https://www.funda.nl/en/detail/koop/amsterdam/appartement-prinsengracht-199-a/44473937/,1750000,1015 DT Amsterdam,196,210,5,4,1,1906
https://www.funda.nl/en/detail/koop/amsterdam/appartement-rustenburgerstraat-361-1/44416299/,725000,1072 GT Amsterdam,60,70,3,2,1,1905
https://www.funda.nl/en/detail/koop/amsterdam/appartement-bestevaerstraat-259-h/44417446/,725000,1055 TP Amsterdam,76,120,3,2,1,1934
https://www.funda.nl/en/detail/koop/amsterdam/appartement-marco-polostraat-48-2/44409034/,725000,1057 WR Amsterdam,92,90,3,1,1,1929
https://www.funda.nl/en/detail/koop/amsterdam/appartement-hogehilweg-12-b57/43381396/,735000,1101 CD Amsterdam,109,50,3,2,1,2026
https://www.funda.nl/en/detail/koop/amsterdam/appartement-maisonnette-bouwnr-e0006/44478913/,665000,1068 MT Amsterdam,98,30,5,3,1,2020
https://www.funda.nl/en/detail/koop/amsterdam/appartement-cruquiuskade-5/44418704/,1145000,1018 AM Amsterdam,126,70,4,3,1,2016
https://www.funda.nl/en/detail/koop/amsterdam/appartement-veembroederhof-195/43399673/,550000,1019 HD Amsterdam,76,160,3,2,1,2006
https://www.funda.nl/en/detail/koop/amsterdam/appartement-baden-powellweg-40-c/80885584/,520000,1069 LK Amsterdam,124,90,7,4,1,2007
https://www.funda.nl/en/detail/koop/amsterdam/appartement-rondeel-108/44481451/,645000,1083 MG Amsterdam,103,160,3,2,1,1987
https://www.funda.nl/en/detail/koop/amsterdam/appartement-kanaalstraat-198-2/43336287/,475000,1054 XS Amsterdam,50,120,2,1,1,1910
https://www.funda.nl/en/detail/koop/amsterdam/appartement-overtoom-188-3/44458380/,1275000,1054 HR Amsterdam,154,120,6,5,1,1931
https://www.funda.nl/en/detail/koop/amsterdam/appartement-hoofdweg-276-3/44405581/,475000,1057 DJ Amsterdam,57,70,3,2,1,1924
https://www.funda.nl/en/detail/koop/amsterdam/appartement-veeteeltstraat-23/44454761/,685000,1097 WL Amsterdam,99,160,4,3,1,1924
https://www.funda.nl/en/detail/koop/amsterdam/appartement-leusdenhof-221/44459916/,375000,1108 DJ Amsterdam,96,160,4,3,1,1980
https://www.funda.nl/en/detail/koop/amsterdam/appartement-laan-van-vlaanderen-141-b7/80846695/,325000,1066 MP Amsterdam,44,90,2,1,1,1995
https://www.funda.nl/en/detail/koop/amsterdam/appartement-albert-cuypstraat-152-2/44427384/,595000,1073 BK Amsterdam,70,90,3,2,1,1893
https://www.funda.nl/en/detail/koop/amsterdam/appartement-zeeburgerpad-46-e/44406804/,650000,1019 AB Amsterdam,83,30,3,2,1,2026
https://www.funda.nl/en/detail/koop/amsterdam/appartement-3-kamerappartement-bouwnr-d0406/44478989/,520000,1068 MT Amsterdam,71,30,3,2,1,2020
https://www.funda.nl/en/detail/koop/amsterdam/appartement-type-a-3-kamerappartement-bouwnr-c201/44452571/,457900,1069 EJ Amsterdam,64,50,3,2,1,2027
https://www.funda.nl/en/detail/koop/amsterdam/appartement-bankastraat-68-b/44488418/,500000,1094 EH Amsterdam,81,160,4,2,1,1913
https://www.funda.nl/en/detail/koop/amsterdam/appartement-valentijnkade-39-h/44483463/,425000,1095 JH Amsterdam,46,275,2,1,1,1918
https://www.funda.nl/en/detail/koop/amsterdam/appartement-fokke-simonszstraat-73-a/44401675/,800000,1017 TE Amsterdam,62,90,3,2,1,2024
https://www.funda.nl/en/detail/koop/amsterdam/appartement-plantage-doklaan-36-1/80843199/,425000,1018 CN Amsterdam,51,160,2,1,1,1871
https://www.funda.nl/en/detail/koop/amsterdam/appartement-zeeburgerpad-46-c/44426129/,650000,1019 AB Amsterdam,83,30,3,2,1,2026
https://www.funda.nl/en/detail/koop/amsterdam/appartement-van-nijenrodeweg-693/80854368/,320000,1082 JC Amsterdam,33,160,2,1,1,1964
https://www.funda.nl/en/detail/koop/amsterdam/appartement-nieuwe-prinsengracht-92-1/44417744/,530000,1018 VW Amsterdam,60,120,3,2,1,1891
https://www.funda.nl/en/detail/koop/amsterdam/appartement-da-costakade-134-3a/43389937/,495000,1053 XC Amsterdam,50,90,2,1,1,1905
https://www.funda.nl/en/detail/koop/amsterdam/appartement-burgemeester-cramergracht-129/89704225/,315000,1064 AK Amsterdam,62,160,3,2,1,1958
https://www.funda.nl/en/detail/koop/amsterdam/appartement-osdorper-ban-707/44483574/,600000,1069 GA Amsterdam,133,120,3,2,1,2006
https://www.funda.nl/en/detail/koop/amsterdam/appartement-3-kamersappartement-bouwnr-d0407/43344805/,520840,1068 MT Amsterdam,69,30,3,2,1,2026
https://www.funda.nl/en/detail/koop/amsterdam/appartement-parkvilla-8-3-en-4-kamer-appartement-nori-bouwnr-9/44405583/,590000,1022 LA Amsterdam,95,50,3,2,1,2020
https://www.funda.nl/en/detail/koop/amsterdam/appartement-appartement-bouwnummer-161-bouwnr-161/43241970/,625287,1019 AK Amsterdam,77,70,3,2,1,2028
https://www.funda.nl/en/detail/koop/amsterdam/appartement-ijselstraat-44-1/44414874/,425000,1078 CJ Amsterdam,45,120,3,2,1,1925
https://www.funda.nl/en/detail/koop/amsterdam/appartement-van-eeghenstraat-125/44472074/,8880000,1071 GA Amsterdam,393,90,5,4,1,1901
https://www.funda.nl/en/detail/koop/amsterdam/appartement-middenweg-113-3/44459913/,472500,1098 AJ Amsterdam,55,160,3,2,1,1954
https://www.funda.nl/en/detail/koop/amsterdam/appartement-kotteraarstraat-28/43381236/,375000,1033 MC Amsterdam,53,160,2,1,1,1986
https://www.funda.nl/en/detail/koop/amsterdam/appartement-hiraistraat-5-b76/43248387/,581000,1101 DA Amsterdam,81,50,3,2,1,2020
https://www.funda.nl/en/detail/koop/amsterdam/appartement-piet-gijzenbrugstraat-18-2/44400648/,940000,1059 XH Amsterdam,116,120,4,3,1,1933
https://www.funda.nl/en/detail/koop/amsterdam/appartement-ferdinand-bolstraat-123-c/43328909/,435000,1072 LG Amsterdam,51,90,2,1,1,1993
https://www.funda.nl/en/detail/koop/amsterdam/appartement-copernicusstraat-71-3/44479570/,600000,1098 JE Amsterdam,100,350,3,2,1,1930
https://www.funda.nl/en/detail/koop/amsterdam/appartement-dever-26/43399071/,450000,1082 BJ Amsterdam,67,160,2,1,1,1961
https://www.funda.nl/en/detail/koop/amsterdam/appartement-maria-ulfahstraat-132/44426666/,500000,1087 WB Amsterdam,71,10,3,2,1,2025
https://www.funda.nl/en/detail/koop/amsterdam/appartement-stadswoning-bouwnummer-15-bouwnr-15/43143870/,953973,1019 AK Amsterdam,117,90,4,3,1,2028
https://www.funda.nl/en/detail/koop/amsterdam/appartement-parkvilla-8-3-en-4-kamer-appartement-auri-bouwnr-7/44405563/,487000,1022 LA Amsterdam,77,30,4,3,1,2020
https://www.funda.nl/en/detail/koop/amsterdam/appartement-pieter-aertszstraat-110-4/44425230/,600000,1074 VT Amsterdam,62,70,3,2,1,1907
https://www.funda.nl/en/detail/koop/amsterdam/appartement-singerstraat-12/44417896/,699000,1064 WN Amsterdam,120,90,3,2,1,1997
https://www.funda.nl/en/detail/koop/amsterdam/appartement-nijenburg-1/44472302/,475000,1081 GD Amsterdam,63,160,3,2,1,1967
https://www.funda.nl/en/detail/koop/amsterdam/appartement-hoofddorpplein-33-1/44428772/,500000,1059 CW Amsterdam,62,90,2,1,1,1928
https://www.funda.nl/en/detail/koop/amsterdam/appartement-esplanade-de-meer-74/80811599/,600000,1098 WN Amsterdam,96,90,3,2,1,2002
https://www.funda.nl/en/detail/koop/amsterdam/appartement-slotermeerlaan-43/89688508/,399000,1064 GZ Amsterdam,77,210,4,3,1,1956
https://www.funda.nl/en/detail/koop/amsterdam/appartement-saskia-van-uijlenburgkade-82/43394940/,799000,1058 GA Amsterdam,95,70,3,2,1,2010
https://www.funda.nl/en/detail/koop/amsterdam/appartement-elisabeth-wolffstraat-73-4/43338487/,699000,1053 TT Amsterdam,76,160,3,2,1,1905
https://www.funda.nl/en/detail/koop/amsterdam/appartement-humberto-delgadoplein-34/44426648/,560000,1102 JM Amsterdam,119,90,4,3,1,2003
https://www.funda.nl/en/detail/koop/amsterdam/appartement-aalsmeerweg-86-3/80859079/,545000,1059 AN Amsterdam,61,160,3,2,1,1935
https://www.funda.nl/en/detail/koop/amsterdam/appartement-henrick-de-keijserstraat-23-1/44487836/,495000,1073 TG Amsterdam,49,160,2,1,1,1927
https://www.funda.nl/en/detail/koop/amsterdam/appartement-amerbos-229/89697217/,440000,1025 ZD Amsterdam,99,450,4,3,1,1969
https://www.funda.nl/en/detail/koop/amsterdam/appartement-hoogte-kadijk-414/43299310/,975000,1018 BW Amsterdam,145,90,4,3,1,1992
https://www.funda.nl/en/detail/koop/amsterdam/appartement-floris-versterstraat-11-c/44450699/,1700000,1058 JL Amsterdam,164,160,4,3,1,1931
https://www.funda.nl/en/detail/koop/amsterdam/appartement-oostzanerdijk-28-c/80877750/,695000,1035 RD Amsterdam,101,50,5,3,1,2025
https://www.funda.nl/en/detail/koop/amsterdam/appartement-albert-cuypstraat-94-2/44462794/,495000,1072 CX Amsterdam,49,50,2,1,1,1891
https://www.funda.nl/en/detail/koop/amsterdam/appartement-boeroestraat-8/43245939/,625000,1095 VR Amsterdam,91,90,5,3,1,1983
https://www.funda.nl/en/detail/koop/amsterdam/appartement-jan-van-zutphenstraat-173/43388801/,465000,1069 RR Amsterdam,76,90,3,2,1,2009
https://www.funda.nl/en/detail/koop/amsterdam/appartement-leksmondhof-217/44419986/,299500,1108 EX Amsterdam,76,90,2,1,1,1980
https://www.funda.nl/en/detail/koop/amsterdam/appartement-haparandaweg-944-a/80873164/,550000,1013 BD Amsterdam,64,70,2,1,1,2016
https://www.funda.nl/en/detail/koop/amsterdam/appartement-van-breestraat-182-a/44455104/,2000000,1071 ZZ Amsterdam,147,90,2,2,1,1902
https://www.funda.nl/en/detail/koop/amsterdam/appartement-derkinderenstraat-122/80849660/,550000,1061 VX Amsterdam,88,90,3,2,1,2008
https://www.funda.nl/en/detail/koop/amsterdam/appartement-postjesweg-395/80817004/,499000,1062 JT Amsterdam,81,120,4,3,1,1961
https://www.funda.nl/en/detail/koop/amsterdam/appartement-terrasappartement-bouwnr-24/43008892/,765000,1061 AV Amsterdam,99,30,3,2,1,2027
https://www.funda.nl/en/detail/koop/amsterdam/appartement-laurierstraat-186-1/89704315/,440000,1016 PS Amsterdam,45,120,2,1,1,1933
https://www.funda.nl/en/detail/koop/amsterdam/appartement-nicolaas-maesstraat-96-3/43307902/,1650000,1071 RE Amsterdam,168,160,7,4,1,1906
https://www.funda.nl/en/detail/koop/amsterdam/appartement-renooiplein-41/80836486/,295000,1107 EB Amsterdam,59,90,2,1,1,1984
https://www.funda.nl/en/detail/koop/amsterdam/appartement-liftado-urban-80-95-bouwnr-556/43206222/,735000,1064 AB Amsterdam,95,50,4,3,1,2028
https://www.funda.nl/en/detail/koop/amsterdam/appartement-vincent-van-goghstraat-4-b/44496657/,455000,1072 KN Amsterdam,48,160,2,1,1,1922
https://www.funda.nl/en/detail/koop/amsterdam/appartement-ten-katestraat-7-3/44496434/,765000,1053 BV Amsterdam,90,160,5,2,1,1937
https://www.funda.nl/en/detail/koop/amsterdam/appartement-barndesteeg-33/43343575/,875000,1012 BV Amsterdam,131,275,6,5,3,1776
https://www.funda.nl/en/detail/koop/amsterdam/appartement-special-bouwnummer-114-bouwnr-114/43143842/,795571,1019 AK Amsterdam,88,70,3,2,1,2028
https://www.funda.nl/en/detail/koop/amsterdam/appartement-windroosplein-16/44420799/,450000,1018 ZW Amsterdam,58,90,3,1,1,1989
https://www.funda.nl/en/detail/koop/amsterdam/appartement-vrolikstraat-100-4/80878026/,825000,1091 VK Amsterdam,85,160,3,2,1,1906
https://www.funda.nl/en/detail/koop/amsterdam/appartement-eerste-nassaustraat-23-h/44499617/,450000,1052 BE Amsterdam,49,210,1,1,1,1905
https://www.funda.nl/en/detail/koop/amsterdam/appartement-langestraat-42-2/44458306/,750000,1015 AL Amsterdam,87,450,4,3,1,1750
https://www.funda.nl/en/detail/koop/amsterdam/appartement-narva-eiland-80/80853030/,865000,1014 ZJ Amsterdam,93,70,4,3,1,2018
https://www.funda.nl/en/detail/koop/amsterdam/appartement-jasper-leijnsenstraat-10-3/44495078/,750000,1056 XX Amsterdam,94,160,5,4,1,1934
https://www.funda.nl/en/detail/koop/amsterdam/appartement-tussen-meer-306/44400327/,449900,1069 EA Amsterdam,64,50,3,2,1,2027
https://www.funda.nl/en/detail/koop/amsterdam/appartement-ter-boede-7-3/43312320/,635000,1082 CC Amsterdam,90,210,4,3,1,1960
https://www.funda.nl/en/detail/koop/amsterdam/appartement-tweede-jan-steenstraat-56-1/89743981/,575000,1074 CP Amsterdam,61,210,3,2,1,1889
https://www.funda.nl/en/detail/koop/amsterdam/appartement-cruquiuskade-9/89797956/,575000,1018 AM Amsterdam,78,90,3,2,1,2016
https://www.funda.nl/en/detail/koop/amsterdam/appartement-uiterwaardenstraat-260-h/80874201/,650000,1079 CX Amsterdam,66,120,2,1,1,1938
https://www.funda.nl/en/detail/koop/amsterdam/appartement-waalstraat-133-2/43305014/,535000,1079 DW Amsterdam,64,160,5,3,1,1937
https://www.funda.nl/en/detail/koop/amsterdam/appartement-piet-mondriaanstraat-183/43926974/,1057500,1061 AR Amsterdam,125,30,4,3,1,2027
https://www.funda.nl/en/detail/koop/amsterdam/appartement-newtonstraat-66/44472371/,800000,1098 HE Amsterdam,111,90,5,4,1,1929
https://www.funda.nl/en/detail/koop/amsterdam/appartement-joos-de-moorstraat-25-h/44481955/,725000,1056 TV Amsterdam,84,120,4,3,1,1937
https://www.funda.nl/en/detail/koop/amsterdam/appartement-de-rijpgracht-9-1/44426158/,450000,1056 XP Amsterdam,51,160,3,2,1,1933
https://www.funda.nl/en/detail/koop/amsterdam/appartement-beemsterstraat-394/44494005/,385000,1024 BP Amsterdam,77,120,4,3,1,1966
https://www.funda.nl/en/detail/koop/amsterdam/appartement-timorplein-18-2/44415840/,425000,1094 CC Amsterdam,52,210,3,1,1,1914
https://www.funda.nl/en/detail/koop/amsterdam/appartement-narva-eiland-225/43323477/,675000,1014 ZJ Amsterdam,62,50,3,1,1,2021
https://www.funda.nl/en/detail/koop/amsterdam/appartement-jh-hisgenpad-1022/44415196/,850000,1025 WK Amsterdam,126,30,4,3,1,2025
https://www.funda.nl/en/detail/koop/amsterdam/appartement-rustenburgerstraat-37-b/43337101/,615000,1074 ER Amsterdam,48,90,3,2,1,1912
https://www.funda.nl/en/detail/koop/amsterdam/appartement-wieringerwaardstraat-385/80882919/,425000,1024 HM Amsterdam,68,90,2,1,1,2010
https://www.funda.nl/en/detail/koop/amsterdam/appartement-terras-appartement-bouwnr-30/43048897/,640000,1061 AR Amsterdam,74,30,3,2,1,2027
https://www.funda.nl/en/detail/koop/amsterdam/appartement-wenslauerstraat-27-2/44496383/,395000,1053 AV Amsterdam,45,160,3,2,1,1934
https://www.funda.nl/en/detail/koop/amsterdam/appartement-nobelweg-7-1/80844794/,595000,1097 AP Amsterdam,79,350,5,1,1,1940
https://www.funda.nl/en/detail/koop/amsterdam/appartement-honingen-6/44472501/,579000,1083 JP Amsterdam,80,120,3,2,1,1986
https://www.funda.nl/en/detail/koop/amsterdam/appartement-woestduinstraat-104-2/43319201/,600000,1059 SW Amsterdam,79,450,4,3,1,1933
https://www.funda.nl/en/detail/koop/amsterdam/appartement-eerste-nassaustraat-4-h/44468005/,950000,1052 BG Amsterdam,103,210,5,4,1,1881
https://www.funda.nl/en/detail/koop/amsterdam/appartement-appartement-bouwnummer-253-bouwnr-253/43241372/,685286,1019 AK Amsterdam,77,70,3,2,1,2028
https://www.funda.nl/en/detail/koop/amsterdam/appartement-bernard-zweerskade-22/43362296/,1400000,1077 VA Amsterdam,223,275,0,5,1,1931
https://www.funda.nl/en/detail/koop/amsterdam/appartement-avogadrostraat-4-h/43339387/,650000,1098 SN Amsterdam,75,210,3,2,1,1956
https://www.funda.nl/en/detail/koop/amsterdam/appartement-blankenbergestraat-33/43336249/,435000,1066 TK Amsterdam,74,120,3,2,1,1995
https://www.funda.nl/en/detail/koop/amsterdam/appartement-prinsengracht-409-d/44412016/,425000,1016 HM Amsterdam,37,160,2,1,1,1978
https://www.funda.nl/en/detail/koop/amsterdam/appartement-wamelplein-64/44489262/,285000,1106 DR Amsterdam,66,120,3,2,1,1982
https://www.funda.nl/en/detail/koop/amsterdam/appartement-lange-leidsedwarsstraat-36-a/44425448/,460000,1017 NL Amsterdam,49,120,2,1,1,1998
https://www.funda.nl/en/detail/koop/amsterdam/appartement-sophialaan-19-e/44402530/,695000,1075 BL Amsterdam,66,120,3,2,1,1906
https://www.funda.nl/en/detail/koop/amsterdam/appartement-jan-kiststraat-191/43346284/,500000,1018 PM Amsterdam,50,10,2,1,1,2021
https://www.funda.nl/en/detail/koop/amsterdam/appartement-bloemgracht-129-a1/89764205/,1395000,1016 KL Amsterdam,220,210,4,3,2,1896
https://www.funda.nl/en/detail/koop/amsterdam/appartement-vinkenstraat-198/80873676/,495000,1013 JX Amsterdam,45,90,2,1,1,2006
https://www.funda.nl/en/detail/koop/amsterdam/appartement-govert-flinckstraat-320-3/80841093/,650000,1073 CJ Amsterdam,63,160,3,2,1,1882
https://www.funda.nl/en/detail/koop/amsterdam/appartement-type-a-bouwnr-1/43229650/,1050000,1081 LA Amsterdam,85,30,3,2,1,2020
https://www.funda.nl/en/detail/koop/amsterdam/appartement-bankastraat-37-a/43319174/,475000,1094 EB Amsterdam,50,160,3,2,1,1902
https://www.funda.nl/en/detail/koop/amsterdam/appartement-haparandaweg-960/44420002/,1035000,1013 BD Amsterdam,122,70,4,3,1,2016
https://www.funda.nl/en/detail/koop/amsterdam/appartement-nieuwe-uilenburgerstraat-15-p/44498476/,535000,1011 LM Amsterdam,65,120,2,1,1,1905
https://www.funda.nl/en/detail/koop/amsterdam/appartement-fazantenweg-3-d/43381239/,450000,1021 HJ Amsterdam,71,120,3,2,1,1990
https://www.funda.nl/en/detail/koop/amsterdam/appartement-woestduinstraat-16-l/44457399/,595000,1058 TE Amsterdam,69,90,2,1,1,2016
https://www.funda.nl/en/detail/koop/amsterdam/appartement-prinsengracht-81-a/44411468/,1800000,1015 DN Amsterdam,183,160,4,2,1,1760
https://www.funda.nl/en/detail/koop/amsterdam/appartement-wethouder-frankeweg-38-h/43330520/,1700000,1098 LB Amsterdam,201,120,7,5,1,1909
https://www.funda.nl/en/detail/koop/amsterdam/appartement-tugelaweg-18-e/89745722/,600000,1092 VD Amsterdam,71,90,2,1,1,1952
https://www.funda.nl/en/detail/koop/amsterdam/appartement-boeninlaan-389/80864744/,325000,1102 TL Amsterdam,70,120,3,2,1,1985
https://www.funda.nl/en/detail/koop/amsterdam/appartement-pieter-van-der-doesstraat-61/44405396/,475000,1056 VD Amsterdam,61,50,2,1,1,1932
https://www.funda.nl/en/detail/koop/amsterdam/appartement-willem-de-zwijgerlaan-76-1/43398554/,495000,1056 JT Amsterdam,56,210,3,2,1,1935
https://www.funda.nl/en/detail/koop/amsterdam/appartement-amstelveenseweg-176-2/89601908/,679000,1075 XP Amsterdam,77,160,4,2,1,1911
https://www.funda.nl/en/detail/koop/amsterdam/appartement-lekstraat-186-4/80846249/,425000,1079 GA Amsterdam,64,120,2,1,1,1932
https://www.funda.nl/en/detail/koop/amsterdam/appartement-type-b-2-kamerappartement-bouwnr-c507/44452732/,359900,1069 EJ Amsterdam,43,50,2,1,1,2027
https://www.funda.nl/en/detail/koop/amsterdam/appartement-iepenplein-56/44416508/,520000,1091 JR Amsterdam,60,160,3,2,1,1979
https://www.funda.nl/en/detail/koop/amsterdam/appartement-barentszstraat-128/80855026/,435000,1013 NS Amsterdam,44,50,3,2,1,1915
https://www.funda.nl/en/detail/koop/amsterdam/appartement-parkvilla-8-3-en-4-kamer-appartement-auri-bouwnr-16/44405458/,479000,1022 LA Amsterdam,75,50,3,2,1,2020
https://www.funda.nl/en/detail/koop/amsterdam/appartement-albert-luthulistraat-30-a/80862334/,450000,1091 NW Amsterdam,46,210,2,1,1,1930
https://www.funda.nl/en/detail/koop/amsterdam/appartement-eef-kamerbeekstraat-424/43308279/,775000,1095 MP Amsterdam,101,30,4,3,1,2021
https://www.funda.nl/en/detail/koop/amsterdam/appartement-penthouse-bouwnr-73/43368407/,979800,1087 LA Amsterdam,138,30,5,4,1,2027
https://www.funda.nl/en/detail/koop/amsterdam/appartement-valkhof-29/89762895/,515000,1082 VC Amsterdam,77,160,4,3,1,1963
https://www.funda.nl/en/detail/koop/amsterdam/appartement-heemstedestraat-10-2/44482117/,599000,1058 NM Amsterdam,76,120,4,3,1,1928
https://www.funda.nl/en/detail/koop/amsterdam/appartement-van-breestraat-187-2/44403517/,2450000,1071 ZN Amsterdam,197,120,7,5,1,1903
https://www.funda.nl/en/detail/koop/amsterdam/appartement-willem-leevendstraat-5-1/44427450/,415000,1055 KB Amsterdam,55,160,2,1,1,1925
https://www.funda.nl/en/detail/koop/amsterdam/appartement-zandpad-3-a1/44474047/,3700000,1054 GA Amsterdam,221,90,4,2,1,2020
https://www.funda.nl/en/detail/koop/amsterdam/appartement-potvisstraat-1-c/44428405/,205000,1035 HH Amsterdam,26,160,1,1,1,1991
https://www.funda.nl/en/detail/koop/amsterdam/appartement-cortado-urban-80-95-bouwnr-510/43206224/,619000,1064 AB Amsterdam,83,50,4,3,1,2028
https://www.funda.nl/en/detail/koop/amsterdam/appartement-appartement-bouwnummer-100-bouwnr-100/43143839/,628915,1019 AK Amsterdam,73,70,3,2,1,2028
https://www.funda.nl/en/detail/koop/amsterdam/appartement-assumburg-126/89576671/,795000,1081 GC Amsterdam,108,90,4,3,2,1967
https://www.funda.nl/en/detail/koop/amsterdam/appartement-2-kamer-appartement-bouwnr-334/43276362/,355370,1102 AK Amsterdam,49,50,2,1,1,2020
https://www.funda.nl/en/detail/koop/amsterdam/appartement-lange-leidsedwarsstraat-9-d/44416584/,999000,1017 NE Amsterdam,156,160,5,4,3,1902
https://www.funda.nl/en/detail/koop/amsterdam/appartement-runstraat-22-c/43300346/,649000,1016 GK Amsterdam,66,160,3,2,1,1992
https://www.funda.nl/en/detail/koop/amsterdam/appartement-weteringschans-7-b/43322185/,650000,1017 RV Amsterdam,72,90,4,3,1,1986
https://www.funda.nl/en/detail/koop/amsterdam/appartement-appartement-bouwnummer-162-bouwnr-162/43241978/,677385,1019 AK Amsterdam,82,70,3,2,1,2028
https://www.funda.nl/en/detail/koop/amsterdam/appartement-parnassusweg-14-2/44482280/,850000,1076 AN Amsterdam,106,275,4,2,1,1931
https://www.funda.nl/en/detail/koop/amsterdam/appartement-marco-polostraat-255-1/44474526/,425000,1056 DM Amsterdam,48,210,3,2,1,1926
https://www.funda.nl/en/detail/koop/amsterdam/appartement-albatrospad-22/44407118/,785000,1021 TR Amsterdam,154,70,5,3,1,2006
https://www.funda.nl/en/detail/koop/amsterdam/appartement-wolbrantskerkweg-169-c/43346021/,325000,1069 CL Amsterdam,56,70,2,1,1,2008
https://www.funda.nl/en/detail/koop/amsterdam/appartement-brouwersgracht-801/80814795/,695000,1015 GK Amsterdam,77,160,2,1,1,1966
https://www.funda.nl/en/detail/koop/amsterdam/appartement-type-b-2-kamerappartement-bouwnr-c504/44452731/,354900,1069 EJ Amsterdam,43,50,2,1,1,2027
https://www.funda.nl/en/detail/koop/amsterdam/appartement-vierkamer-appartementen-met-uitzicht-bouwnr-g13250/43324819/,660000,1033 RB Amsterdam,74,50,4,3,1,2026
https://www.funda.nl/en/detail/koop/amsterdam/appartement-vechtstraat-144-3/43349358/,850000,1079 JS Amsterdam,96,160,6,2,1,1934
https://www.funda.nl/en/detail/koop/amsterdam/appartement-penthouse-bouwnr-19/44467308/,901750,1095 PG Amsterdam,111,10,4,3,1,2027
https://www.funda.nl/en/detail/koop/amsterdam/appartement-vrijzicht-161/80853011/,445000,1068 CK Amsterdam,89,275,3,2,1,1966
https://www.funda.nl/en/detail/koop/amsterdam/appartement-de-liefde-14/44460530/,950000,1052 MZ Amsterdam,118,120,5,4,1,1992
https://www.funda.nl/en/detail/koop/amsterdam/appartement-banstraat-27-a/43332260/,3600000,1071 JW Amsterdam,253,70,4,3,1,2016
https://www.funda.nl/en/detail/koop/amsterdam/appartement-appartement-bouwnummer-120-bouwnr-120/43143856/,660284,1019 AK Amsterdam,77,70,3,2,1,2028
https://www.funda.nl/en/detail/koop/amsterdam/appartement-woestduinstraat-16-k/44402018/,595000,1058 TE Amsterdam,69,90,2,1,1,2016
https://www.funda.nl/en/detail/koop/amsterdam/appartement-driekamerappartement-bouwnr-7/43732543/,470000,1087 VA Amsterdam,73,50,3,2,1,2026
https://www.funda.nl/en/detail/koop/amsterdam/appartement-ijburglaan-794/44410502/,625000,1087 EM Amsterdam,98,90,3,1,1,2003
https://www.funda.nl/en/detail/koop/amsterdam/appartement-grasweg-388/43885382/,1200000,1031 HX Amsterdam,114,30,4,3,1,2020
https://www.funda.nl/en/detail/koop/amsterdam/appartement-3-kamersappartement-bouwnr-d0207/43344884/,498840,1068 MT Amsterdam,69,30,3,2,1,2026
https://www.funda.nl/en/detail/koop/amsterdam/appartement-blauwvoetstraat-14-h/44489714/,595000,1061 BV Amsterdam,80,160,5,3,1,1952
https://www.funda.nl/en/detail/koop/amsterdam/appartement-oostenburgergracht-1-f/44404226/,595000,1018 NA Amsterdam,73,160,3,2,1,1990
https://www.funda.nl/en/detail/koop/amsterdam/appartement-zeeburgerkade-48/44414523/,650000,1019 HG Amsterdam,106,210,3,2,1,1905
https://www.funda.nl/en/detail/koop/amsterdam/appartement-baarsjesweg-167-3/44427379/,435000,1057 HN Amsterdam,49,90,2,1,1,1925
https://www.funda.nl/en/detail/koop/amsterdam/appartement-minervalaan-23-3/43331825/,1650000,1077 NK Amsterdam,168,160,5,4,1,1927
https://www.funda.nl/en/detail/koop/amsterdam/appartement-prinsengracht-56-3/44496728/,1365000,1015 DX Amsterdam,101,160,5,3,1,1905
https://www.funda.nl/en/detail/koop/amsterdam/appartement-kanaalstraat-157-3/44417288/,525000,1054 XE Amsterdam,53,160,3,2,1,1907
https://www.funda.nl/en/detail/koop/amsterdam/appartement-boeninlaan-252/44473027/,400000,1102 TP Amsterdam,87,120,5,4,1,1985
https://www.funda.nl/en/detail/koop/amsterdam/appartement-baarsjesweg-232-1/44498369/,525000,1058 AA Amsterdam,54,160,3,2,1,1928
https://www.funda.nl/en/detail/koop/amsterdam/appartement-robert-fruinlaan-16-2/43309440/,325000,1065 XW Amsterdam,66,275,4,3,1,1956
https://www.funda.nl/en/detail/koop/amsterdam/appartement-karel-klinkenbergstraat-1-f/44467372/,795000,1061 AH Amsterdam,119,90,3,2,1,2019
https://www.funda.nl/en/detail/koop/amsterdam/appartement-camperstraat-18-d/43344837/,700000,1091 AG Amsterdam,81,90,3,2,1,2010
https://www.funda.nl/en/detail/koop/amsterdam/appartement-postjeskade-217-1/44417599/,550000,1058 DV Amsterdam,67,90,3,2,1,1935
https://www.funda.nl/en/detail/koop/amsterdam/appartement-boeroestraat-108/44480584/,400000,1095 WB Amsterdam,46,120,2,1,1,1990
https://www.funda.nl/en/detail/koop/amsterdam/appartement-orange-polly-bouwnr-125/43169657/,382000,1032 KW Amsterdam,43,30,2,1,1,2025
https://www.funda.nl/en/detail/koop/amsterdam/appartement-hogehilweg-12-b71/43381305/,769000,1101 CD Amsterdam,114,50,3,2,1,2026
https://www.funda.nl/en/detail/koop/amsterdam/appartement-egelantiersgracht-91-2/44407564/,385000,1015 RE Amsterdam,40,160,3,2,1,1904
https://www.funda.nl/en/detail/koop/amsterdam/appartement-henrick-de-keijserplein-20-3/44401269/,1300000,1073 SX Amsterdam,146,210,5,4,1,1916
https://www.funda.nl/en/detail/koop/amsterdam/appartement-wijttenbachstraat-51-d/44461726/,485000,1093 HV Amsterdam,48,120,2,1,1,1884
https://www.funda.nl/en/detail/koop/amsterdam/appartement-jan-evertsenstraat-106-3/44416196/,795000,1056 EH Amsterdam,92,160,5,2,1,1925
https://www.funda.nl/en/detail/koop/amsterdam/appartement-hertspieghelweg-58-1/43228253/,450000,1055 KR Amsterdam,64,160,3,2,1,1950
https://www.funda.nl/en/detail/koop/amsterdam/appartement-spinaker-217/80822486/,399000,1034 MK Amsterdam,92,160,4,3,1,1977
https://www.funda.nl/en/detail/koop/amsterdam/appartement-maria-beshof-42/44427646/,400000,1065 WC Amsterdam,50,30,2,1,1,2024
https://www.funda.nl/en/detail/koop/amsterdam/appartement-h-cleyndertweg-335/43346132/,400000,1025 DP Amsterdam,88,120,3,2,1,1974
https://www.funda.nl/en/detail/koop/amsterdam/appartement-ceintuurbaan-208-3/44427421/,1450000,1072 GD Amsterdam,153,90,4,3,1,1900
https://www.funda.nl/en/detail/koop/amsterdam/appartement-badhuiskade-181/44484863/,985000,1031 KV Amsterdam,111,30,4,2,1,2022
https://www.funda.nl/en/detail/koop/amsterdam/appartement-stadswoning-bouwnummer-145-bouwnr-145/43242764/,912238,1019 AK Amsterdam,108,70,4,3,1,2028
https://www.funda.nl/en/detail/koop/amsterdam/appartement-weesperzijde-99-d/44428782/,1075000,1091 EL Amsterdam,93,90,2,1,1,1896
https://www.funda.nl/en/detail/koop/amsterdam/appartement-uiterwaardenstraat-268-1/44410459/,400000,1079 CZ Amsterdam,49,160,2,1,1,1938
https://www.funda.nl/en/detail/koop/amsterdam/appartement-marnixstraat-384-1/43340917/,650000,1017 PL Amsterdam,63,90,3,2,1,1888
https://www.funda.nl/en/detail/koop/amsterdam/appartement-vossiusstraat-18-3/44413061/,1740000,1071 AC Amsterdam,124,90,4,3,1,1879
https://www.funda.nl/en/detail/koop/amsterdam/appartement-zeeburgerkade-936/44416748/,1675000,1019 VK Amsterdam,171,90,4,3,1,2021
https://www.funda.nl/en/detail/koop/amsterdam/appartement-lauriergracht-92-h/43315988/,1250000,1016 RN Amsterdam,147,160,4,3,1,1839
https://www.funda.nl/en/detail/koop/amsterdam/appartement-van-hallstraat-3-1/44478457/,750000,1051 GW Amsterdam,87,210,3,2,1,1918
https://www.funda.nl/en/detail/koop/amsterdam/appartement-wethouder-serrurierstraat-15/44421869/,350000,1107 CD Amsterdam,78,90,4,3,1,1985
https://www.funda.nl/en/detail/koop/amsterdam/appartement-de-lairessestraat-86-h/43332546/,2750000,1071 PH Amsterdam,236,90,7,5,1,1915
https://www.funda.nl/en/detail/koop/amsterdam/appartement-honselersdijkstraat-30-3/89703514/,420000,1059 GD Amsterdam,61,160,3,2,1,1960
https://www.funda.nl/en/detail/koop/amsterdam/appartement-jh-hisgenpad-1076/89636468/,535000,1025 WK Amsterdam,87,30,3,2,1,2023
https://www.funda.nl/en/detail/koop/amsterdam/appartement-wethouder-frankeweg-18-1/44414036/,975000,1098 LA Amsterdam,143,160,8,4,1,1909
https://www.funda.nl/en/detail/koop/amsterdam/appartement-johannes-verhulststraat-135-2/44414371/,2650000,1071 NA Amsterdam,170,30,6,5,1,1904
https://www.funda.nl/en/detail/koop/amsterdam/appartement-sam-van-houtenstraat-197-e/43312346/,600000,1067 JG Amsterdam,131,90,4,3,1,2006
https://www.funda.nl/en/detail/koop/amsterdam/appartement-stadswoning-bouwnummer-143-bouwnr-143/43242652/,912238,1019 AK Amsterdam,108,70,4,3,1,2028
https://www.funda.nl/en/detail/koop/amsterdam/appartement-van-kinsbergenstraat-94/80812021/,700000,1057 PT Amsterdam,73,70,3,2,1,2011
https://www.funda.nl/en/detail/koop/amsterdam/appartement-bos-en-lommerweg-97-3/44404158/,400000,1055 DP Amsterdam,52,350,4,3,1,1933
https://www.funda.nl/en/detail/koop/amsterdam/appartement-twee-koningskinderenstraat-13-3/44490013/,425000,1055 DJ Amsterdam,53,160,3,2,1,1950
https://www.funda.nl/en/detail/koop/amsterdam/appartement-terrasappartement-bouwnr-51/43053813/,950000,1061 AV Amsterdam,111,30,4,3,1,2027
https://www.funda.nl/en/detail/koop/amsterdam/appartement-van-boshuizenstraat-375/44498799/,425000,1082 AP Amsterdam,67,160,3,1,1,1964
https://www.funda.nl/en/detail/koop/amsterdam/appartement-daguerrestraat-7/44413790/,525000,1087 BR Amsterdam,85,90,3,2,1,2006
https://www.funda.nl/en/detail/koop/amsterdam/appartement-kanaalstraat-194-1/44452530/,475000,1054 XS Amsterdam,48,160,2,1,1,1918
https://www.funda.nl/en/detail/koop/amsterdam/appartement-jisperveldstraat-86/44455791/,600000,1024 AD Amsterdam,119,160,4,3,1,1967
https://www.funda.nl/en/detail/koop/amsterdam/appartement-van-gentstraat-30-2/44466522/,400000,1055 PG Amsterdam,48,350,3,2,1,1936
https://www.funda.nl/en/detail/koop/amsterdam/appartement-stadhouderskade-49-h/44491471/,1100000,1072 AA Amsterdam,120,160,4,2,1,1906
https://www.funda.nl/en/detail/koop/amsterdam/appartement-crynssenstraat-60-3/43345923/,525000,1058 XZ Amsterdam,61,350,4,3,1,1918
https://www.funda.nl/en/detail/koop/amsterdam/appartement-jan-luijkenstraat-6-4/44460007/,750000,1071 CM Amsterdam,63,90,3,2,1,1896
https://www.funda.nl/en/detail/koop/amsterdam/appartement-rustenburgerstraat-361-3/44486594/,700000,1072 GT Amsterdam,58,70,3,2,1,1905
https://www.funda.nl/en/detail/koop/amsterdam/appartement-het-breed-707/80831483/,339000,1025 JA Amsterdam,63,275,2,1,1,1972
https://www.funda.nl/en/detail/koop/amsterdam/appartement-silodam-129-b/44492404/,1175000,1013 AS Amsterdam,159,70,4,3,1,1898
https://www.funda.nl/en/detail/koop/amsterdam/appartement-aalsmeerweg-84-1/44478284/,535000,1059 AM Amsterdam,62,160,3,2,1,1935
https://www.funda.nl/en/detail/koop/amsterdam/appartement-binnen-bantammerstraat-3-1/43312121/,850000,1011 CH Amsterdam,142,350,5,3,1,1850
https://www.funda.nl/en/detail/koop/amsterdam/appartement-jm-den-uylstraat-66/44474472/,355000,1067 WD Amsterdam,72,90,3,2,1,1991
https://www.funda.nl/en/detail/koop/amsterdam/appartement-tweekamer-appartement-bouwnr-13/43732545/,365000,1087 VA Amsterdam,58,50,2,1,1,2026
https://www.funda.nl/en/detail/koop/amsterdam/appartement-zeeburgerstraat-72/44479807/,700000,1018 AG Amsterdam,99,275,3,2,1,1977
https://www.funda.nl/en/detail/koop/amsterdam/appartement-potgieterstraat-61-h/44485316/,860000,1053 XT Amsterdam,92,160,4,2,1,1890
https://www.funda.nl/en/detail/koop/amsterdam/appartement-pieter-de-hoochstraat-9-a/44463670/,4450000,1071 ED Amsterdam,270,70,4,2,1,2012
https://www.funda.nl/en/detail/koop/amsterdam/appartement-govert-flinckstraat-322-h/43302869/,1475000,1073 CJ Amsterdam,162,90,4,3,1,1882
https://www.funda.nl/en/detail/koop/amsterdam/appartement-cornelis-van-rijplantsoen-25/43956556/,480000,1063 MC Amsterdam,93,160,3,2,1,1995
https://www.funda.nl/en/detail/koop/amsterdam/appartement-woubruggestraat-9-1/44460828/,475000,1059 VN Amsterdam,54,160,3,2,1,1918
https://www.funda.nl/en/detail/koop/amsterdam/appartement-funenpark-203-b/44458944/,595000,1018 AK Amsterdam,63,90,3,2,1,2002
https://www.funda.nl/en/detail/koop/amsterdam/appartement-penthouse-bouwnr-72/43368406/,945000,1087 LA Amsterdam,135,30,5,4,1,2027
https://www.funda.nl/en/detail/koop/amsterdam/appartement-droogbak-2-e/80881482/,675000,1013 GE Amsterdam,84,90,2,1,1,1721
https://www.funda.nl/en/detail/koop/amsterdam/appartement-da-costakade-20-a/43277779/,635000,1052 SJ Amsterdam,72,90,3,2,1,1995
https://www.funda.nl/en/detail/koop/amsterdam/appartement-balistraat-95-3/80875790/,465000,1094 JG Amsterdam,55,210,2,1,1,1913
https://www.funda.nl/en/detail/koop/amsterdam/appartement-nachtwachtlaan-93/80852204/,689000,1058 EC Amsterdam,99,160,4,3,1,1972
https://www.funda.nl/en/detail/koop/amsterdam/appartement-saffierstraat-3-b/44498126/,500000,1074 GH Amsterdam,58,350,3,2,1,1925
https://www.funda.nl/en/detail/koop/amsterdam/appartement-herengracht-375-h/44452110/,950000,1016 BC Amsterdam,96,160,4,2,1,1941
https://www.funda.nl/en/detail/koop/amsterdam/appartement-special-bouwnummer-5-bouwnr-5/43143745/,958807,1019 AK Amsterdam,128,70,4,3,1,2028
https://www.funda.nl/en/detail/koop/amsterdam/appartement-eendrachtstraat-8-2/44495242/,799000,1078 XX Amsterdam,96,275,5,3,1,1929
https://www.funda.nl/en/detail/koop/amsterdam/appartement-aalsmeerweg-127-3/44401772/,595000,1059 AH Amsterdam,83,90,4,3,1,1933
https://www.funda.nl/en/detail/koop/amsterdam/appartement-overamstelstraat-2-4/80853439/,599000,1091 TN Amsterdam,67,120,3,2,1,1911
https://www.funda.nl/en/detail/koop/amsterdam/appartement-mary-van-der-sluisstraat-526/80854274/,625000,1095 ME Amsterdam,99,70,4,3,1,2016
https://www.funda.nl/en/detail/koop/amsterdam/appartement-derde-hugo-de-grootstraat-31-3/80867150/,415000,1052 LK Amsterdam,52,210,3,2,1,1894
https://www.funda.nl/en/detail/koop/amsterdam/appartement-van-hogendorpstraat-60-1/44493400/,385000,1051 BR Amsterdam,38,120,2,1,1,1899
https://www.funda.nl/en/detail/koop/amsterdam/appartement-ijburglaan-415/89797003/,575000,1086 ZJ Amsterdam,93,90,4,3,1,2009
https://www.funda.nl/en/detail/koop/amsterdam/appartement-wenslauerstraat-76-2/80872711/,375000,1053 BB Amsterdam,36,90,2,1,1,1921
https://www.funda.nl/en/detail/koop/amsterdam/appartement-eerste-hugo-de-grootstraat-15-3/89698218/,800000,1052 KM Amsterdam,88,210,4,2,1,1895
https://www.funda.nl/en/detail/koop/amsterdam/appartement-singel-62-2a/89702042/,485000,1015 AB Amsterdam,50,210,2,1,1,1638
https://www.funda.nl/en/detail/koop/amsterdam/appartement-s-f-van-ossstraat-342/80860213/,332000,1068 JS Amsterdam,77,160,4,3,1,1965
https://www.funda.nl/en/detail/koop/amsterdam/appartement-srefidensiplein-224/80881421/,400000,1087 VE Amsterdam,64,30,3,2,1,2023
https://www.funda.nl/en/detail/koop/amsterdam/appartement-werengouw-210/43393641/,695000,1024 NN Amsterdam,95,30,4,3,1,2025
https://www.funda.nl/en/detail/koop/amsterdam/appartement-raamplein-16/44489912/,699000,1016 XK Amsterdam,78,90,3,2,1,1989
https://www.funda.nl/en/detail/koop/amsterdam/appartement-korte-leidsedwarsstraat-171-1/44473610/,960000,1017 RA Amsterdam,128,210,6,3,3,1905
https://www.funda.nl/en/detail/koop/amsterdam/appartement-willem-de-zwijgerlaan-121-3/80881196/,495000,1056 JK Amsterdam,57,350,4,2,1,1934
https://www.funda.nl/en/detail/koop/amsterdam/appartement-oranje-nassaulaan-17-d/43398507/,1685000,1075 AH Amsterdam,76,50,3,2,1,1918
https://www.funda.nl/en/detail/koop/amsterdam/appartement-type-a-bouwnr-3/43229765/,950000,1081 LA Amsterdam,72,30,3,2,1,2020
https://www.funda.nl/en/detail/koop/amsterdam/appartement-zocherstraat-73-4b/80845270/,662400,1054 LV Amsterdam,48,90,2,1,1,1917
https://www.funda.nl/en/detail/koop/amsterdam/appartement-volharding-42/44499240/,385000,1068 RG Amsterdam,74,160,3,2,1,1987
https://www.funda.nl/en/detail/koop/amsterdam/appartement-ruimzicht-191/44476334/,325000,1068 CT Amsterdam,53,210,2,1,1,1965
https://www.funda.nl/en/detail/koop/amsterdam/appartement-heemstedestraat-39-2/44403288/,495000,1059 CZ Amsterdam,55,160,3,2,1,1933
https://www.funda.nl/en/detail/koop/amsterdam/appartement-amsteldijk-162-1/44401650/,995000,1079 LH Amsterdam,120,160,5,4,1,1927
https://www.funda.nl/en/detail/koop/amsterdam/appartement-ceramiquelaan-29/43102434/,875000,1031 KG Amsterdam,107,50,3,2,1,2012
https://www.funda.nl/en/detail/koop/amsterdam/appartement-geuzenkade-79-2/44493001/,465000,1056 KP Amsterdam,48,210,2,1,1,2020
https://www.funda.nl/en/detail/koop/amsterdam/appartement-johan-greivestraat-99/44402862/,808750,1061 AT Amsterdam,97,30,3,2,1,2020
https://www.funda.nl/en/detail/koop/amsterdam/appartement-leksmondhof-356/80885219/,375000,1108 GD Amsterdam,90,90,4,3,1,1979
https://www.funda.nl/en/detail/koop/amsterdam/appartement-emmy-andriessestraat-352/80844095/,650000,1087 LS Amsterdam,107,70,3,2,1,2009
https://www.funda.nl/en/detail/koop/amsterdam/appartement-franz-zieglerstraat-26/43346271/,1900000,1087 HN Amsterdam,283,90,6,3,1,2008
https://www.funda.nl/en/detail/koop/amsterdam/appartement-kinderdijkstraat-28-2/80821164/,500000,1079 GJ Amsterdam,60,275,3,2,1,1934
https://www.funda.nl/en/detail/koop/amsterdam/appartement-javastraat-172-h/44406903/,650000,1095 CM Amsterdam,76,160,3,2,1,1923
https://www.funda.nl/en/detail/koop/amsterdam/appartement-zeeburgerdijk-780/80843438/,800000,1095 LG Amsterdam,112,90,3,2,1,2002
https://www.funda.nl/en/detail/koop/amsterdam/appartement-egelantiersstraat-146/44498043/,700000,1015 PS Amsterdam,68,70,3,2,1,1980
https://www.funda.nl/en/detail/koop/amsterdam/appartement-beethovenstraat-90-3/44483512/,1200000,1077 JN Amsterdam,145,210,4,3,1,1938
https://www.funda.nl/en/detail/koop/amsterdam/appartement-tolstraat-6-d/80835264/,700000,1073 SB Amsterdam,79,120,3,2,1,2005
https://www.funda.nl/en/detail/koop/amsterdam/appartement-eemsstraat-8-h/44470621/,495000,1079 TG Amsterdam,57,160,2,1,1,1934
https://www.funda.nl/en/detail/koop/amsterdam/appartement-parkvilla-9-3-kamer-appartement-mizu-bouwnr-37/44405442/,560000,1022 LA Amsterdam,88,30,3,2,1,2020
https://www.funda.nl/en/detail/koop/amsterdam/appartement-terrasappartement-bouwnr-29/43053882/,930000,1061 AV Amsterdam,108,30,4,3,1,2027
